use ffib;

INSERT INTO `Categoria` (`id_categoria`,`nom`)
VALUES
(1,'AFICIONADOS'),
(2,'FEMENINO'),
(3,'JUVENILES'),
(4,'CADETES'),
(5,'INFANTILES'),
(6,'ALEVINES'),
(7,'BENJAMINES'),
(8,'PREBENJAMINES');

INSERT INTO `Subcategoria` (`id_subcategoria`,`nom`,`id_categoria`)
VALUES
(9,'TERCERA FEDERACION',1),
(10,'PREFERENTE REGIONAL MALLORCA',1),
(11,'PRIMERA REGIONAL MALLORCA',1),
(12,'SEGUNDA REGIONAL MALLORCA',1),
(13,'PREFERENTE REGIONAL IBIZA Y FORMENTERA',1),
(14,'PREFERENTE REGIONAL MENORCA',1),
(15,'FEMENINA REGIONAL MALLORCA',2),
(16,'SEGUNDA FEDERACION DE FUTBOL FEMENINO',2),
(17,'TERCERA FEDERACIÓN DE FUTBOL FEMENINO',2),
(18,'FUTBOL 7 FEMENINO ALEVÍN/INFANTIL MALLORCA',2),
(19,'FUTBOL 7 AFICIONADAS FEMENINO MALLORCA',2),
(20,'LLIGA 5 FEMENI ALEVI/INFANTIL',2),
(21,'JUVENIL PREFERENTE MALLORCA',3),
(22,'JUVENIL PRIMERA REGIONAL MALLORCA',3),
(23,'DIVISION DE HONOR JUVENIL',3),
(24,'JUVENIL PREFERENTE IBIZA Y FORMENTERA',3),
(25,'JUVENIL PREFERENTE MENORCA',3),
(26,'CADETE AUTONÓMICA',4),
(27,'CADETE PREFERENTE MALLORCA',4),
(28,'CADETE PRIMERA REGIONAL MALLORCA',4),
(29,'CADETE PREFERENTE IBIZA Y FORMENTERA',4),
(30,'CADETE PRIMERA REGIONAL IBIZA Y FORMENTERA',4),
(31,'CADETE PREFERENTE MENORCA',4),
(32,'CADETE PRIMERA REGIONAL MENORCA',4),
(33,'INFANTIL PREFERENTE MALLORCA',5),
(34,'INFANTIL PRIMERA REGIONAL MALLORCA',5),
(35,'INFANTIL SEGUNDA REGIONAL MALLORCA',5),
(36,'INFANTIL PREFERENTE IBIZA Y FORMENTERA',5),
(37,'INFANTIL PREFERENTE MENORCA',5),
(38,'INFANTIL PRIMERA REGIONAL IBIZA Y FORMENTERA',5),
(39,'INFANTIL SUB 13 MALLORCA',5),
(40,'INFANTIL FUTBOL 7 MALLORCA',5),
(41,'INFANTIL PRIMERA REGIONAL MENORCA',5),
(42,'DIVISIÓN DE HONOR ALEVÍN MALLORCA',6),
(43,'ALEVIN PREFERENTE MALLORCA',6),
(44,'ALEVIN 1ª MALLORCA',6),
(45,'ALEVÍN PREFERENTE IBIZA Y FORMENTERA',6),
(46,'ALEVIN SUB-11 IBIZA-FORMENTERA',6),
(47,'DIVISIÓN DE HONOR ALEVIN IBIZA Y FORMENTERA',6),
(48,'ALEVIN SUB-11 PREFERENTE',6),
(49,'ALEVIN SUB-11 1ª REGIONAL MALLORCA',6),
(50,'DIVISIÓN DE HONOR ALEVIN MENORCA',6),
(51,'ALEVÍN PREFERENTE MENORCA',6),
(52,'ALEVIN SUB-11 MENORCA',6),
(53,'DIVISIÓN DE HONOR BENJAMIN MALLORCA',7),
(54,'BENJAMINES PREFERENTE MALLORCA',7),
(55,'BENJAMINES 1ª REGIONAL MALLORCA',7),
(56,'DIVISIÓN DE HONOR BENJAMIN IBIZA Y FORMENTERA',7),
(57,'BENJAMÍN PREFERENTE IBIZA Y FORMENTERA',7),
(58,'BENJAMIN SUB-9 PREFERENTE MALLORCA',7),
(59,'BENJAMINES SUB-9 1ª REGIONAL MALLORCA',7),
(60,'DIVISIÓN DE HONOR BENJAMIN MENORCA',7),
(61,'BENJAMIN SUB-9 MENORCA',7),
(62,'BENJAMIN SUB-9 IBIZA-FORMENTERA',7),
(63,'BENJAMÍN PREFERENTE MENORCA',7),
(64,'PRE BENJAMIN SUB-7 IBIZA Y FORMENTERA',8),
(65,'PRE BENJAMIN DIVISIÓN DE HONOR MALLORCA',8),
(66,'PRE BENJAMIN PREFERENTE MALLORCA',8),
(67,'PRE BENJAMIN 1ª REGIONAL MALLORCA',8),
(68,'PRE BENJAMIN SUB-7 PREFERENTE MALLORCA',8),
(69,'PRE BENJAMIN SUB-7 1ª REGIONAL MALLORCA',8),
(70,'PRE BENJAMIN DIVISIÓN DE HONOR IBIZA Y FORMENTERA',8),
(71,'PRE BENJAMÍN PREFERENTE IBIZA Y FORMENTERA',8),
(72,'PRE BENJAMÍN PREFERENTE MENORCA',8),
(73,'PRE BENJAMIN DIVISIÓN DE HONOR MENORCA',8);

INSERT INTO `camp` (`id_camp`,`nom`,`carrer`,`localitzacio`,`tipus`,`clase`,`serveis`,`codi_postal`)
VALUES
(1,'MIGUEL PONS ( Binissalem)F-11','Calle de San Miguel,12',null,'Herba sintètica','Futbol 11','Vallat,Sala antidopatge',NULL),
(2,'MIGUEL PONS ( Binissalem)F-7A','Avenida Jaime III,45',null,'Gespa natural','Futbol 11','Despatx Arbitral,Sala antidopatge',NULL),
(3,'MIGUEL PONS ( Binissalem) F-7B','Calle de Arxiduc Lluís Salvador,28',null,'Gespa natural','Futbol 11','Vallat,Despatx Arbitral',NULL),
(4,'ESTADIO BALEAR','Carrer de la Unió,17',null,'Herba sintètica','Futbol 11','Sala antidopatge,Despatx Arbitral',NULL),
(5,'SON MALFERIT F-11','Paseo del Borne,8',null,'Herba sintètica','Futbol 11','Vallat,Sala antidopatge',NULL),
(6,'SON MALFERIT F-7 A','Avenida Gabriel Alomar,19',null,'Terra/Terreny','Futbol 11','Vallat,Sala antidopatge',NULL),
(7,'SON MALFERIT F-7 B','Calle Blanquerna,33',null,'Terra/Terreny','Futbol 11','Sala antidopatge,Despatx Arbitral',NULL),
(8,'SON MALFERIT F-7','Plaza Mayor,3',null,'Sorra','Futbol 11','Vallat,Sala antidopatge',NULL),
(9,'ESTADI MAONÉS DE MAÓ','Calle de la Industria,21',null,'Herba sintètica','Futbol 11','Internet,Vallat',NULL),
(10,'NOU CAMP DE INCA 1','Carrer del Sindicat,6',null,'Herba sintètica','Futbol 11','Sala antidopatge,Internet',NULL),
(11,'C.SALLISTA ( Inca) F-11','Calle del Marquès de la Sènia,44',null,'Gespa natural','Futbol 11','Sala antidopatge,Internet',NULL),
(12,'C.SALLISTA ( Inca) F-7 B','Calle de Rubén Darío,15',null,'Sorra','Futbol 11','Internet,Vallat',NULL),
(13,'C.SALLISTA ( Inca) F-7 C','Carrer de Sant Miquel,51',null,'Mixt (híbrid)','Futbol 11','Internet,Despatx Arbitral',NULL),
(14,'C.SALLISTA ( Inca) F-7 A','Calle de Joan Miró,29',null,'Sorra','Futbol 11','Vallat,Internet',NULL),
(15,'SANT CARLOS DE MAÓ','Calle de Manacor,10',null,'Gespa artificial','Futbol 11','Internet,Sala antidopatge',NULL),
(16,'SANT CARLOS DE MAÓ F7 A','Paseo Marítimo,50',null,'Sorra','Futbol 11','Internet,Despatx Arbitral',NULL),
(17,'SANT CARLOS DE MAÓ F7 B','Carrer del General Riera,9',null,'Grava','Futbol 11','Vallat,Despatx Arbitral',NULL),
(18,'CAMP MUNICIPAL DE (Consell) F-11','Calle de Blanquerna,22',null,'Sorra','Futbol 11','Internet,Vallat',NULL),
(19,'CAMP MUNICIPAL DE (Consell) F-7','Carrer de Jaume III,1',null,'Gespa natural','Futbol 11','Internet,Despatx Arbitral',NULL),
(20,'SANT BARTOMEU DE FERRERIES','Calle de Eusebi Estada,37',null,'Mixt (híbrid)','Futbol 11','Sala antidopatge,Despatx Arbitral',NULL),
(21,'ANEXE SANT BARTOMEU DE FERRERIES','Calle de San Miguel,12',null,'Terra/Terreny','Futbol 11','Vallat,Internet',NULL),
(22,'PORRERES F-11','Avenida Jaime III,45',null,'Gespa artificial','Futbol 11','Internet,Despatx Arbitral',NULL),
(23,'NA CAPELLERA (Manacor) F-11','Calle de Arxiduc Lluís Salvador,28',null,'Gespa natural','Futbol 11','Internet,Despatx Arbitral',NULL),
(24,'NA CAPELLERA ( Manacor) F-7 B','Carrer de la Unió,17',null,'Terra/Terreny','Futbol 11','Despatx Arbitral,Vallat',NULL),
(25,'NA CAPELLERA ( Manacor) F-7 A','Paseo del Borne,8',null,'Sorra','Futbol 11','Despatx Arbitral,Internet',NULL),
(26,'SANT ANTONI DE PORTMANY','Avenida Gabriel Alomar,19',null,'Gespa artificial','Futbol 11','Despatx Arbitral,Vallat',NULL),
(27,'SANT ANTONI DE PORTMANY F-8 B','Calle Blanquerna,33',null,'Grava','Futbol 11','Internet,Despatx Arbitral',NULL),
(28,'CAMP D''ES MOLETER ( Sant Llorenç) F-11','Plaza Mayor,3',null,'Herba sintètica','Futbol 11','Internet,Sala antidopatge',NULL),
(29,'CAMP D''ES MOLETER ( Sant Llorenç) F-7 B','Calle de la Industria,21',null,'Gespa artificial','Futbol 11','Sala antidopatge,Internet',NULL),
(30,'CAMP MUN ES PUIG (Lloseta) F-11','Carrer del Sindicat,6',null,'Sorra','Futbol 11','Internet,Sala antidopatge',NULL),
(31,'CAMP MUN ES PUIG (Lloseta)F-7','Calle del Marquès de la Sènia,44',null,'Terra/Terreny','Futbol 11','Despatx Arbitral,Sala antidopatge',NULL),
(32,'(CAMP MUN ES PUIG Lloseta) F-7 B','Calle de Rubén Darío,15',null,'Gespa natural','Futbol 11','Vallat,Sala antidopatge',NULL),
(33,'CAMP MUN ES PUIG (Lloseta) F-7 A','Carrer de Sant Miquel,51',null,'Mixt (híbrid)','Futbol 11','Sala antidopatge,Despatx Arbitral',NULL),
(34,'SA POBLA1','Calle de Joan Miró,29',null,'Mixt (híbrid)','Futbol 11','Sala antidopatge,Vallat',NULL),
(35,'POL.M.SA POBLA F-11','Calle de Manacor,10',null,'Grava','Futbol 11','Vallat,Sala antidopatge',NULL),
(36,'POL.M.SA POBLA F-7 A','Paseo Marítimo,50',null,'Mixt (híbrid)','Futbol 11','Internet,Despatx Arbitral',NULL),
(37,'CAMP NA CAPITANA ( Petra) F-11','Carrer del General Riera,9',null,'Sorra','Futbol 11','Vallat,Sala antidopatge',NULL),
(38,'CAMP NA CAPITANA (Petra) F-7 A','Calle de Blanquerna,22',null,'Grava','Futbol 11','Internet,Sala antidopatge',NULL),
(39,'LOS PINOS D''ALAIOR','Carrer de Jaume III,1',null,'Grava','Futbol 11','Vallat,Sala antidopatge',NULL),
(40,'LOS PINOS D´ALAIOR','Calle de Eusebi Estada,37',null,'Mixt (híbrid)','Futbol 11','Sala antidopatge,Despatx Arbitral',NULL),
(41,'POL. LA SALLE','Calle de San Miguel,12',null,'Terra/Terreny','Futbol 11','Vallat,Sala antidopatge',NULL),
(42,'POL. LA SALLE F-7 A','Avenida Jaime III,45',null,'Mixt (híbrid)','Futbol 11','Internet,Vallat',NULL),
(43,'POL. LA SALLE F-7 B','Calle de Arxiduc Lluís Salvador,28',null,'Gespa natural','Futbol 11','Vallat,Despatx Arbitral',NULL),
(44,'POL. LA SALLE F-7 C','Carrer de la Unió,17',null,'Gespa natural','Futbol 11','Despatx Arbitral,Sala antidopatge',NULL),
(45,'SON MOIX','Paseo del Borne,8',null,'Grava','Futbol 11','Sala antidopatge,Despatx Arbitral',NULL),
(46,'SON BIBILONI 1','Avenida Gabriel Alomar,19',null,'Herba sintètica','Futbol 11','Despatx Arbitral,Vallat',NULL),
(47,'SON BIBILONI 2','Calle Blanquerna,33',null,'Herba sintètica','Futbol 11','Vallat,Sala antidopatge',NULL),
(48,'SOLLER F-11','Plaza Mayor,3',null,'Herba sintètica','Futbol 11','Despatx Arbitral,Sala antidopatge',NULL),
(49,'SOLLER F-7 B','Calle de la Industria,21',null,'Terra/Terreny','Futbol 11','Internet,Despatx Arbitral',NULL),
(50,'SOLLER F-7 A','Carrer del Sindicat,6',null,'Mixt (híbrid)','Futbol 11','Sala antidopatge,Internet',NULL),
(51,'PM ES PUIG SOLLER FS','Calle del Marquès de la Sènia,44',null,'Mixt (híbrid)','Futbol 11','Despatx Arbitral,Sala antidopatge',NULL),
(52,'ES TORRENTÓ - MARIONA CALDENTEY ( Felanitx) F-11','Calle de Rubén Darío,15',null,'Grava','Futbol 11','Internet,Vallat',NULL),
(53,'ES TORRENTÓ - MARIONA CALDENTEY( Felanitx) F-7A','Carrer de Sant Miquel,51',null,'Herba sintètica','Futbol 11','Vallat,Sala antidopatge',NULL),
(54,'ES TORRENTÓ- MARIONA CALDENTEY (Felanitx) F-7B','Calle de Joan Miró,29',null,'Gespa artificial','Futbol 11','Sala antidopatge,Despatx Arbitral',NULL),
(55,'SINEU F-11','Calle de Manacor,10',null,'Grava','Futbol 11','Internet,Vallat',NULL),
(56,'SINEU F-7B','Paseo Marítimo,50',null,'Mixt (híbrid)','Futbol 11','Internet,Sala antidopatge',NULL),
(57,'SINEU F-7A','Carrer del General Riera,9',null,'Herba sintètica','Futbol 11','Sala antidopatge,Despatx Arbitral',NULL),
(58,'LLUCMAJOR F-11','Calle de Blanquerna,22',null,'Sorra','Futbol 11','Sala antidopatge,Despatx Arbitral',NULL),
(59,'LLUCMAJOR 2 F-11 ANEX','Carrer de Jaume III,1',null,'Gespa artificial','Futbol 11','Sala antidopatge,Despatx Arbitral',NULL),
(60,'LLUCMAJOR F-7 A','Calle de Eusebi Estada,37',null,'Grava','Futbol 11','Vallat,Despatx Arbitral',NULL),
(61,'LLUCMAJOR F-7 C','Calle de San Miguel,12',null,'Gespa artificial','Futbol 11','Internet,Vallat',NULL),
(62,'P.M. LLUCMAJOR FS','Avenida Jaime III,45',null,'Grava','Futbol 11','Internet,Sala antidopatge',NULL),
(63,'SANT MARTI D''ES MERCADAL','Calle de Arxiduc Lluís Salvador,28',null,'Gespa artificial','Futbol 11','Internet,Vallat',NULL),
(64,'SES PESQUERAS (Artá) F-11','Carrer de la Unió,17',null,'Grava','Futbol 11','Sala antidopatge,Despatx Arbitral',NULL),
(65,'SES PESQUERES (Artá)F-7','Paseo del Borne,8',null,'Herba sintètica','Futbol 11','Vallat,Sala antidopatge',NULL),
(66,'SON SERVERA F-11','Avenida Gabriel Alomar,19',null,'Gespa natural','Futbol 11','Vallat,Despatx Arbitral',NULL),
(67,'SON SERVERA F-7 A','Calle Blanquerna,33',null,'Terra/Terreny','Futbol 11','Sala antidopatge,Internet',NULL),
(68,'SANTA EULARIA DES RIU','Plaza Mayor,3',null,'Terra/Terreny','Futbol 11','Sala antidopatge,Internet',NULL),
(69,'POLIESPORTIU SANTA EULARIA','Calle de la Industria,21',null,'Sorra','Futbol 11','Sala antidopatge,Despatx Arbitral',NULL),
(70,'ES FIGUERAL ( Capdepera) F-11','Carrer del Sindicat,6',null,'Sorra','Futbol 11','Despatx Arbitral,Internet',NULL),
(71,'ES FIGUERAL ( Capdepera) F-7B','Calle del Marquès de la Sènia,44',null,'Sorra','Futbol 11','Internet,Vallat',NULL),
(72,'ES FIGUERAL ( Capdepera) F-7 A','Calle de Rubén Darío,15',null,'Gespa natural','Futbol 11','Sala antidopatge,Despatx Arbitral',NULL),
(73,'CAMP ES MOFARES ( Calvia) F-11','Carrer de Sant Miquel,51',null,'Mixt (híbrid)','Futbol 11','Internet,Sala antidopatge',NULL),
(74,'CAMP ES MOFARES ( Calvia) F-7 - A','Calle de Joan Miró,29',null,'Mixt (híbrid)','Futbol 11','Sala antidopatge,Vallat',NULL),
(75,'CAMP ES MOFARES ( Calvia) F-7 - B','Calle de Manacor,10',null,'Grava','Futbol 11','Vallat,Sala antidopatge',NULL),
(76,'CAMP MUNICIPAL SA PLANA ( Andratx) F-11','Paseo Marítimo,50',null,'Sorra','Futbol 11','Internet,Despatx Arbitral',NULL),
(77,'CAMP MUNICIPAL SA PLANA ( Andratx) F-7B','Carrer del General Riera,9',null,'Terra/Terreny','Futbol 11','Vallat,Despatx Arbitral',NULL),
(78,'CAMP MUNICIPAL SA PLANA ( Andratx) F-7A','Calle de Blanquerna,22',null,'Gespa artificial','Futbol 11','Internet,Despatx Arbitral',NULL),
(79,'P.M. ANDRATX FS','Carrer de Jaume III,1',null,'Mixt (híbrid)','Futbol 11','Internet,Sala antidopatge',NULL),
(80,'SANT ANTONI DE CIUTADELLA','Calle de Eusebi Estada,37',null,'Grava','Futbol 11','Sala antidopatge,Vallat',NULL),
(81,'MURO F-11','Calle de San Miguel,12',null,'Herba sintètica','Futbol 11','Internet,Sala antidopatge',NULL),
(82,'MURO F-7 B','Avenida Jaime III,45',null,'Sorra','Futbol 11','Despatx Arbitral,Internet',NULL),
(83,'MURO F-7 A','Calle de Arxiduc Lluís Salvador,28',null,'Herba sintètica','Futbol 11','Vallat,Internet',NULL),
(84,'SANT RAFEL DE SA CREU','Carrer de la Unió,17',null,'Gespa natural','Futbol 11','Despatx Arbitral,Internet',NULL),
(85,'ES PORTIXOL F-11','Paseo del Borne,8',null,'Grava','Futbol 11','Internet,Despatx Arbitral',NULL),
(86,'ES PORTIXOL F-7 B','Avenida Gabriel Alomar,19',null,'Herba sintètica','Futbol 11','Despatx Arbitral,Internet',NULL),
(87,'ES PORTIXOL F-7 A','Calle Blanquerna,33',null,'Gespa natural','Futbol 11','Despatx Arbitral,Internet',NULL),
(88,'C.MUN.MOLINAR F-11','Plaza Mayor,3',null,'Grava','Futbol 11','Internet,Vallat',NULL),
(89,'C.MUN.MOLINAR F-7','Calle de la Industria,21',null,'Herba sintètica','Futbol 11','Internet,Despatx Arbitral',NULL),
(90,'ALARO F-11','Carrer del Sindicat,6',null,'Terra/Terreny','Futbol 11','Vallat,Sala antidopatge',NULL),
(91,'SES SALINES F-11','Calle del Marquès de la Sènia,44',null,'Terra/Terreny','Futbol 11','Sala antidopatge,Internet',NULL),
(92,'SES SALINES F-7 (A)','Calle de Rubén Darío,15',null,'Gespa artificial','Futbol 11','Despatx Arbitral,Vallat',NULL),
(93,'SES SALINES FS','Carrer de Sant Miquel,51',null,'Herba sintètica','Futbol 11','Vallat,Internet',NULL),
(94,'RAFAL F-11','Calle de Joan Miró,29',null,'Mixt (híbrid)','Futbol 11','Sala antidopatge,Internet',NULL),
(95,'RAFAL F-7 B','Calle de Manacor,10',null,'Sorra','Futbol 11','Despatx Arbitral,Sala antidopatge',NULL),
(96,'RAFAL F-7 A','Paseo Marítimo,50',null,'Herba sintètica','Futbol 11','Despatx Arbitral,Internet',NULL),
(97,'ANTONIANA F-11','Carrer del General Riera,9',null,'Sorra','Futbol 11','Vallat,Despatx Arbitral',NULL),
(98,'ANTONIANA F-7A','Calle de Blanquerna,22',null,'Herba sintètica','Futbol 11','Internet,Sala antidopatge',NULL),
(99,'ANTONIANA F-7B','Carrer de Jaume III,1',null,'Grava','Futbol 11','Internet,Vallat',NULL),
(100,'SANTANYI F-11','Calle de Eusebi Estada,37',null,'Sorra','Futbol 11','Sala antidopatge,Despatx Arbitral',NULL),
(101,'SANTANYI F-7 A','Calle de San Miguel,12',null,'Gespa artificial','Futbol 11','Sala antidopatge,Despatx Arbitral',NULL),
(102,'CAMPOS F-11','Avenida Jaime III,45',null,'Terra/Terreny','Futbol 11','Internet,Despatx Arbitral',NULL),
(103,'CAMPOS F-7 A','Calle de Arxiduc Lluís Salvador,28',null,'Mixt (híbrid)','Futbol 11','Vallat,Internet',NULL),
(104,'CAMPOS F-7 B','Carrer de la Unió,17',null,'Terra/Terreny','Futbol 11','Internet,Despatx Arbitral',NULL),
(105,'MUNICIPAL SAMI DE CIUTADELLA','Paseo del Borne,8',null,'Mixt (híbrid)','Futbol 11','Sala antidopatge,Despatx Arbitral',NULL),
(106,'CAMP MUNICIPAL SAMI DE CIUTADELLA','Avenida Gabriel Alomar,19',null,'Gespa artificial','Futbol 11',null,NULL),
(107,'CAMPO SES COMES ( P. Cristo) F-11','Calle Blanquerna,33',null,'Sorra','Futbol 11','Internet,Vallat',NULL),
(108,'CAMPO SES COMES ( P. Cristo) F-7 A','Plaza Mayor,3',null,'Terra/Terreny','Futbol 11','Vallat,Sala antidopatge',NULL),
(109,'CAMPO SES COMES ( P. Cristo) F-7 B','Calle de la Industria,21',null,'Mixt (híbrid)','Futbol 11','Internet,Sala antidopatge',NULL),
(110,'POL SON MOIX F-11','Carrer del Sindicat,6',null,'Mixt (híbrid)','Futbol 11','Sala antidopatge,Despatx Arbitral',NULL),
(111,'SAN CAYETANO F-7','Calle del Marquès de la Sènia,44',null,'Sorra','Futbol 11','Vallat,Sala antidopatge',NULL),
(112,'FORMENTERA','Calle de Rubén Darío,15',null,'Grava','Futbol 11','Vallat,Sala antidopatge',NULL),
(113,'C.MUN.SON FERRIOL F-11','Carrer de Sant Miquel,51',null,'Grava','Futbol 11','Vallat,Internet',NULL),
(114,'C.MUN.SON FERRIOL F-7 A','Calle de Joan Miró,29',null,'Herba sintètica','Futbol 11','Despatx Arbitral,Vallat',NULL),
(115,'C.MUN.SON FERRIOL F-7','Calle de Manacor,10',null,'Mixt (híbrid)','Futbol 11','Sala antidopatge,Despatx Arbitral',NULL),
(116,'S''INDIOTERIA F-11','Paseo Marítimo,50',null,'Gespa artificial','Futbol 11','Despatx Arbitral,Internet',NULL),
(117,'S´INDIOTERIA F-7 A','Carrer del General Riera,9',null,'Herba sintètica','Futbol 11','Internet,Vallat',NULL),
(118,'S´INDIOTERIA F-7B','Calle de Blanquerna,22',null,'Sorra','Futbol 11','Sala antidopatge,Internet',NULL),
(119,'POL.LA SALLE INTERIOR','Carrer de Jaume III,1',null,'Grava','Futbol 11','Despatx Arbitral,Internet',NULL),
(120,'C.MUN. ARENAL F-11','Calle de Eusebi Estada,37',null,'Sorra','Futbol 11','Vallat,Internet',NULL),
(121,'C.MUN.ARENAL F-7 A','Calle de San Miguel,12',null,'Sorra','Futbol 11','Sala antidopatge,Vallat',NULL),
(122,'C.MUN.ARENAL F-7','Avenida Jaime III,45',null,'Terra/Terreny','Futbol 11','Despatx Arbitral,Internet',NULL),
(123,'P.M. S?ARENAL FS','Calle de Arxiduc Lluís Salvador,28',null,'Gespa natural','Futbol 11','Sala antidopatge,Internet',NULL),
(124,'SON SARDINA F-11','Carrer de la Unió,17',null,'Gespa natural','Futbol 11','Vallat,Internet',NULL),
(125,'SON SARDINA F-7','Paseo del Borne,8',null,'Herba sintètica','Futbol 11','Internet,Vallat',NULL),
(126,'LOS NOGALES D''ES MIGJORN GRAN','Avenida Gabriel Alomar,19',null,'Sorra','Futbol 11','Despatx Arbitral,Internet',NULL),
(127,'CIDE F-11','Calle Blanquerna,33',null,'Gespa artificial','Futbol 11','Vallat,Sala antidopatge',NULL),
(128,'CIDE F-7 B','Plaza Mayor,3',null,'Grava','Futbol 11','Sala antidopatge,Internet',NULL),
(129,'CIDE F-7 A','Calle de la Industria,21',null,'Mixt (híbrid)','Futbol 11','Sala antidopatge,Despatx Arbitral',NULL),
(130,'ES NOU GARROVERAL ( Génova) F-11','Carrer del Sindicat,6',null,'Mixt (híbrid)','Futbol 11','Internet,Vallat',NULL),
(131,'ES NOU GARROVERAL ( Génova) F-7','Calle del Marquès de la Sènia,44',null,'Terra/Terreny','Futbol 11','Sala antidopatge,Internet',NULL),
(132,'SANT JORDI F-11','Calle de Rubén Darío,15',null,'Mixt (híbrid)','Futbol 11','Despatx Arbitral,Internet',NULL),
(133,'SANT JORDI F-7 A','Carrer de Sant Miquel,51',null,'Terra/Terreny','Futbol 11','Internet,Vallat',NULL),
(134,'SANT JORDI F-7 B','Calle de Joan Miró,29',null,'Gespa artificial','Futbol 11','Vallat,Sala antidopatge',NULL),
(135,'MUN ES PORRASAR ( Algaida) F-11','Calle de Manacor,10',null,'Terra/Terreny','Futbol 11','Despatx Arbitral,Internet',NULL),
(136,'MUN ES PORRASAR ( Algaida) F-7A','Paseo Marítimo,50',null,'Herba sintètica','Futbol 11','Vallat,Sala antidopatge',NULL),
(137,'ALCUDIA F-11','Carrer del General Riera,9',null,'Mixt (híbrid)','Futbol 11','Despatx Arbitral,Internet',NULL),
(138,'ALCUDIA F-7 (2)','Calle de Blanquerna,22',null,'Sorra','Futbol 11','Vallat,Internet',NULL),
(139,'SELVA F-11','Carrer de Jaume III,1',null,'Terra/Terreny','Futbol 11','Vallat,Internet',NULL),
(140,'SELVA F-7','Calle de Eusebi Estada,37',null,'Gespa artificial','Futbol 11','Sala antidopatge,Despatx Arbitral',NULL),
(141,'POL MUN LLUBI F-11','Calle de San Miguel,12',null,'Mixt (híbrid)','Futbol 11','Despatx Arbitral,Internet',NULL),
(142,'POL MUN LLUBI F-7','Avenida Jaime III,45',null,'Mixt (híbrid)','Futbol 11','Internet,Vallat',NULL),
(143,'CAMPANET F-11','Calle de Arxiduc Lluís Salvador,28',null,'Sorra','Futbol 11','Despatx Arbitral,Sala antidopatge',NULL),
(144,'CAMPANET F-7','Carrer de la Unió,17',null,'Terra/Terreny','Futbol 11','Vallat,Despatx Arbitral',NULL),
(145,'CAMP MUN SON QUINT ( Esporles) F-11','Paseo del Borne,8',null,'Grava','Futbol 11','Despatx Arbitral,Sala antidopatge',NULL),
(146,'CAMP MUN SON QUINT ( Esporles) F-7','Avenida Gabriel Alomar,19',null,'Herba sintètica','Futbol 11','Despatx Arbitral,Internet',NULL),
(147,'MUNICIPAL D''ES CASTELL','Calle Blanquerna,33',null,'Gespa artificial','Futbol 11','Internet,Despatx Arbitral',NULL),
(148,'POLI ES CASTELL','Plaza Mayor,3',null,'Gespa natural','Futbol 11','Despatx Arbitral,Internet',NULL),
(149,'MUN SECAR DE LA REAL F-11','Calle de la Industria,21',null,'Gespa artificial','Futbol 11','Despatx Arbitral,Internet',NULL),
(150,'MUN SECAR DE LA REAL F-7 A','Carrer del Sindicat,6',null,'Terra/Terreny','Futbol 11','Vallat,Internet',NULL),
(151,'MUN SECAR DE LA REAL F-7 B','Calle del Marquès de la Sènia,44',null,'Gespa natural','Futbol 11','Despatx Arbitral,Vallat',NULL),
(152,'SA TEULERA (Alqueria) F-11','Calle de Rubén Darío,15',null,'Gespa artificial','Futbol 11','Despatx Arbitral,Internet',NULL),
(153,'C''AN GASPAR ( Pla de Na Tesa)F-11','Carrer de Sant Miquel,51',null,'Mixt (híbrid)','Futbol 11','Sala antidopatge,Despatx Arbitral',NULL),
(154,'C´AN GASPAR (Pla de na Tesa) F-7B','Calle de Joan Miró,29',null,'Gespa artificial','Futbol 11','Vallat,Internet',NULL),
(155,'MUNICIPAL DE SANT LLUIS','Calle de Manacor,10',null,'Herba sintètica','Futbol 11','Vallat,Sala antidopatge',NULL),
(156,'SON MARÇAL DE CIUTADELLA','Paseo Marítimo,50',null,'Grava','Futbol 11','Vallat,Sala antidopatge',NULL),
(157,'ANEXE SON MARÇAL DE CIUTADELLA','Carrer del General Riera,9',null,'Grava','Futbol 11','Vallat,Despatx Arbitral',NULL),
(158,'LAS ARENAS DE FORNELLS','Calle de Blanquerna,22',null,'Terra/Terreny','Futbol 11','Vallat,Sala antidopatge',NULL),
(159,'SON FUSTER 1 F-11','Carrer de Jaume III,1',null,'Gespa artificial','Futbol 11','Sala antidopatge,Vallat',NULL),
(160,'SON FUSTER 1 F-7A','Calle de Eusebi Estada,37',null,'Gespa natural','Futbol 11','Sala antidopatge,Despatx Arbitral',NULL),
(161,'SON FUSTER 1 F-7B','Calle de San Miguel,12',null,'Mixt (híbrid)','Futbol 11','Despatx Arbitral,Internet',NULL),
(162,'JAIME III','Avenida Jaime III,45',null,'Gespa artificial','Futbol 11','Vallat,Internet',NULL),
(163,'SANT JOSEP DE SA TALAIA','Calle de Arxiduc Lluís Salvador,28',null,'Herba sintètica','Futbol 11','Internet,Despatx Arbitral',NULL),
(164,'POLIESPORTIU CAN GUERXO','Carrer de la Unió,17',null,'Gespa natural','Futbol 11','Despatx Arbitral,Vallat',NULL),
(165,'CAMP MUNICIPAL TONI COLL REAL (Lloret)','Paseo del Borne,8',null,'Gespa natural','Futbol 11','Despatx Arbitral,Internet',NULL),
(166,'CAMPO SA LLEONA ( S´Horta) F-11','Avenida Gabriel Alomar,19',null,'Sorra','Futbol 11','Internet,Sala antidopatge',NULL),
(167,'CAMPO SA LLEONA ( S´horta) F-7','Calle Blanquerna,33',null,'Sorra','Futbol 11','Vallat,Despatx Arbitral',NULL),
(168,'C. M. KIKO SERRA','Plaza Mayor,3',null,'Sorra','Futbol 11','Internet,Despatx Arbitral',NULL),
(169,'POLI DE CIUTADELLLA','Calle de la Industria,21',null,'Gespa natural','Futbol 11','Sala antidopatge,Vallat',NULL),
(170,'CALA D''OR F-11','Carrer del Sindicat,6',null,'Sorra','Futbol 11','Internet,Sala antidopatge',NULL),
(171,'CALA D''OR F-7','Calle del Marquès de la Sènia,44',null,'Mixt (híbrid)','Futbol 11','Internet,Vallat',NULL),
(172,'SON CLADERA F-11','Calle de Rubén Darío,15',null,'Terra/Terreny','Futbol 11','Internet,Vallat',NULL),
(173,'SON CLADERA F-7 A','Carrer de Sant Miquel,51',null,'Grava','Futbol 11','Despatx Arbitral,Vallat',NULL),
(174,'SON CLADERA F-7 B','Calle de Joan Miró,29',null,'Terra/Terreny','Futbol 11','Sala antidopatge,Despatx Arbitral',NULL),
(175,'C.M TONI TATXA F-11','Calle de Manacor,10',null,'Herba sintètica','Futbol 11','Internet,Vallat',NULL),
(176,'C.M TONI TATXA F-7 A','Paseo Marítimo,50',null,'Sorra','Futbol 11','Internet,Vallat',NULL),
(177,'C.M. TONI TATXA F-7 B','Carrer del General Riera,9',null,'Sorra','Futbol 11','Vallat,Sala antidopatge',NULL),
(178,'C.M TONI TATXA F-7','Calle de Blanquerna,22',null,'Gespa artificial','Futbol 11','Despatx Arbitral,Sala antidopatge',NULL),
(179,'CAMP MUN CA NA PAULINA ( Collerense) F-11','Carrer de Jaume III,1',null,'Mixt (híbrid)','Futbol 11','Internet,Vallat',NULL),
(180,'CAMP MUNICIPAL CA NA PAULINA ( Collerense)F-7 B','Calle de Eusebi Estada,37',null,'Mixt (híbrid)','Futbol 11','Internet,Vallat',NULL),
(181,'CAMP MUNICIPAL CA NA PAULINA ( Collerense) F-7 A','Calle de San Miguel,12',null,'Grava','Futbol 11','Despatx Arbitral,Internet',NULL),
(182,'NTRA. SRA. DE JESUS','Avenida Jaime III,45',null,'Gespa natural','Futbol 11','Sala antidopatge,Vallat',NULL),
(183,'MUN. SON CAULELLAS-CATA COLL F-11','Calle de Arxiduc Lluís Salvador,28',null,'Sorra','Futbol 11','Despatx Arbitral,Sala antidopatge',NULL),
(184,'MUN SON CAULELLAS-CATA COLL F-7','Carrer de la Unió,17',null,'Terra/Terreny','Futbol 11','Despatx Arbitral,Internet',NULL),
(185,'VALLDEMOSSA F-11','Paseo del Borne,8',null,'Gespa natural','Futbol 11','Internet,Vallat',NULL),
(186,'SANT MIQUEL DE BALANSAT','Avenida Gabriel Alomar,19',null,'Herba sintètica','Futbol 11','Sala antidopatge,Vallat',NULL),
(187,'SEMINARIO F-11','Calle Blanquerna,33',null,'Sorra','Futbol 11','Despatx Arbitral,Sala antidopatge',NULL),
(188,'SEMINARIO F-7 A','Plaza Mayor,3',null,'Gespa artificial','Futbol 11','Despatx Arbitral,Internet',NULL),
(189,'SANT ANTONI DE PORTMANY F-8 A','Calle de la Industria,21',null,'Herba sintètica','Futbol 11','Sala antidopatge,Despatx Arbitral',NULL),
(190,'CAN MISSES-2','Carrer del Sindicat,6',null,'Mixt (híbrid)','Futbol 11','Internet,Despatx Arbitral',NULL),
(191,'PUIG D''EN VALLS','Calle del Marquès de la Sènia,44',null,'Gespa natural','Futbol 11','Sala antidopatge,Vallat',NULL),
(192,'MANCOR DEL VALLE F-11','Calle de Rubén Darío,15',null,'Grava','Futbol 11','Despatx Arbitral,Internet',NULL),
(193,'MANCOR DEL VALLE F-7B','Carrer de Sant Miquel,51',null,'Sorra','Futbol 11','Sala antidopatge,Despatx Arbitral',NULL),
(194,'MANCOR DEL VALLE F-7A','Calle de Joan Miró,29',null,'Gespa natural','Futbol 11','Internet,Vallat',NULL),
(195,'ES MOLÍ NOU(VILAFRANCA )F-11','Calle de Manacor,10',null,'Gespa artificial','Futbol 11','Despatx Arbitral,Vallat',NULL),
(196,'POL.M.MAGALUF F-11','Paseo Marítimo,50',null,'Gespa natural','Futbol 11','Vallat,Despatx Arbitral',NULL),
(197,'POL.M MAGALUF F-7 A','Carrer del General Riera,9',null,'Herba sintètica','Futbol 11','Internet,Sala antidopatge',NULL),
(198,'POL.M MAGALUF F-7 B','Calle de Blanquerna,22',null,'Mixt (híbrid)','Futbol 11','Despatx Arbitral,Internet',NULL),
(199,'MUN.C''AN PICAFORT F-11','Carrer de Jaume III,1',null,'Mixt (híbrid)','Futbol 11','Internet,Vallat',NULL),
(200,'MUN.C''AN PICAFORT F-7','Calle de Eusebi Estada,37',null,'Sorra','Futbol 11','Internet,Vallat',NULL),
(201,'SON FUSTER 2 F-11','Calle de San Miguel,12',null,'Sorra','Futbol 11','Sala antidopatge,Despatx Arbitral',NULL),
(202,'SON FUSTER 2 F-7B','Avenida Jaime III,45',null,'Herba sintètica','Futbol 11','Despatx Arbitral,Internet',NULL),
(203,'SON FUSTER 2 F-7A','Calle de Arxiduc Lluís Salvador,28',null,'Gespa natural','Futbol 11','Vallat,Sala antidopatge',NULL),
(204,'PAS DE SES LLEBRES( Paguera) F-11','Carrer de la Unió,17',null,'Mixt (híbrid)','Futbol 11','Sala antidopatge,Despatx Arbitral',NULL),
(205,'PAS DE SES LLEBRES ( Paguera) F-7','Paseo del Borne,8',null,'Terra/Terreny','Futbol 11','Sala antidopatge,Vallat',NULL),
(206,'P.M. SECAR DE REAL FS','Avenida Gabriel Alomar,19',null,'Sorra','Futbol 11','Despatx Arbitral,Sala antidopatge',NULL),
(207,'POL MURO FS','Calle Blanquerna,33',null,'Terra/Terreny','Futbol 11','Internet,Vallat',NULL),
(208,'POLIESPORTIU SA BLANCA DONA','Plaza Mayor,3',null,'Mixt (híbrid)','Futbol 11','Despatx Arbitral,Sala antidopatge',NULL),
(209,'POLIESPORTIU ES VIVER','Calle de la Industria,21',null,'Sorra','Futbol 11','Sala antidopatge,Vallat',NULL),
(210,'SON FERRER F-11','Carrer del Sindicat,6',null,'Mixt (híbrid)','Futbol 11','Sala antidopatge,Despatx Arbitral',NULL),
(211,'SON FERRER F-7 A','Calle del Marquès de la Sènia,44',null,'Grava','Futbol 11','Despatx Arbitral,Internet',NULL),
(212,'SANT CARLES DE PERALTA','Calle de Rubén Darío,15',null,'Terra/Terreny','Futbol 11','Internet,Sala antidopatge',NULL),
(213,'SANT AGUSTI DES VEDRA','Carrer de Sant Miquel,51',null,'Grava','Futbol 11','Despatx Arbitral,Internet',NULL),
(214,'SANTA GERTRUDIS DE FRUITERA','Calle de Joan Miró,29',null,'Sorra','Futbol 11','Sala antidopatge,Internet',NULL),
(215,'ESTADI CAN MISSES','Calle de Manacor,10',null,'Gespa natural','Futbol 11','Vallat,Sala antidopatge',NULL),
(216,'CAN CANTO','Paseo Marítimo,50',null,'Grava','Futbol 11','Despatx Arbitral,Vallat',NULL),
(217,'ANNEX PISCINA CAN MISSES','Carrer del General Riera,9',null,'Gespa artificial','Futbol 11','Internet,Sala antidopatge',NULL),
(218,'MUN. LLUC COLOM F-11','Calle de Blanquerna,22',null,'Herba sintètica','Futbol 11','Sala antidopatge,Internet',NULL),
(219,'MUN. LLUC COLOM F-7 B','Carrer de Jaume III,1',null,'Mixt (híbrid)','Futbol 11','Sala antidopatge,Vallat',NULL),
(220,'MUN. LLUC COLOM F-7 A','Calle de Eusebi Estada,37',null,'Grava','Futbol 11','Sala antidopatge,Internet',NULL),
(221,'P.M. ALARO FS PISTA2','Calle de San Miguel,12',null,'Gespa natural','Futbol 11','Vallat,Internet',NULL),
(222,'P.M. ALARO FS','Avenida Jaime III,45',null,'Terra/Terreny','Futbol 11','Sala antidopatge,Despatx Arbitral',NULL),
(223,'POL. SANTA MONICA F-11','Calle de Arxiduc Lluís Salvador,28',null,'Sorra','Futbol 11','Vallat,Despatx Arbitral',NULL),
(224,'POL. SANTA MONICA F-7A','Carrer de la Unió,17',null,'Gespa natural','Futbol 11','Vallat,Despatx Arbitral',NULL),
(225,'POL. SANTA MONICA F-7B','Paseo del Borne,8',null,'Gespa artificial','Futbol 11','Sala antidopatge,Internet',NULL),
(226,'NOVA CABANA ( Marratxi) F-7','Avenida Gabriel Alomar,19',null,'Mixt (híbrid)','Futbol 11','Internet,Sala antidopatge',NULL),
(227,'NOVA CABANA ( Marratxi) F-7 A','Calle Blanquerna,33',null,'Herba sintètica','Futbol 11','Despatx Arbitral,Vallat',NULL),
(228,'POL. ESCOLA ES LICEU FS','Plaza Mayor,3',null,'Terra/Terreny','Futbol 11','Despatx Arbitral,Vallat',NULL),
(229,'P.M SON MOIX FS','Calle de la Industria,21',null,'Sorra','Futbol 11','Sala antidopatge,Internet',NULL),
(230,'P.M. FRANCESC DE BORJA MOLL FS','Carrer del Sindicat,6',null,'Grava','Futbol 11','Vallat,Sala antidopatge',NULL),
(231,'SON SARDINA F-7 B','Calle del Marquès de la Sènia,44',null,'Gespa natural','Futbol 11','Despatx Arbitral,Sala antidopatge',NULL),
(232,'PAB. S. PEDRO CLAVER FS(Montesión)','Calle de Rubén Darío,15',null,'Grava','Futbol 11','Vallat,Sala antidopatge',NULL),
(233,'CAMP ES REVOLT ( Montuiri) F-11','Carrer de Sant Miquel,51',null,'Sorra','Futbol 11','Vallat,Sala antidopatge',NULL),
(234,'CAMP ES REVOLT ( Montuiri) F-7','Calle de Joan Miró,29',null,'Sorra','Futbol 11','Sala antidopatge,Despatx Arbitral',NULL),
(235,'PORRERES F-7','Calle de Manacor,10',null,'Gespa natural','Futbol 11','Sala antidopatge,Despatx Arbitral',NULL),
(236,'UNIVERSIDAD F-7 A','Paseo Marítimo,50',null,'Herba sintètica','Futbol 11','Despatx Arbitral,Vallat',NULL),
(237,'UNIVERSIDAD F-7 B','Carrer del General Riera,9',null,'Grava','Futbol 11','Vallat,Sala antidopatge',NULL),
(238,'SON CALIU F-11( campo rugby calvia)','Calle de Blanquerna,22',null,'Terra/Terreny','Futbol 11','Despatx Arbitral,Vallat',NULL),
(239,'SON CALIU F-7','Carrer de Jaume III,1',null,'Herba sintètica','Futbol 11','Vallat,Despatx Arbitral',NULL),
(240,'NOVA CABANA( Marratxi) F-11','Calle de Eusebi Estada,37',null,'Terra/Terreny','Futbol 11','Internet,Despatx Arbitral',NULL),
(241,'NOVA CABANA ( Marratxi) F-7 B','Calle de San Miguel,12',null,'Herba sintètica','Futbol 11','Despatx Arbitral,Internet',NULL),
(242,'P.M. GALATZO FS','Avenida Jaime III,45',null,'Gespa artificial','Futbol 11','Despatx Arbitral,Sala antidopatge',NULL),
(243,'MARIA DE LA SALUT F-11','Calle de Arxiduc Lluís Salvador,28',null,'Herba sintètica','Futbol 11','Internet,Vallat',NULL),
(244,'MARIA DE LA SALUT F-7','Carrer de la Unió,17',null,'Herba sintètica','Futbol 11','Despatx Arbitral,Sala antidopatge',NULL),
(245,'MIGUEL NADAL F-11','Paseo del Borne,8',null,'Mixt (híbrid)','Futbol 11','Despatx Arbitral,Vallat',NULL),
(246,'MIGUEL NADAL F-7A','Avenida Gabriel Alomar,19',null,'Terra/Terreny','Futbol 11','Despatx Arbitral,Internet',NULL),
(247,'MIGUEL NADAL F-7B','Calle Blanquerna,33',null,'Grava','Futbol 11','Sala antidopatge,Despatx Arbitral',NULL),
(248,'PUIGPUNYENT F-11','Plaza Mayor,3',null,'Gespa natural','Futbol 11','Despatx Arbitral,Sala antidopatge',NULL),
(249,'PUIGPUNYENT F-7','Calle de la Industria,21',null,'Grava','Futbol 11','Internet,Sala antidopatge',NULL),
(250,'POL SA VELA (Puigpunyent i Galilea) F.S','Carrer del Sindicat,6',null,'Mixt (híbrid)','Futbol 11','Internet,Vallat',NULL),
(251,'POL SON MOIX F-7A','Calle del Marquès de la Sènia,44',null,'Terra/Terreny','Futbol 11','Vallat,Sala antidopatge',NULL),
(252,'POL SON MOIX F-7B','Calle de Rubén Darío,15',null,'Gespa natural','Futbol 11','Internet,Despatx Arbitral',NULL),
(253,'C.MUN.ARENAL F-7 B','Carrer de Sant Miquel,51',null,'Herba sintètica','Futbol 11','Internet,Despatx Arbitral',NULL),
(254,'SON MACIA','Calle de Joan Miró,29',null,'Herba sintètica','Futbol 11','Despatx Arbitral,Sala antidopatge',NULL),
(255,'JULIAN RONDA ( Portals) F-11','Calle de Manacor,10',null,'Mixt (híbrid)','Futbol 11','Despatx Arbitral,Internet',NULL),
(256,'JULIAN RONDA ( Portals) F-7 A','Paseo Marítimo,50',null,'Grava','Futbol 11','Vallat,Sala antidopatge',NULL),
(257,'JULIAN RONDA ( Portals) F-7 B','Carrer del General Riera,9',null,'Gespa artificial','Futbol 11','Sala antidopatge,Internet',NULL),
(258,'PAB SON FERRAGUT FS','Calle de Blanquerna,22',null,'Herba sintètica','Futbol 11','Vallat,Internet',NULL),
(259,'POL. SON OLIVA FS','Carrer de Jaume III,1',null,'Mixt (híbrid)','Futbol 11','Sala antidopatge,Despatx Arbitral',NULL),
(260,'P.M. LA SALLE PONT D?INCA FS','Calle de Eusebi Estada,37',null,'Gespa artificial','Futbol 11','Internet,Sala antidopatge',NULL),
(261,'P.M.GERMANS ESCALAS F-7/2','Calle de San Miguel,12',null,'Sorra','Futbol 11','Sala antidopatge,Despatx Arbitral',NULL),
(262,'P.M.GERMANS ESCALAS F-11','Avenida Jaime III,45',null,'Gespa artificial','Futbol 11','Despatx Arbitral,Internet',NULL),
(263,'P.M.GERMANS ESCALAS F-7 /1','Calle de Arxiduc Lluís Salvador,28',null,'Herba sintètica','Futbol 11','Vallat,Sala antidopatge',NULL),
(264,'P.M. M. ANGEL NADAL FS','Carrer de la Unió,17',null,'Gespa artificial','Futbol 11','Internet,Sala antidopatge',NULL),
(265,'SANTA MARGARITA F-11','Paseo del Borne,8',null,'Herba sintètica','Futbol 11','Internet,Vallat',NULL),
(266,'SANTA MARGARITA F-7','Avenida Gabriel Alomar,19',null,'Grava','Futbol 11','Vallat,Internet',NULL),
(267,'CAMP D''ES MOLETER ( Sant Llorenç) F-7 A','Calle Blanquerna,33',null,'Herba sintètica','Futbol 11','Despatx Arbitral,Internet',NULL),
(268,'P.M. SON FERRER FS','Plaza Mayor,3',null,'Terra/Terreny','Futbol 11','Internet,Despatx Arbitral',NULL),
(269,'PAB MUN SA CREU FS','Calle de la Industria,21',null,'Grava','Futbol 11','Internet,Despatx Arbitral',NULL),
(270,'P.M.SANTA PONSA F-11','Carrer del Sindicat,6',null,'Gespa artificial','Futbol 11','Internet,Vallat',NULL),
(271,'P.M.SANTA PONSA F-7A','Calle del Marquès de la Sènia,44',null,'Grava','Futbol 11','Vallat,Sala antidopatge',NULL),
(272,'P.M.SANTA PONSA F-7B','Calle de Rubén Darío,15',null,'Herba sintètica','Futbol 11','Vallat,Sala antidopatge',NULL),
(273,'POL.SA TORRE F-11 (Manacor)','Carrer de Sant Miquel,51',null,'Grava','Futbol 11','Sala antidopatge,Vallat',NULL),
(274,'PALMANYOLA F-11','Calle de Joan Miró,29',null,'Gespa natural','Futbol 11','Sala antidopatge,Internet',NULL),
(275,'PALMANYOLA F-7','Calle de Manacor,10',null,'Grava','Futbol 11','Internet,Sala antidopatge',NULL),
(276,'CAMP MUN SANTA EUGENIA F-11','Paseo Marítimo,50',null,'Gespa artificial','Futbol 11','Internet,Vallat',NULL),
(277,'CAMP MUN SANTA EUGENIA F-7 A','Carrer del General Riera,9',null,'Terra/Terreny','Futbol 11','Sala antidopatge,Vallat',NULL),
(278,'CALA MILLOR F-11','Calle de Blanquerna,22',null,'Gespa natural','Futbol 11','Vallat,Sala antidopatge',NULL),
(279,'CALA MILLOR F-7','Carrer de Jaume III,1',null,'Terra/Terreny','Futbol 11','Vallat,Sala antidopatge',NULL),
(280,'CAMPO COLEGIO LLAUT F-11','Calle de Eusebi Estada,37',null,'Mixt (híbrid)','Futbol 11','Despatx Arbitral,Vallat',NULL),
(281,'CAMPO COLEGIO LLAUT F-7B','Calle de San Miguel,12',null,'Gespa artificial','Futbol 11','Sala antidopatge,Vallat',NULL),
(282,'CAMPO COLEGIO LLAUT F-7A','Avenida Jaime III,45',null,'Sorra','Futbol 11','Sala antidopatge,Vallat',NULL),
(283,'CAN MISSES-3','Calle de Arxiduc Lluís Salvador,28',null,'Gespa natural','Futbol 11','Sala antidopatge,Internet',NULL),
(284,'MIQUEL BESTARD F-11','Carrer de la Unió,17',null,'Gespa artificial','Futbol 11','Internet,Sala antidopatge',NULL),
(285,'SANTA MARIA F-11','Paseo del Borne,8',null,'Sorra','Futbol 11','Internet,Vallat',NULL),
(286,'SANTA MARIA F-7A','Avenida Gabriel Alomar,19',null,'Terra/Terreny','Futbol 11','Despatx Arbitral,Internet',NULL),
(287,'SANTA MARIA F-7B','Calle Blanquerna,33',null,'Herba sintètica','Futbol 11','Sala antidopatge,Despatx Arbitral',NULL),
(288,'MUNICIPAL DE MAÓ','Plaza Mayor,3',null,'Sorra','Futbol 11','Internet,Vallat',NULL),
(289,'BINTAUFA C2','Calle de la Industria,21',null,'Gespa natural','Futbol 11','Sala antidopatge,Despatx Arbitral',NULL),
(290,'POL. PEDRO POVEDA FS','Carrer del Sindicat,6',null,'Mixt (híbrid)','Futbol 11','Internet,Sala antidopatge',NULL),
(291,'PORT DE POLLENÇA F-11','Calle del Marquès de la Sènia,44',null,'Gespa natural','Futbol 11','Despatx Arbitral,Vallat',NULL),
(292,'PORT DE POLLENÇA F-7 A','Calle de Rubén Darío,15',null,'Herba sintètica','Futbol 11','Sala antidopatge,Despatx Arbitral',NULL),
(293,'PORT DE POLLENÇA F-7 B','Carrer de Sant Miquel,51',null,'Grava','Futbol 11','Despatx Arbitral,Internet',NULL),
(294,'PISTA DE SAN PABLO','Calle de Joan Miró,29',null,'Mixt (híbrid)','Futbol 11','Internet,Despatx Arbitral',NULL),
(295,'POLIESPORTIU MERCADAL','Calle de Manacor,10',null,'Terra/Terreny','Futbol 11','Sala antidopatge,Despatx Arbitral',NULL),
(296,'POL.SA TORRE F-7 A (Manacor)','Paseo Marítimo,50',null,'Gespa natural','Futbol 11','Despatx Arbitral,Vallat',NULL),
(297,'POL.SA TORRE F-7 B (Manacor)','Carrer del General Riera,9',null,'Terra/Terreny','Futbol 11','Despatx Arbitral,Vallat',NULL),
(298,'POL SANTANYI FS','Calle de Blanquerna,22',null,'Grava','Futbol 11','Despatx Arbitral,Sala antidopatge',NULL),
(299,'ALARO F-7','Carrer de Jaume III,1',null,'Mixt (híbrid)','Futbol 11','Despatx Arbitral,Sala antidopatge',NULL),
(300,'POL. MUN ES FIGUERAL FS ( Capdepera)','Calle de Eusebi Estada,37',null,'Sorra','Futbol 11','Sala antidopatge,Vallat',NULL),
(301,'P.M. ALCUDIA 1 FS','Calle de San Miguel,12',null,'Grava','Futbol 11','Vallat,Sala antidopatge',NULL),
(302,'P.M.SON ROCA F-11','Avenida Jaime III,45',null,'Sorra','Futbol 11','Sala antidopatge,Despatx Arbitral',NULL),
(303,'P.M.SON ROCA F-7','Calle de Arxiduc Lluís Salvador,28',null,'Sorra','Futbol 11','Vallat,Sala antidopatge',NULL),
(304,'PISTA SON ROCA','Carrer de la Unió,17',null,'Terra/Terreny','Futbol 11','Despatx Arbitral,Sala antidopatge',NULL),
(305,'P.M. SON JUNY FS','Paseo del Borne,8',null,'Grava','Futbol 11','Sala antidopatge,Despatx Arbitral',NULL),
(306,'POL.MUN.CAMPOS','Avenida Gabriel Alomar,19',null,'Gespa natural','Futbol 11','Vallat,Internet',NULL),
(307,'POLIESPORTIU ANTONI BLANC','Calle Blanquerna,33',null,'Mixt (híbrid)','Futbol 11','Internet,Despatx Arbitral',NULL),
(308,'MELISA NICOLAU ( S''arracó)','Plaza Mayor,3',null,'Grava','Futbol 11','Despatx Arbitral,Internet',NULL),
(309,'P.M NA CAPITANA ( Petra)','Calle de la Industria,21',null,'Gespa natural','Futbol 11','Internet,Sala antidopatge',NULL),
(310,'P.M INCA FS','Carrer del Sindicat,6',null,'Terra/Terreny','Futbol 11','Vallat,Sala antidopatge',NULL),
(311,'POL LA SALLE INCA FS','Calle del Marquès de la Sènia,44',null,'Gespa natural','Futbol 11','Vallat,Sala antidopatge',NULL),
(312,'POLIESPORTIU SES PAISSES','Calle de Rubén Darío,15',null,'Gespa natural','Futbol 11','Internet,Sala antidopatge',NULL);

INSERT INTO `club` (`id_club`,`nom`,`municipi`,`carrer`,`delegacio`,`escut`,`equipacio`,`codi_postal`)
VALUES
(1001,'C D BINISSALEM','Binissalem','Carrer de Sant Miquel, 51','Mallorca',NULL,'Blau',NULL),
(1002,'C D ATLÉTICO BALEARES','Palma de Mallorca','Plaza Mayor, 3','Mallorca',NULL,'Gris',NULL),
(1003,'CD MENORCA','Maó','Calle de ses Moreres, 7','Menorca',NULL,'Blanc',NULL),
(1004,'C E CONSTANCIA','Inca','Avenida Gabriel Alomar, 19','Mallorca',NULL,'Vermell',NULL),
(1005,'UD MAHON','Maó','Avenida de la Constitución, 30','Menorca',NULL,'Vermell',NULL),
(1006,'CLUB DEPORTIU CONSELL','Consell','Calle de San Miguel, 12','Mallorca',NULL,'Groc',NULL),
(1007,'CE FERRERIES','Ferreries','Calle de Sant Roc, 11','Menorca',NULL,'Blau',NULL),
(1008,'UNIÓ ESPORTIVA PORRERES','Porreres','Carrer de Sant Miquel, 51','Mallorca',NULL,'Blau',NULL),
(1009,'C.D. MANACOR','Manacor','Carrer de Jaume III, 1','Mallorca',NULL,'Groc',NULL),
(1010,'S D PORTMANY','Sant Antoni De Portmany','Calle de la Mola, 7','Eivissa - Formentera',NULL,'Vermell',NULL),
(1011,'C D CARDASSAR','Sant Llorenç Des Cardassar','Calle de Blanquerna, 22','Mallorca',NULL,'Gris',NULL),
(1012,'C D LLOSETENSE','Lloseta','Calle del Marquès de la Sènia, 44','Mallorca',NULL,'Gris',NULL),
(1013,'U D POBLENSE','Pobla (Sa)','Plaza Mayor, 3','Mallorca',NULL,'Vermell',NULL),
(1014,'UNIO ESPORTIVA PETRA','Petra','Paseo del Borne, 8','Mallorca',NULL,'Blau',NULL),
(1015,'CE ALAIOR','Alaior','Calle de ses Moreres, 7','Menorca',NULL,'Groc',NULL),
(1016,'S D LA SALLE','Palma de Mallorca','Calle de la Industria, 21','Mallorca',NULL,'Negre',NULL),
(1019,'R C D MALLORCA SAD','Palma de Mallorca','Carrer del Sindicat, 6','Mallorca',NULL,'Negre',NULL),
(1021,'C F SOLLER','Sóller','Calle de Rubén Darío, 15','Mallorca',NULL,'Groc',NULL),
(1023,'C E FELANITX','Felanitx','Calle de Arxiduc Lluís Salvador, 28','Mallorca',NULL,'Vermell',NULL),
(1025,'CLUB ESPORTIU SINEU','Sineu','Calle del Marquès de la Sènia, 44','Mallorca',NULL,'Groc',NULL),
(1026,'CLUB DEPORTIVO ESPAÑA','Llucmajor','Carrer de Sant Miquel, 51','Mallorca',NULL,'Gris',NULL),
(1027,'CE MERCADAL','Mercadal (Es)','Calle de la Infanta, 4','Menorca',NULL,'Vermell',NULL),
(1028,'C E ARTA','Artà','Calle del Marquès de la Sènia, 44','Mallorca',NULL,'Blau',NULL),
(1029,'C D SERVERENSE','Son Servera','Calle de Joan Miró, 29','Mallorca',NULL,'Gris',NULL),
(1030,'S C R PEÑA DEPORTIVA','Santa Eulalia Del Río','Calle de Ignasi Wallis, 20','EIvissa - Formentera',NULL,'Blau',NULL),
(1031,'CLUB ESPORTIU ESCOLAR','Capdepera','Carrer del General Riera, 9','Mallorca',NULL,'Negre',NULL),
(1034,'C D CALVIA','Calvià','Calle de Blanquerna, 22','Mallorca',NULL,'Blanc',NULL),
(1036,'C E ANDRATX','Andratx','Plaza Mayor, 3','Mallorca',NULL,'Blau',NULL),
(1037,'ATLÈTIC DE CIUTADELLA C.F.','Ciutadella De Menorca','Calle de Alfons III, 18','Menorca',NULL,'Taronja',NULL),
(1041,'C D MURENSE','Muro','Avenida Gabriel Alomar, 19','Mallorca',NULL,'Gris',NULL),
(1042,'C F SAN RAFAEL','Sant Antoni De Portmany','Avenida Miramar, 9','Eivissa - Formentera',NULL,'Negre',NULL),
(1044,'C F PATRONATO','Palma de Mallorca','Calle del Marquès de la Sènia, 44','Mallorca',NULL,'Groc',NULL),
(1048,'U D ROTLET MOLINAR','Palma de Mallorca','Calle de Rubén Darío, 15','Mallorca',NULL,'Negre',NULL),
(1051,'U D ALARÓ','Alaró','Calle de San Miguel, 12','Mallorca',NULL,'Blanc',NULL),
(1052,'C D SES SALINES','Salines (Ses)','Paseo Marítimo, 50','Mallorca',NULL,'Blau',NULL),
(1055,'C D ATLÉTICO RAFAL','Palma de Mallorca','Carrer de Sant Miquel, 51','Mallorca',NULL,'Blanc',NULL),
(1056,'S.C.D. INDEPENDIENTE CAMP REDO','Palma de Mallorca','Calle de Joan Miró, 29','Mallorca',NULL,'Blau',NULL),
(1058,'C E SANTANYI','Santanyí','Paseo del Borne, 8','Mallorca',NULL,'Negre',NULL),
(1059,'C E CAMPOS','Campos','Calle de Joan Miró, 29','Mallorca',NULL,'Blau',NULL),
(1062,'UE SAMI','Ciutadella De Menorca','Calle del Bastió, 9','Menorca',NULL,'Taronja',NULL),
(1065,'PORTO CRISTO FUTBOL CLUB','Manacor','Calle de Eusebi Estada, 37','Mallorca',NULL,'Vermell',NULL),
(1067,'C D COLEGIO SAN CAYETANO','Palma de Mallorca','Calle de Manacor, 10','Mallorca',NULL,'Vermell',NULL),
(1071,'S D FORMENTERA','Formentera','Calle de Vicente Cuervo, 22','Eivissa - Formentera',NULL,'Blau',NULL),
(1073,'C D FERRIOLENSE','Palma de Mallorca','Paseo Marítimo, 50','Mallorca',NULL,'Groc',NULL),
(1076,'C. RECREATIVO LA VICTORIA','Palma de Mallorca','Carrer del General Riera, 9','Mallorca',NULL,'Blau',NULL),
(1077,'U D ARENAL','Llucmajor','Calle de Joan Miró, 29','Mallorca',NULL,'Groc',NULL),
(1079,'AGRUPACION DEP. SON SARDINA','Palma de Mallorca','Calle de Blanquerna, 22','Mallorca',NULL,'Blau',NULL),
(1080,'C D OLIMPIC','Manacor','Calle de San Miguel, 12','Mallorca',NULL,'Negre',NULL),
(1082,'CD MIGJORN','Migjorn Gran (Es)','Carrer del Camí des Castell, 14','Menorca',NULL,'Gris',NULL),
(1084,'C D ESTUDIANTES DEL CIDE','Palma de Mallorca','Carrer de Jaume III, 1','Mallorca',NULL,'Blau',NULL),
(1088,'C D ATLETICO MANACOR','Manacor','Avenida Jaime III, 45','Mallorca',NULL,'Taronja',NULL),
(1094,'C D GENOVA','Palma de Mallorca','Calle de Eusebi Estada, 37','Mallorca',NULL,'Blau',NULL),
(1095,'CLUB ESPORTIU SANT JORDI','Palma de Mallorca','Calle de San Miguel, 12','Mallorca',NULL,'Gris',NULL),
(1102,'C E ALGAIDA','Algaida','Calle Blanquerna, 33','Mallorca',NULL,'Blanc',NULL),
(1104,'U E ALCUDIA','Alcúdia','Paseo del Borne, 8','Mallorca',NULL,'Blanc',NULL),
(1107,'CLUB ESPORTIU XILVAR','Selva','Calle de la Industria, 21','Mallorca',NULL,'Blanc',NULL),
(1110,'C D A. LLUBÍ','Llubí','Calle de Rubén Darío, 15','Mallorca',NULL,'Vermell',NULL),
(1114,'C E CAMPANET','Campanet','Carrer de Sant Miquel, 51','Mallorca',NULL,'Negre',NULL),
(1117,'UD SEISLAN','Maó','Carrer del Príncep, 12','Menorca',NULL,'Negre',NULL),
(1122,'C E ESPORLES','Esporles','Avenida Jaime III, 45','Mallorca',NULL,'Gris',NULL),
(1123,'CD ATLÉTICO SAN CAYETANO','Palma de Mallorca','Avenida Jaime III, 45','Mallorca',NULL,'Blau',NULL),
(1124,'ATLETICO VILLACARLOS','Castell (Es)','Carrer del Príncep, 12','Menorca',NULL,'Taronja',NULL),
(1130,'CLUB DE FUTBOL LA REAL','Palma de Mallorca','Calle de Arxiduc Lluís Salvador, 28','Mallorca',NULL,'Taronja',NULL),
(1131,'C E ALQUERIA','Santanyí','Avenida Gabriel Alomar, 19','Mallorca',NULL,'Blanc',NULL),
(1133,'U D PLA DE NA TESA','Marratxí','Calle de Manacor, 10','Mallorca',NULL,'Negre',NULL),
(1134,'CENTRE CULTURAL I ESPORTIU SANT LLUÍS','Sant Lluís','Calle de Sant Roc, 11','Menorca',NULL,'Negre',NULL),
(1140,'C RECREATIVO MALLORCA','Palma de Mallorca','Carrer de la Unió, 17','Mallorca',NULL,'Blau',NULL),
(1145,'PEÑA ORIENT DEPORTIVO','Ciutadella De Menorca','Plaza del Príncipe, 5','Menorca',NULL,'Negre',NULL),
(1151,'CF NORTEÑO','Mercadal (Es)','Carrer del Camí des Castell, 14','Menorca',NULL,'Blanc',NULL),
(1154,'C D SAN FRANCISCO','Palma de Mallorca','Paseo del Borne, 8','Mallorca',NULL,'Groc',NULL),
(1155,'S D LA SALLE ATLETICO','Palma de Mallorca','Avenida Gabriel Alomar, 19','Mallorca',NULL,'Negre',NULL),
(1160,'U E SANT JOSEP','Sant Josep De Sa Talaia','Calle de ses Salines, 2','EIvissa - Formentera',NULL,'Taronja',NULL),
(1184,'U E LLORET','Lloret De Vistalegre','Carrer del Sindicat, 6','Mallorca',NULL,'Blau',NULL),
(1194,'S D SALLA','Palma de Mallorca','Calle Blanquerna, 33','Mallorca',NULL,'Negre',NULL),
(1198,'C RECREATIVO PATRONATO ATLETICO','Palma de Mallorca','Plaza Mayor, 3','Mallorca',NULL,'Negre',NULL),
(1242,'C D S''HORTA','Felanitx','Carrer de la Unió, 17','Mallorca',NULL,'Gris',NULL),
(1246,'C F PORT DE SOLLER','Sóller','Carrer de Sant Miquel, 51','Mallorca',NULL,'Taronja',NULL),
(1255,'PENYA ESPORTIVA SANT JORDI','Sant Josep De Sa Talaia','Calle de la Savina, 15','EIvissa - Formentera',NULL,'Negre',NULL),
(1264,'PENYA CIUTADELLA ESPORTIVA','Ciutadella De Menorca','Avenida Fort de l''Eau, 21','Menorca',NULL,'Negre',NULL),
(1281,'C D CALA D''OR','Santanyí','Calle Blanquerna, 33','Mallorca',NULL,'Blanc',NULL),
(1282,'C D SON CLADERA','Palma de Mallorca','Calle de la Industria, 21','Mallorca',NULL,'Vermell',NULL),
(1291,'A D PENYA ARRABAL','Palma de Mallorca','Carrer del Sindicat, 6','Mallorca',NULL,'Blanc',NULL),
(1292,'U D COLLERENSE','Palma de Mallorca','Calle del Marquès de la Sènia, 44','Mallorca',NULL,'Negre',NULL),
(1293,'C D ATLETICO JESUS','Santa Eulalia Del Río','Avenida de Bartomeu de Rosselló, 35','EIvissa - Formentera',NULL,'Gris',NULL),
(1296,'SPORTING SANT MARCAL C F','Marratxí','Paseo Marítimo, 50','Mallorca',NULL,'Blanc',NULL),
(1301,'UNIÓ ESPORTIVA VALLDEMOSSA','Valldemossa','Paseo Marítimo, 50','Mallorca',NULL,'Gris',NULL),
(1303,'LA UNIÓN CF','Palma de Mallorca','Calle de Rubén Darío, 15','Mallorca',NULL,'Negre',NULL),
(1304,'RECREATIVO BOSCOS C.F.','Ciutadella De Menorca','Calle de la Infanta, 4','Menorca',NULL,'Negre',NULL),
(1305,'C.D. RECREATIVO RAFAL','Palma de Mallorca','Carrer de Sant Miquel, 51','Mallorca',NULL,'Taronja',NULL),
(1307,'CLUB RECREATIVO S''INDIOTERIA','Palma de Mallorca','Calle de Joan Miró, 29','Mallorca',NULL,'Taronja',NULL),
(1312,'ATCO. CAMP REDO INDEPENDIENTE','Palma de Mallorca','Calle de Manacor, 10','Mallorca',NULL,'Blanc',NULL),
(1313,'S E PENYA INDEPENDENT','Sant Joan De Labritja','Avenida Mediterrània, 10','EIvissa - Formentera',NULL,'Negre',NULL),
(1316,'C D SAN FRANCISCO ATº','Palma de Mallorca','Paseo Marítimo, 50','Mallorca',NULL,'Groc',NULL),
(1318,'A D COL. SAN PEDRO','Palma de Mallorca','Carrer del General Riera, 9','Mallorca',NULL,'Negre',NULL),
(1322,'PORTMANY ATLETIC','Sant Antoni De Portmany','Calle de Guillem de Montgrí, 3','Eivissa - Formentera',NULL,'Blau',NULL),
(1327,'C F RAPID','Eivissa','Calle de Ignasi Wallis, 20','Eivissa - Formentera',NULL,'Blau',NULL),
(1329,'C D PUIG D''EN VALLS','Santa Eulalia Del Río','Calle de Antoni Riquer, 25','EIvissa - Formentera',NULL,'Negre',NULL),
(1333,'C.D. SAN PEDRO ATLETICO','Palma de Mallorca','Calle de Blanquerna, 22','Mallorca',NULL,'Negre',NULL),
(1335,'A D SANTA CATALINA','Palma de Mallorca','Carrer de Jaume III, 1','Mallorca',NULL,'Blanc',NULL),
(1336,'C E MONTAURA','Mancor De La Vall','Calle del Marquès de la Sènia, 44','Mallorca',NULL,'Groc',NULL),
(1342,'ATLÉTICO COLLERENSE','Palma de Mallorca','Calle de Eusebi Estada, 37','Mallorca',NULL,'Vermell',NULL),
(1346,'BALEARS FUTBOL CLUB','Palma de Mallorca','Calle de San Miguel, 12','Mallorca',NULL,'Groc',NULL),
(1348,'C F VILAFRANCA','Vilafranca De Bonany','Carrer del General Riera, 9','Mallorca',NULL,'Gris',NULL),
(1349,'RECREATIVO ARENAL','Llucmajor','Calle de Manacor, 10','Mallorca',NULL,'Blau',NULL),
(1350,'C F PLATGES DE CALVIA','Calvià','Carrer de Jaume III, 1','Mallorca',NULL,'Negre',NULL),
(1351,'C F ATLÈTIC PLATGES DE CALVIA','Calvià','Calle de Eusebi Estada, 37','Mallorca',NULL,'Gris',NULL),
(1360,'JUVENTUD CONSTANCIA','Inca','Calle Blanquerna, 33','Mallorca',NULL,'Taronja',NULL),
(1365,'U D ROTLET MOLINAR ATLÉTICO','Palma de Mallorca','Avenida Jaime III, 45','Mallorca',NULL,'Blanc',NULL),
(1366,'C D ATLÉTICO SON FERRIOL','Palma de Mallorca','Calle de Arxiduc Lluís Salvador, 28','Mallorca',NULL,'Taronja',NULL),
(1369,'F C JUVENTUD C''AN PICAFORT','Santa Margalida','Avenida Jaime III, 45','Mallorca',NULL,'Blau',NULL),
(1378,'JOVENTUT MALLORCA','Palma de Mallorca','Carrer de la Unió, 17','Mallorca',NULL,'Groc',NULL),
(1398,'C. A. DE PAGUERA','Calvià','Calle de San Miguel, 12','Mallorca',NULL,'Blanc',NULL),
(1402,'DOSA CF','Ciutadella De Menorca','Carrer del Camí des Castell, 14','Menorca',NULL,'Taronja',NULL),
(1408,'BAR GOST C.F.S.','Palma de Mallorca','Paseo del Borne, 8','Mallorca',NULL,'Blanc',NULL),
(1410,'MURO FUTSAL','Muro','Calle Blanquerna, 33','Mallorca',NULL,'Vermell',NULL),
(1425,'CLUB GASIFRED ATLÉTICO','Eivissa','Avenida de Bartomeu de Rosselló, 35','Eivissa - Formentera',NULL,'Gris',NULL),
(1429,'C F SON FERRER','Calvià','Avenida Jaime III, 45','Mallorca',NULL,'Blanc',NULL),
(1430,'JOVENTUT MALLORCA ATLÈTIC','Palma de Mallorca','Avenida Gabriel Alomar, 19','Mallorca',NULL,'Negre',NULL),
(1432,'CLUB JUVENIL PETRA','Petra','Avenida Gabriel Alomar, 19','Mallorca',NULL,'Blanc',NULL),
(1433,'U D PLA DE NA TESA ATLÉTICO','Marratxí','Carrer del General Riera, 9','Mallorca',NULL,'Vermell',NULL),
(1434,'C D GENOVA ATLETICO','Palma de Mallorca','Calle Blanquerna, 33','Mallorca',NULL,'Groc',NULL),
(1435,'RECREATIVO SAN FRANCISCO','Palma de Mallorca','Plaza Mayor, 3','Mallorca',NULL,'Groc',NULL),
(1436,'S E SANT CARLES','Santa Eulalia Del Río','Calle de la Virgen, 19','EIvissa - Formentera',NULL,'Gris',NULL),
(1437,'C D BAHIA SAN AGUSTIN','Sant Josep De Sa Talaia','Calle de Cala Saona, 18','EIvissa - Formentera',NULL,'Gris',NULL),
(1439,'A E SANTA GERTRUDIS','Santa Eulalia Del Río','Calle de Joan Xicó, 6','EIvissa - Formentera',NULL,'Groc',NULL),
(1440,'U D IBIZA SOCIEDAD ANONIMA','Eivissa','Calle de Antoni Riquer, 25','Eivissa - Formentera',NULL,'Vermell',NULL),
(1444,'CLUB SANTA CATALINA ATLETICO','Palma de Mallorca','Calle de la Industria, 21','Mallorca',NULL,'Gris',NULL),
(1449,'ALARO F.S.','Alaró','Avenida Jaime III, 45','Mallorca',NULL,'Blau',NULL),
(1464,'CLUB ATº ESCOLAR .','Capdepera','Calle de Blanquerna, 22','Mallorca',NULL,'Blanc',NULL),
(1468,'CLUB RECREATIVO PENYA ARRABAL','Palma de Mallorca','Carrer del Sindicat, 6','Mallorca',NULL,'Blau',NULL),
(1475,'F C LUCHADOR','Sant Antoni De Portmany','Paseo de la Marina, 5','EIvissa - Formentera',NULL,'Negre',NULL),
(1484,'C D SON CLADERA ATº','Palma de Mallorca','Calle del Marquès de la Sènia, 44','Mallorca',NULL,'Taronja',NULL),
(1486,'MERCAT DE SANTA CATALINA CLUB DE FUTBOL','Palma de Mallorca','Calle de Rubén Darío, 15','Mallorca',NULL,'Blanc',NULL),
(1499,'C E COL·LEGI SANTA MÒNICA','Palma de Mallorca','Carrer de Sant Miquel, 51','Mallorca',NULL,'Taronja',NULL),
(1504,'ATLETIC ES LICEU','Marratxí','Calle de Blanquerna, 22','Mallorca',NULL,'Negre',NULL),
(1508,'ASSOCIACIÓ ESPORTIVA PALMA DE MALLORCA FS','Palma de Mallorca','Calle de Joan Miró, 29','Mallorca',NULL,'Blanc',NULL),
(1525,'CAMPOS ATLÈTIC','Campos','Calle de Manacor, 10','Mallorca',NULL,'Blau',NULL),
(1526,'F C SANTA EULALIA','Santa Eulalia Del Río','Avenida de Santa Eulària des Riu, 45','EIvissa - Formentera',NULL,'Gris',NULL),
(1537,'SON SARDINA AT','Palma de Mallorca','Calle de Manacor, 10','Mallorca',NULL,'Taronja',NULL),
(1538,'POBLENC ATLÈTIC .','Pobla (Sa)','Calle de la Industria, 21','Mallorca',NULL,'Blanc',NULL),
(1540,'ENTRECULTURAS MONTESION','Palma de Mallorca','Paseo Marítimo, 50','Mallorca',NULL,'Vermell',NULL),
(1543,'C E ES PLA','Porreres','Calle de Joan Miró, 29','Mallorca',NULL,'Blanc',NULL),
(1544,'C D IBIZA INSULAR','Eivissa','Calle de la Virgen, 19','Eivissa - Formentera',NULL,'Vermell',NULL),
(1550,'CLUB CAMPUSESPORT','Palma de Mallorca','Carrer del General Riera, 9','Mallorca',NULL,'Taronja',NULL),
(1557,'CLUB CAMPUSESPORT ATLÈTIC','Palma de Mallorca','Calle de Blanquerna, 22','Mallorca',NULL,'Blanc',NULL),
(1562,'C F SON CALIU','Calvià','Calle de Arxiduc Lluís Salvador, 28','Mallorca',NULL,'Gris',NULL),
(1568,'ATHLETIC MARRATXÍ','Marratxí','Carrer de Jaume III, 1','Mallorca',NULL,'Groc',NULL),
(1576,'RACING CLUB ANDRATX FUTBOL SALA','Andratx','Calle de la Industria, 21','Mallorca',NULL,'Gris',NULL),
(1577,'ESCUELA TECNICA DE BALONPIÉ CALVIA','Calvià','Carrer de la Unió, 17','Mallorca',NULL,'Vermell',NULL),
(1578,'S''HORTA ATLÉTICO','Felanitx','Paseo del Borne, 8','Mallorca',NULL,'Groc',NULL),
(1582,'ES RAVAL DE STA. CATALINA','Palma de Mallorca','Carrer de Jaume III, 1','Mallorca',NULL,'Blau',NULL),
(1583,'SPORTING SANT MARÇAL ATLÈTIC F.C.','Marratxí','Calle de Eusebi Estada, 37','Mallorca',NULL,'Taronja',NULL),
(1589,'FC MARIA DE LA SALUT','Maria De La Salut','Carrer de Sant Miquel, 51','Mallorca',NULL,'Gris',NULL),
(1590,'P E SANT JORDI ATLÈTIC','Sant Josep De Sa Talaia','Calle de Cala Saona, 18','EIvissa - Formentera',NULL,'Vermell',NULL),
(1601,'PALMA FUTBOL CLUB','Palma de Mallorca','Calle de Eusebi Estada, 37','Mallorca',NULL,'Vermell',NULL),
(1603,'CALVIA ATLETICO','Calvià','Paseo del Borne, 8','Mallorca',NULL,'Blau',NULL),
(1608,'SPORTING CIUTAT DE PALMA','Palma de Mallorca','Calle de San Miguel, 12','Mallorca',NULL,'Gris',NULL),
(1609,'SPORTING ATº CIUTAT DE PALMA','Palma de Mallorca','Avenida Jaime III, 45','Mallorca',NULL,'Groc',NULL),
(1610,'SPORTING RTVO CIUTAT DE PALMA','Palma de Mallorca','Calle de Arxiduc Lluís Salvador, 28','Mallorca',NULL,'Negre',NULL),
(1611,'RECREATIU PUIGPUNYENT I GALILEA','Puigpunyent','Calle de Manacor, 10','Mallorca',NULL,'Taronja',NULL),
(1612,'CLUB DE FUTBOL SPORTING SON FERRER','Calvià','Avenida Gabriel Alomar, 19','Mallorca',NULL,'Gris',NULL),
(1620,'RECREATIU MARRATXÍ','Marratxí','Calle de San Miguel, 12','Mallorca',NULL,'Blanc',NULL),
(1622,'C.D. MADRE ALBERTA','Palma de Mallorca','Carrer de la Unió, 17','Mallorca',NULL,'Groc',NULL),
(1626,'URBANITZACIONS CLUB DEPORTIVO','Llucmajor','Paseo Marítimo, 50','Mallorca',NULL,'Taronja',NULL),
(1627,'CLUB ESPORTIU SON MACIÀ','Manacor','Calle de Arxiduc Lluís Salvador, 28','Mallorca',NULL,'Groc',NULL),
(1635,'ÀGORA PORTALS SPORTS CLUB','Calvià','Calle Blanquerna, 33','Mallorca',NULL,'Vermell',NULL),
(1636,'CLUB DEPORTIVO SON OLIVA','Palma de Mallorca','Paseo del Borne, 8','Mallorca',NULL,'Blanc',NULL),
(1640,'C.E. SAGRAT COR F.S.','Palma de Mallorca','Avenida Gabriel Alomar, 19','Mallorca',NULL,'Groc',NULL),
(1646,'A.D. COLEGIO LA SALLE PONT D''INCA','Marratxí','Avenida Jaime III, 45','Mallorca',NULL,'Blanc',NULL),
(1648,'SA FORTALESA UNIÓ ESPORTIVA','Pobla (Sa)','Carrer del Sindicat, 6','Mallorca',NULL,'Taronja',NULL),
(1654,'CLUB FUTBOL BELLVER PALMA','Palma de Mallorca','Calle Blanquerna, 33','Mallorca',NULL,'Gris',NULL),
(1656,'RECREATIVO MANACOR FUTBOL SALA','Manacor','Carrer de la Unió, 17','Mallorca',NULL,'Negre',NULL),
(1660,'MARGARITENSE ATLÈTIC','Santa Margalida','Calle de Arxiduc Lluís Salvador, 28','Mallorca',NULL,'Gris',NULL),
(1663,'CLUB CARDASSAR ATLÉTIC','Sant Llorenç Des Cardassar','Carrer de Jaume III, 1','Mallorca',NULL,'Gris',NULL),
(1664,'BALEARES SIN FRONTERAS F.C.','Palma de Mallorca','Plaza Mayor, 3','Mallorca',NULL,'Blau',NULL),
(1666,'SON FERRER ATLETIC','Calvià','Plaza Mayor, 3','Mallorca',NULL,'Blau',NULL),
(1668,'C.F.S JOVES D''INCA','Inca','Plaza Mayor, 3','Mallorca',NULL,'Taronja',NULL),
(1671,'SANTA PONSA CLUB DE FÚTBOL','Calvià','Calle de la Industria, 21','Mallorca',NULL,'Taronja',NULL),
(1673,'ATLÉTIC MONTAURA','Mancor De La Vall','Calle de Rubén Darío, 15','Mallorca',NULL,'Taronja',NULL),
(1674,'UNIÓN LATINA','Manacor','Paseo del Borne, 8','Mallorca',NULL,'Taronja',NULL),
(1678,'FUTBOL CLUB INTER MANACOR','Manacor','Avenida Gabriel Alomar, 19','Mallorca',NULL,'Vermell',NULL),
(1683,'CLUB ESPORTIU PALMANYOLA','Bunyola','Calle de Manacor, 10','Mallorca',NULL,'Negre',NULL),
(1686,'COLEGIO MONTESION','Palma de Mallorca','Calle de la Industria, 21','Mallorca',NULL,'Taronja',NULL),
(1688,'INTERPLÀ FUTBOL CLUB','Santa Eugènia','Calle de Eusebi Estada, 37','Mallorca',NULL,'Groc',NULL),
(1690,'CLUB DE FUTBOL CALA MILLOR','Son Servera','Calle de Manacor, 10','Mallorca',NULL,'Blau',NULL),
(1692,'CLUB DEPORTIVO VIVA SPORTS','Palma de Mallorca','Carrer del Sindicat, 6','Mallorca',NULL,'Groc',NULL),
(1694,'CLUB ESPORTIU LLAÜT','Palma de Mallorca','Calle del Marquès de la Sènia, 44','Mallorca',NULL,'Blau',NULL),
(1698,'SON SARDINA RECREATIU','Palma de Mallorca','Calle de Rubén Darío, 15','Mallorca',NULL,'Blau',NULL),
(1699,'PENYA ESPORTIVA S''ARENAL ATLETIC','Marratxí','Calle de Arxiduc Lluís Salvador, 28','Mallorca',NULL,'Negre',NULL),
(1702,'C D IBIZA ISLAS PITIUSAS','Eivissa','Calle de Joan Xicó, 6','Eivissa - Formentera',NULL,'Negre',NULL),
(1703,'BUNYOLA CLUB DE FUTBOL','Bunyola','Paseo Marítimo, 50','Mallorca',NULL,'Blau',NULL),
(1705,'CLUB ESPORTIU ARTÀ ATLÈTIC','Artà','Calle de Rubén Darío, 15','Mallorca',NULL,'Blanc',NULL),
(1706,'CLUB RECREATIVO SON CALIU','Calvià','Carrer del Sindicat, 6','Mallorca',NULL,'Gris',NULL),
(1708,'UNIÓ ESPORTIVA DE FUTBOL SANTA MARIA','Santa María Del Camí','Carrer de la Unió, 17','Mallorca',NULL,'Blanc',NULL),
(1709,'CLUB DE FUTBOL SPORTING DE MAHON','Maó','Calle de Alfons III, 18','Menorca',NULL,'Taronja',NULL),
(1710,'CLUB ESPORTIU PLA DE SANT JORDI','Palma de Mallorca','Carrer de Sant Miquel, 51','Mallorca',NULL,'Vermell',NULL),
(1711,'ATLÉTIC CLUB DEL COL.LEGI PEDRO POVEDA','Palma de Mallorca','Calle de Joan Miró, 29','Mallorca',NULL,'Vermell',NULL),
(1712,'UNIÓN DEPORTIVA SON VERÍ','Llucmajor','Carrer del General Riera, 9','Mallorca',NULL,'Vermell',NULL),
(1713,'ATHLETIC CLUB DE MONTUIRI','Montuïri','Paseo del Borne, 8','Mallorca',NULL,'Gris',NULL),
(1714,'CLUB DEPORTIVO VIVA SPORTS MASUNGA','Palma de Mallorca','Calle de Manacor, 10','Mallorca',NULL,'Vermell',NULL),
(1717,'CLUB DEPORTIVO MADRE ALBERTA ATLÉTICO','Palma de Mallorca','Paseo Marítimo, 50','Mallorca',NULL,'Groc',NULL),
(1718,'C.D. ES JONQUET PENYA ARRABAL','Palma de Mallorca','Carrer del General Riera, 9','Mallorca',NULL,'Groc',NULL),
(1719,'BINISSALEM ATLÈTIC','Binissalem','Calle de Joan Miró, 29','Mallorca',NULL,'Blanc',NULL),
(1720,'PÒRTOL FUTBOL CLUB','Marratxí','Carrer de la Unió, 17','Mallorca',NULL,'Taronja',NULL),
(1726,'INTER IBIZA C D','Eivissa','Avenida de Santa Eulària des Riu, 45','Eivissa - Formentera',NULL,'Taronja',NULL),
(1727,'POLLENÇA I PORT FUTBOL CLUB','Pollença','Calle de Rubén Darío, 15','Mallorca',NULL,'Blau',NULL),
(1729,'A.E. LLEVANT DE MANACOR FUTSAL','Manacor','Calle Blanquerna, 33','Mallorca',NULL,'Taronja',NULL),
(1732,'CD SAN ALONSO 08','Palma de Mallorca','Calle de Blanquerna, 22','Mallorca',NULL,'Groc',NULL),
(1733,'C.E. SALA 5 MANACOR','Manacor','Plaza Mayor, 3','Mallorca',NULL,'Blanc',NULL),
(1737,'C D SAN PABLO-EIVISSA','Eivissa','Calle de Ramón Muntaner, 13','Eivissa - Formentera',NULL,'Negre',NULL),
(1738,'FUTBOL SALA ATLÉTICO MERCADAL','Mercadal (Es)','Calle de Sant Roc, 11','Menorca',NULL,'Blau',NULL),
(1741,'DEPORTIVO MARRATXI CLUB DE FUTBOL','Marratxí','Calle de Joan Miró, 29','Mallorca',NULL,'Taronja',NULL),
(1743,'SPORTING SANTA PONSA TALARRUBIAS','Calvià','Calle del Marquès de la Sènia, 44','Mallorca',NULL,'Taronja',NULL),
(1744,'CLUB FUTBOL TAUJÀ','Santa Eugènia','Calle de San Miguel, 12','Mallorca',NULL,'Vermell',NULL),
(1745,'SPORTING CLUB FUTBOL MANACOR','Manacor','Calle de la Industria, 21','Mallorca',NULL,'Blanc',NULL),
(1746,'CLUB DE FUTBOL CIUTAT D''ALAIOR','Alaior','Avenida de la Constitución, 30','Menorca',NULL,'Gris',NULL),
(1747,'SANTANYÍ CLUB DE FUTBOL','Santanyí','Plaza Mayor, 3','Mallorca',NULL,'Gris',NULL),
(1748,'UNIÓ ESPORTIVA ATLÈTIC ALARÓ','Alaró','Calle de Arxiduc Lluís Salvador, 28','Mallorca',NULL,'Vermell',NULL),
(1750,'CLUB DEPORTIVO S''ILLOT/CALA MORLANDA','Manacor','Carrer del Sindicat, 6','Mallorca',NULL,'Vermell',NULL),
(1754,'ASSOCIACIÓ ESPORTIVA SALZINAR FUTBOL SALA','Capdepera','Carrer de Jaume III, 1','Mallorca',NULL,'Blanc',NULL),
(1755,'C D IBIZA FUTBOL SALA','Eivissa','Paseo de Vara de Rey, 8','Eivissa - Formentera',NULL,'Blanc',NULL),
(1756,'CLUB ESPORTIU ATHLÈTIC HUIALFÀS','Pobla (Sa)','Calle del Marquès de la Sènia, 44','Mallorca',NULL,'Groc',NULL),
(1758,'SOCIETAT ESPORTIVA ALCUDIA FUTSAL','Alcúdia','Carrer de la Unió, 17','Mallorca',NULL,'Blau',NULL),
(1759,'CLUB DEPORTIVO SAN ROQUE','Palma de Mallorca','Carrer de Jaume III, 1','Mallorca',NULL,'Groc',NULL),
(1760,'SPORTING SANT JOAN CLUB ESPORTIU','Sant Joan','Carrer del General Riera, 9','Mallorca',NULL,'Taronja',NULL),
(1762,'CLUB DEPORTIVO INTER CAMPOS FUBOLSALA','Campos','Paseo Marítimo, 50','Mallorca',NULL,'Blanc',NULL),
(1764,'CD ATLÉTICO SPORTING DE MAHÓN','Maó','Calle del Bastió, 9','Menorca',NULL,'Blau',NULL),
(1765,'COSMITOS ESPORTIU CLUB','Formentera','Calle del Historiador Clapés, 11','Eivissa - Formentera',NULL,'Gris',NULL),
(1766,'CLUB ATLETICO ALDOSIVI DE MALLORCA','Palma de Mallorca','Calle de Eusebi Estada, 37','Mallorca',NULL,'Gris',NULL),
(1767,'CLUB DEPORTIVO S''ARRACÓ','Andratx','Carrer del Sindicat, 6','Mallorca',NULL,'Taronja',NULL),
(1768,'ATLÈTIC PETRA FUTSAL','Petra','Calle Blanquerna, 33','Mallorca',NULL,'Vermell',NULL),
(1769,'CLUB ESPORTIU CIUTAT D''INCA FUTSAL','Inca','Calle de la Industria, 21','Mallorca',NULL,'Taronja',NULL),
(1770,'CLUB SOCIAL ESPORTIU JUAN DE ÁVILA','Palma de Mallorca','Calle de San Miguel, 12','Mallorca',NULL,'Negre',NULL),
(1771,'CLUB DEPORTIVO SOCIAL SES PAïSSES','Sant Antoni De Portmany','Calle de Pla de Rei, 4','EIvissa - Formentera',NULL,'Blanc',NULL),
(1772,'CLUB DE FUTBOL PLAYA DE PALMA','Llucmajor','Calle de Blanquerna, 22','Mallorca',NULL,'Negre',NULL),
(1773,'LA UNIÓN DEPORTIVA ISLEÑAS','Sant Antoni De Portmany','Calle del Faro de la Mola, 1','EIvissa - Formentera',NULL,'Negre',NULL),
(1775,'ATLÈTIC SENSELLES CLUB ESPORTIU','Sencelles','Carrer del Sindicat, 6','Mallorca',NULL,'Groc',NULL),
(1777,'CLUB ESPORTIU FUTSALCUDIA','Alcúdia','Avenida Gabriel Alomar, 19','Mallorca',NULL,'Negre',NULL),
(1778,'CIDE CLUB DE FUTBOL','Palma de Mallorca','Avenida Jaime III, 45','Mallorca',NULL,'Blanc',NULL),
(1780,'SOCIETAT ESPORTIVA JOVENTUT BUNYOLA','Bunyola','Carrer del General Riera, 9','Mallorca',NULL,'Vermell',NULL),
(1781,'CLUB DEPORTIVO MALLORCA BEACH SOCCER','Capdepera','Calle de Eusebi Estada, 37','Mallorca',NULL,'Negre',NULL),
(1782,'CLUB ESPORTIU PALMANOVA','Calvià','Calle de Rubén Darío, 15','Mallorca',NULL,'Negre',NULL),
(1783,'CLUB DE FUTBOL VIRGEN DE LLUC','Palma de Mallorca','Calle de Arxiduc Lluís Salvador, 28','Mallorca',NULL,'Blau',NULL),
(8888,'FFIB','Palma de Mallorca','Carrer de la Unió, 17','Mallorca',NULL,'Vermell',NULL),
(8889,'SELECCION MENORCA','Maó','Plaza del Príncipe, 5','Menorca',NULL,'Gris',NULL),
(8891,'Consell Menorca Ajuntaments','Maó','Avenida Fort de l''Eau, 21','Menorca',NULL,'Taronja',NULL);

INSERT INTO `equip` (`id_equip`,`id_club`,`nom`,`id_camp`,`id_subcategoria`,`nom_entrenador`)
VALUES
(1,1702,'CD IBIZA ISLAS PITIUSAS',283,9,'Morales Pérez, Isabel'),
(2,1678,'INTER MANACOR',23,9,'Harris, George'),
(3,1350,'PLATGES DE CALVIA "A"',196,9,'Yamamoto, Aiko'),
(4,1292,'COLLERENSE "A"',179,9,'Sánchez Ruiz, Antonio'),
(5,1104,'ALCUDIA "A"',137,9,'Evans, Charlotte'),
(6,1077,'ARENAL "A"',120,9,'Müller, Leon'),
(7,1058,'SANTANYI DEL AT.B.',100,9,'Gutiérrez López, Sergio'),
(8,1027,'CE MERCADAL',63,9,'Patel, Nisha'),
(9,1023,'FELANITX',52,9,'Kim, Hyun-jin'),
(10,1021,'SOLLER "A"',48,9,'Williams, David'),
(11,1019,'MALLORCA "B"',46,9,'Ferreira, Bruno'),
(12,1015,'CE ALAIOR',39,9,'Johnson, Zoe'),
(13,1013,'POBLENSE "A"',34,9,'Castillo Fernández, Elena'),
(14,1012,'LLOSETENSE "A"',30,9,'Brown, Christopher'),
(15,1010,'PORTMANY',26,9,'Rodríguez Sánchez, Laura'),
(16,1009,'MANACOR',23,9,'Singh, Ravi'),
(17,1004,'CONSTANCIA "A"',10,9,'Costa Pereira, Rafael'),
(18,1001,'BINISSALEM "A"',1,9,'Thompson, Olivia'),
(19,1743,'SP. STA PONSA TALARRUBIAS',270,10,'Yang, Jie'),
(20,1720,'PÒRTOL "A"',183,10,'Hernández García, Julia'),
(21,1713,'ATHLETIC CLUB MONTUIRI',233,10,'Kim, Joon'),
(22,1712,'SON VERÍ "A"',120,10,'O''Donnell, Molly'),
(23,1690,'CALA MILLOR',278,10,'Martínez Torres, Andrés'),
(24,1671,'SANTA PONSA "A"',270,10,'Wilson, Harry'),
(25,1499,'SANTA MONICA',223,10,'Chen, Mei'),
(26,1444,'SANTA CATALINA ATº "A"',218,10,'López García, Marcos'),
(27,1350,'PLATGES DE CALVIA "B"',196,10,'Andersen, Freja'),
(28,1282,'SON CLADERA "A"',172,10,'Silva Rodrigues, Pedro'),
(29,1133,'PLA DE NA TESA "A"',153,10,'Robinson, Hannah'),
(30,1122,'ESPORLES',145,10,'Fernández López, Alberto'),
(31,1107,'XILVAR',139,10,'Taylor, Mia'),
(32,1104,'ALCUDIA "B"',137,10,'Chang, Hyeon'),
(33,1102,'ALGAIDA',135,10,'González Pérez, Lucía'),
(34,1095,'SANT JORDI "A"',132,10,'Smith, Anthony'),
(35,1076,'RTVº LA VICTORIA',116,10,'Patel, Rohan'),
(36,1073,'FERRIOLENSE "A"',113,10,'Reyes Díaz, Silvia'),
(37,1059,'CAMPOS',102,10,'Müller, Emma'),
(38,1056,'INDEPENDIENTE C/R',97,10,'Johnson, Jack'),
(39,1055,'ATLÉTICO RAFAL "A"',94,10,'Pérez López, Patricia'),
(40,1051,'ALARO "A"',90,10,'Costa Almeida, Miguel'),
(41,1048,'ROTLET-MOLINAR "A"',88,10,'García Torres, Sara'),
(42,1041,'MURENSE',81,10,'Martin, Alice'),
(43,1036,'ANDRATX "B"',76,10,'Ahmed, Hassan'),
(44,1034,'CALVIA',73,10,'González Martínez, Juan'),
(45,1029,'SERVERENSE',66,10,'Jackson, Lily'),
(46,1026,'CE ESPANYA',58,10,'Kim, Soo-jin'),
(47,1025,'SINEU',55,10,'Silva Costa, Daniela'),
(48,1014,'PETRA',37,10,'Brown, Matthew'),
(49,1011,'CARDASSAR "A"',28,10,'Díaz Fernández, Claudia'),
(50,1008,'PORRERES "A"',22,10,'Yamamoto, Akira'),
(51,1775,'ATLÈTIC SENCELLES',276,11,'Ochoa López, Carlos'),
(52,1767,'S''ARRACO',308,11,'Lee, Ji-hyun'),
(53,1759,'SAN ROQUE "A"',302,11,'Taylor, Sam'),
(54,1756,'ATHLÈTIC HUIALFÀS',35,11,'Rossi, Alessandra'),
(55,1727,'POLLENÇA I PORT',291,11,'Torres Sánchez, Adriana'),
(56,1708,'UNIÓ ESPORTIVA STA MARIA',285,11,'Nguyen, Anh'),
(57,1692,'VIVA SPORTS',262,11,'Smith, Lucas'),
(58,1664,'BALEARES SIN FRONTERAS',201,11,'Rodríguez Pérez, Irene'),
(59,1589,'MARIA DE LA SALUT',243,11,'Johnson, Harry'),
(60,1568,'ATº MARRATXÍ',240,11,'Kim, Seul-ki'),
(61,1369,'JUV. C''AN PICAFORT',199,11,'Costa Silva, Inês'),
(62,1348,'VILAFRANCA',195,11,'Thomas, Charles'),
(63,1336,'MONTAURA',192,11,'García Sánchez, Raquel'),
(64,1318,'COL. SAN PEDRO "A"',187,11,'Brown, Joshua'),
(65,1303,'LA UNION "A"',149,11,'Singh, Pooja'),
(66,1296,'SP. SANT MARÇAL',183,11,'Andersen, Henrik'),
(67,1246,'PORT DE SOLLER',48,11,'Wilson, Grace'),
(68,1242,'S''HORTA',166,11,'López González, Ignacio'),
(69,1131,'ALQUERIA DEL FELANITX',152,11,'Yamamoto, Yuna'),
(70,1114,'CAMPANET',143,11,'Patel, Meera'),
(71,1094,'GENOVA',130,11,'Hernández Torres, Adrián'),
(72,1079,'SON SARDINA "A"',124,11,'Müller, Lotte'),
(73,1065,'PORTO CRISTO',107,11,'Smith, Jackson'),
(74,1055,'ATLÉTICO RAFAL "B"',94,11,'Sánchez Martínez, Ana'),
(75,1031,'ESCOLAR',70,11,'Lee, Jiho'),
(76,1028,'ARTA',64,11,'Silva Rodrigues, Leonardo'),
(77,1021,'SOLLER "B"',48,11,'Thompson, Chloe'),
(78,1011,'CARDASSAR "B"',28,11,'García Pérez, David'),
(79,1006,'CD CONSELL "A"',18,11,'Robinson, Sophie'),
(80,1004,'CONSTANCIA "B"',11,11,'O''Connor, Patrick'),
(81,1001,'BINISSALEM "B"',1,11,'Chang, Seung'),
(82,1772,'PLAYA DE PALMA DEL SON VERÍ',120,12,'Fernández Torres, Julia'),
(83,1766,'ATº ALDOSIVI DE MALLORCA',88,12,'Johnson, James'),
(84,1759,'SAN ROQUE "B"',302,12,'Kim, Ji-yeon'),
(85,1750,'C.D.SILLOT',107,12,'Costa Pereira, Tiago'),
(86,1744,'TAUJÀ',276,12,'Taylor, Emma'),
(87,1741,'DEPORTIVO MARRATXI',240,12,'Pérez Hernández, Natalia'),
(88,1720,'PÒRTOL "B"',183,12,'Evans, Daniel'),
(89,1703,'BUNYOLA CLUB DE FUTBOL',284,12,'Rodríguez López, Alberto'),
(90,1698,'SON SARDINA RECREATIU',124,12,'Singh, Amrita'),
(91,1683,'PALMANYOLA "B"',274,12,'Yamamoto, Kenji'),
(92,1683,'PALMANYOLA "A"',274,12,'García Martínez, Lucas'),
(93,1674,'UNIÓN LATINA',273,12,'Brown, Isabelle'),
(94,1671,'SANTA PONSA "B"',270,12,'Kim, Hye-won'),
(95,1627,'CE SON MACIÀ',254,12,'López Sánchez, Mario'),
(96,1626,'URBANITZACIONS',120,12,'Wilson, Ethan'),
(97,1611,'RTVº PUIGPUNYENT I GALILEA',248,12,'Costa Oliveira, Sofia'),
(98,1537,'SON SARDINA AT D.S.S.',124,12,'Martin, Henry'),
(99,1444,'SANTA CATALINA ATº "B"',218,12,'Fernández Pérez, Claudia'),
(100,1429,'SON FERRER',210,12,'Zhang, Yu'),
(101,1398,'C.A. DE PAGUERA "B"',204,12,'Hernández Jiménez, Pedro'),
(102,1398,'C.A. DE PAGUERA "A"',204,12,'Smith, Sarah'),
(103,1318,'COL. SAN PEDRO "B"',187,12,'Yamamoto, Yuki'),
(104,1303,'LA UNIÓN "B"',149,12,'López Fernández, Marcos'),
(105,1301,'UNIO ESPORTIVA VALLDEMOSSA',185,12,'Brown, Isabella'),
(106,1292,'COLLERENSE "B"',179,12,'Müller, Daniel'),
(107,1282,'SON CLADERA "B"',172,12,'García Rodríguez, María'),
(108,1281,'CALA D''OR',170,12,'Patel, Rohit'),
(109,1184,'UNIÓ ESPORTIVA LLORET DEL SINEU',165,12,'Kim, Dae-jung'),
(110,1133,'PLA DE NA TESA "B"',153,12,'Johnson, Andrew'),
(111,1110,'A-LLUBI',141,12,'Ferreira, Catarina'),
(112,1102,'ALGAIDA "B"',135,12,'Thompson, Emily'),
(113,1095,'SANT JORDI "B"',132,12,'Castillo González, Alejandro'),
(114,1079,'SON SARDINA "B"',124,12,'Taylor, Grace'),
(115,1077,'ARENAL "B"',120,12,'Rodríguez Cruz, Teresa'),
(116,1073,'FERRIOLENSE "B"',113,12,'Singh, Anjali'),
(117,1067,'SAN CAYETANO',110,12,'Costa Santos, Rafael'),
(118,1052,'SES SALINES',91,12,'Wilson, Sophia'),
(119,1051,'ALARÓ "B"',90,12,'Chen, Wei'),
(120,1048,'ROTLET- MOLINAR "B"',88,12,'Hernández López, Antonio'),
(121,1029,'SERVERENSE "B"',66,12,'Kim, Jisoo'),
(122,1013,'POBLENSE "B"',35,12,'O''Donnell, Sean'),
(123,1012,'LLOSETENSE "B"',30,12,'Martínez Rodríguez, Andrea'),
(124,1008,'PORRERES "B"',22,12,'Evans, David'),
(125,1006,'CD CONSELL "B"',18,12,'Chen, Li'),
(126,1771,'CDS SES PAÏSSES',84,13,'López Gómez, Laura'),
(127,1726,'INTER IBIZA',216,13,'Andersen, Soren'),
(128,1544,'IBIZA INSULAR DEL I.I.P.',190,13,'Silva Mendes, Pedro'),
(129,1475,'LUCHADOR',26,13,'Robinson, Ella'),
(130,1440,'UD IBIZA "B"',216,13,'Fernández Ramírez, Javier'),
(131,1439,'SANTA GERTRUDIS',214,13,'Taylor, Noah'),
(132,1437,'B. SAN AGUSTIN',213,13,'Chang, Eun-ji'),
(133,1255,'PE SANT JORDI',168,13,'González Morales, Alicia'),
(134,1160,'SANT JOSEP',163,13,'Smith, Jack'),
(135,1071,'FORMENTERA "B"',112,13,'Patel, Arvind'),
(136,1042,'SAN RAFAEL',84,13,'Reyes Hernández, Miguel'),
(137,1030,'PEÑA DEPORTIVA "B"',68,13,'Müller, Sophie'),
(138,1709,'CF SPORTING DE MAHON',288,14,'Johnson, Tom'),
(139,1264,'PENYA CIUTADELLA ESPORTIVA',156,14,'Pérez Cruz, Sofía'),
(140,1151,'NORTEÑO',158,14,'Costa Martins, Marta'),
(141,1134,'CCE SANT LLUIS',155,14,'García Díaz, Luis'),
(142,1124,'ATLETICO VILLACARLOS',147,14,'Martin, Anna'),
(143,1082,'CD MIGJORN',126,14,'Ahmed, Mohammed'),
(144,1062,'UE SAMI',105,14,'González Ramírez, Julia'),
(145,1037,'AT CIUTADELLA',80,14,'Jackson, Charlotte'),
(146,1007,'CE FERRERIES',20,14,'Kim, Min-ho'),
(147,1005,'UD MAHON',15,14,'Silva Lima, Clara'),
(148,1003,'CD MENORCA',9,14,'Brown, James'),
(149,1759,'SAN ROQUE',302,15,'Díaz Jiménez, Natalia'),
(150,1741,'DEPORTIVO MARRATXI "B"',240,15,'Yamamoto, Satoshi'),
(151,1727,'POLLENÇA I PORT',291,15,'Ochoa Martínez, Lucas'),
(152,1698,'SON SARDINA RECREATIU',124,15,'Lee, Jae-hyun'),
(153,1654,'BELLVER PALMA',262,15,'Taylor, Oscar'),
(154,1612,'SP. SON FERRER',210,15,'Rossi, Marco'),
(155,1537,'SON SARDINA AT D.S.S. "B"',124,15,'Torres Jiménez, Inés'),
(156,1350,'PLATGES DE CALVIA',196,15,'Nguyen, Linh'),
(157,1292,'COLLERENSE "C"',179,15,'Smith, Peter'),
(158,1184,'UNIÓ ESPORTIVA LLORET DEL SINEU',165,15,'Rodríguez Díaz, Marta'),
(159,1102,'ALGAIDA "B"',135,15,'Johnson, Lily'),
(160,1088,'ATº MANACOR D.M.',23,15,'Kim, Eun-ji'),
(161,1076,'RTVº LA VICTORIA',116,15,'Costa Oliveira, Manuel'),
(162,1065,'PORTO CRISTO',107,15,'Thomas, William'),
(163,1058,'SANTANYI DEL AT.B.',100,15,'García Sánchez, Raúl'),
(164,1056,'INDEPENDIENTE C/R "B"',97,15,'Brown, Chloe'),
(165,1028,'ARTA',64,15,'Singh, Suresh'),
(166,1004,'CONSTANCIA "B"',11,15,'Andersen, Line'),
(167,1346,'BALEARS "A"',5,16,'Wilson, Amelia'),
(168,1346,'BALEARS "B"',5,17,'López Ramírez, Diego'),
(169,1292,'COLLERENSE "A"',179,17,'Yamamoto, Hana'),
(170,1079,'SON SARDINA',124,17,'Patel, Amit'),
(171,1727,'POLLENÇA I PORT',292,18,'Hernández Cruz, Laura'),
(172,1673,'ATº MONTAURA DEL M.',194,18,'Müller, Jonas'),
(173,1612,'SP. SON FERRER',211,18,'Smith, Ethan'),
(174,1435,'RTVº SAN FRANCISCO D.S.F.AT.',159,18,'Sánchez Jiménez, Ana'),
(175,1378,'JOVENTUD MALLORCA',201,18,'Lee, Soo-jin'),
(176,1369,'JUV. C''AN PICAFORT',200,18,'Silva Rocha, Joana'),
(177,1351,'ATº PL. DE CALVIA DEL P.C.',197,18,'Thompson, Alex'),
(178,1350,'PLATGES DE CALVIA',197,18,'García Hernández, Sergio'),
(179,1318,'COL. SAN PEDRO',188,18,'Robinson, Emma'),
(180,1292,'COLLERENSE',179,18,'O''Connor, Kevin'),
(181,1123,'ATº SAN CAYETANO D.S.C.',111,18,'Chang, Hye-jin'),
(182,1079,'SON SARDINA',124,18,'Fernández García, Elena'),
(183,1067,'SAN CAYETANO',111,18,'Johnson, Jacob'),
(184,1065,'PORTO CRISTO "B"',109,18,'Kim, Yeon'),
(185,1065,'PORTO CRISTO "A"',108,18,'Costa Melo, Sofia'),
(186,1056,'INDEPENDIENTE C/R',98,18,'Taylor, Isabelle'),
(187,1052,'SES SALINES',92,18,'Pérez Jiménez, Tomás'),
(188,1031,'ESCOLAR',72,18,'Evans, Benjamin'),
(189,1011,'CARDASSAR',29,18,'Rodríguez Gómez, Alberto'),
(190,1009,'MANACOR',23,18,'Singh, Pankaj'),
(191,1004,'CONSTANCIA',14,18,'Yamamoto, Michiko'),
(192,1663,'CLUB CARDASSAR ATLÉTIC',29,19,'García Martín, Carlos'),
(193,1654,'BELLVER PALMA',261,19,'Brown, Abigail'),
(194,1369,'JUV. C''AN PICAFORT',200,19,'Kim, Soo-min'),
(195,1350,'PLATGES DE CALVIA',197,19,'López Morales, Juan'),
(196,1076,'RTVº LA VICTORIA',117,19,'Wilson, Samuel'),
(197,1052,'C D SES SALINES',92,19,'Costa Pereira, Beatriz'),
(198,1025,'SINEU',56,19,'Martin, Liam'),
(199,1683,'PALMANYOLA',274,20,'Fernández Pérez, Laura'),
(200,1673,'ATº MONTAURA DEL M.',192,20,'Zhang, Xiu'),
(201,1444,'SANTA CATALINA ATº',220,20,'Morales Sánchez, Álvaro'),
(202,1095,'SANT JORDI',133,20,'Smith, Olivia'),
(203,1052,'C D SES SALINES',92,20,'Yamamoto, Rina'),
(204,1028,'ARTA',65,20,'López Jiménez, Jorge'),
(205,1727,'POLLENÇA I PORT',291,21,'Brown, Alex'),
(206,1706,'RTVº. SON CALIU',238,21,'Müller, Lea'),
(207,1622,'MADRE ALBERTA',110,21,'García Pérez, Marta'),
(208,1609,'SP. ATº CIUTAT DE PALMA',245,21,'Patel, Rajesh'),
(209,1601,'PALMA F.C.',159,21,'Kim, Min-jae'),
(210,1468,'RTVº PENYA ARRABAL',175,21,'Johnson, Michael'),
(211,1350,'PLATGES DE CALVIA "B"',196,21,'Ferreira, Mariana'),
(212,1296,'SP. SANT MARÇAL',183,21,'Thompson, Benjamin'),
(213,1291,'PENYA ARRABAL "B"',175,21,'Castillo López, Daniel'),
(214,1282,'SON CLADERA "A"',172,21,'Taylor, Mia'),
(215,1155,'LA SALLE ATº',41,21,'Rodríguez Sánchez, Andrea'),
(216,1104,'ALCUDIA "A"',137,21,'Singh, Sunita'),
(217,1079,'SON SARDINA "A"',124,21,'Costa Rodrigues, Paulo'),
(218,1077,'ARENAL "A"',120,21,'Wilson, Olivia'),
(219,1073,'FERRIOLENSE "A"',113,21,'Chen, Jian'),
(220,1059,'CAMPOS',102,21,'Hernández García, Teresa'),
(221,1055,'ATLÉTICO RAFAL "A"',94,21,'Kim, Ha-neul'),
(222,1051,'ALARO',90,21,'O''Donnell, Fiona'),
(223,1044,'PATRONATO "A"',85,21,'Martínez López, Javier'),
(224,1029,'SERVERENSE "A"',66,21,'Evans, Elizabeth'),
(225,1028,'ARTA',64,21,'Chen, Zhao'),
(226,1026,'CE ESPANYA',58,21,'López Fernández, Clara'),
(227,1023,'FELANITX',52,21,'Andersen, Kasper'),
(228,1021,'SOLLER "A"',48,21,'Silva Costa, Nuno'),
(229,1016,'SD LA SALLE "B"',41,21,'Robinson, Olivia'),
(230,1014,'PETRA',37,21,'Fernández Rodríguez, Isabel'),
(231,1013,'POBLENSE "B"',35,21,'Taylor, Max'),
(232,1011,'CARDASSAR',28,21,'Chang, Min-seo'),
(233,1009,'MANACOR "B"',23,21,'González López, Carlos'),
(234,1004,'CONSTANCIA "B"',11,21,'Smith, Ava'),
(235,1002,'ATº BALEARES "B"',5,21,'Patel, Priya'),
(236,1001,'BINISSALEM "A"',1,21,'Reyes García, David'),
(237,1756,'ATHLÈTIC HUIALFÀS',35,22,'Müller, Hanna'),
(238,1720,'PÒRTOL',183,22,'Johnson, Luke'),
(239,1712,'SON VERÍ',58,22,'Pérez Rodríguez, Laura'),
(240,1708,'UNIÓ ESPORTIVA STA MARIA',285,22,'Costa Martins, João'),
(241,1705,'ARTÀ ATLÈTIC DEL A.',64,22,'García Jiménez, Sara'),
(242,1703,'BUNYOLA CLUB DE FUTBOL "B"',284,22,'Martin, Ella'),
(243,1694,'LLAÜT',280,22,'Ahmed, Abdullah'),
(244,1688,'INTERPLÀ DEL T.',276,22,'González Hernández, Samuel'),
(245,1678,'INTER MANACOR',23,22,'Jackson, Madison'),
(246,1671,'SANTA PONSA',270,22,'Kim, Ji-hye'),
(247,1654,'BELLVER PALMA "A"',262,22,'Silva Santos, Mariana'),
(248,1622,'MADRE ALBERTA "B"',45,22,'Brown, Daniel'),
(249,1610,'SP. RTVO CIUTAT DE PALMA',245,22,'Díaz Fernández, Paula'),
(250,1608,'SP. CIUTAT DE PALMA',245,22,'Yamamoto, Haruki'),
(251,1603,'CALVIA ATº DEL C.',73,22,'Ochoa Rodríguez, Gabriel'),
(252,1583,'SP. SANT MARÇAL ATº D.SP.SM.',183,22,'Lee, Hyeon'),
(253,1582,'ES RAVAL DE STA. C.',218,22,'Taylor, Leo'),
(254,1543,'ES PLA',233,22,'Rossi, Lorenzo'),
(255,1537,'SON SARDINA AT D.S.S.',124,22,'Torres González, Claudia'),
(256,1525,'CAMPOS ATLÉTIC D.C.',102,22,'Nguyen, Quang'),
(257,1499,'SANTA MONICA "B"',223,22,'Smith, Jonathan'),
(258,1499,'SANTA MONICA "A"',223,22,'Rodríguez Hernández, Sandra'),
(259,1486,'MERCAT DE STA.CATALINA DEL S.C.AT',218,22,'Johnson, Henry'),
(260,1444,'SANTA CATALINA ATº "B"',218,22,'Kim, Soo-yeon'),
(261,1430,'JOVENTUT MALLORCA ATLÈTIC',201,22,'Costa Silva, Tiago'),
(262,1378,'JOVENTUT MALLORCA',201,22,'Thomas, Elizabeth'),
(263,1369,'JUV. C''AN PICAFORT',199,22,'García Rodríguez, Elena'),
(264,1365,'ROTLET MOLINAR ATº',88,22,'Brown, Ryan'),
(265,1346,'BALEARS',5,22,'Singh, Meena'),
(266,1336,'MONTAURA',192,22,'Andersen, Emil'),
(267,1303,'LA UNION "B"',149,22,'Wilson, Ava'),
(268,1303,'LA UNION "A"',149,22,'López Sánchez, Martina'),
(269,1292,'COLLERENSE "A"',179,22,'Yamamoto, Yuto'),
(270,1282,'SON CLADERA "B"',172,22,'Patel, Sunil'),
(271,1281,'CALA D''OR',170,22,'Hernández Pérez, Carmen'),
(272,1198,'RTVº PATRONATO ATº',85,22,'Müller, Felix'),
(273,1154,'SAN FRANCISCO "C"',159,22,'Smith, Charlie'),
(274,1133,'PLA DE NA TESA "B"',153,22,'Sánchez Hernández, Victoria'),
(275,1122,'ESPORLES',145,22,'Lee, Seung-min'),
(276,1114,'CAMPANET',143,22,'Silva Pereira, Matilde'),
(277,1110,'A-LLUBI',141,22,'Thompson, Harper'),
(278,1107,'XILVAR',139,22,'García Cruz, Pablo'),
(279,1104,'ALCUDIA "B"',137,22,'Robinson, Aiden'),
(280,1102,'ALGAIDA',135,22,'O''Connor, Sarah'),
(281,1095,'SANT JORDI "B"',132,22,'Chang, Ji-young'),
(282,1095,'SANT JORDI "A"',132,22,'Fernández Jiménez, Tomás'),
(283,1094,'GENOVA',130,22,'Johnson, John'),
(284,1084,'ESTUDIANTES DEL CIDE',127,22,'Kim, Soo-ah'),
(285,1077,'ARENAL "C"',120,22,'Costa Rodrigues, Inês'),
(286,1077,'ARENAL "B"',120,22,'Taylor, Sophie'),
(287,1076,'RTVº LA VICTORIA',116,22,'Pérez Hernández, Nicolás'),
(288,1073,'FERRIOLENSE "C"',113,22,'Evans, Lily'),
(289,1073,'FERRIOLENSE "B"',113,22,'Rodríguez López, Mario'),
(290,1067,'SAN CAYETANO',110,22,'Singh, Rohini'),
(291,1065,'PORTO CRISTO "B"',107,22,'Yamamoto, Kaori'),
(292,1065,'PORTO CRISTO "A"',107,22,'García Morales, Andrés'),
(293,1058,'SANTANYI DEL AT.B.',100,22,'Brown, Lucy'),
(294,1056,'INDEPENDIENTE C/R',97,22,'Kim, Ji-hoon'),
(295,1055,'ATLÉTICO RAFAL "B"',94,22,'López Jiménez, Santiago'),
(296,1052,'SES SALINES',91,22,'Wilson, Jack'),
(297,1048,'ROTLET-MOLINAR "B"',88,22,'Costa Oliveira, Lucas'),
(298,1048,'ROTLET-MOLINAR "A"',88,22,'Martin, Sophia'),
(299,1044,'PATRONATO "B"',85,22,'Fernández Cruz, Isabel'),
(300,1041,'MURENSE',81,22,'Zhang, Hua'),
(301,1036,'ANDRATX "C"',76,22,'Ramírez Torres, Claudia'),
(302,1036,'ANDRATX "B"',76,22,'Smith, Sofia'),
(303,1031,'ESCOLAR',70,22,'Yamamoto, Kenta'),
(304,1029,'SERVERENSE "B"',66,22,'López Martínez, Ignacio'),
(305,1025,'SINEU',55,22,'Brown, Hannah'),
(306,1012,'LLOSETENSE "B"',30,22,'Müller, Elias'),
(307,1012,'LLOSETENSE "A"',30,22,'García Díaz, Alicia'),
(308,1006,'CD CONSELL',18,22,'Patel, Vishal'),
(309,1004,'CONSTANCIA "C"',11,22,'Kim, Ji-min'),
(310,1001,'BINISSALEM "B"',1,22,'Johnson, Sophia'),
(311,1350,'PLATGES DE CALVIA "A"',196,23,'Ferreira, Sofia'),
(312,1154,'SAN FRANCISCO "A"',47,23,'Thompson, Nathan'),
(313,1019,'R.C.D. MALLORCA SAD "A"',46,23,'Castillo García, Sergio'),
(314,1004,'CONSTANCIA "A"',11,23,'Taylor, Mason'),
(315,1726,'INTER IBIZA',216,24,'Rodríguez Fernández, Patricia'),
(316,1544,'IBIZA INSULAR DEL I.I.P.',190,24,'Singh, Rajesh'),
(317,1526,'SANTA EULALIA',68,24,'Costa Pereira, Bruno'),
(318,1440,'UD IBIZA "B"',216,24,'Wilson, Ava'),
(319,1313,'PENYA INDEPENDENT',186,24,'Chen, Bo'),
(320,1293,'AT. JESUS',182,24,'Hernández Ramírez, María'),
(321,1255,'PE SANT JORDI',168,24,'Kim, Soo-jung'),
(322,1160,'SANT JOSEP',163,24,'O''Donnell, Connor'),
(323,1030,'PEÑA DEPORTIVA',68,24,'Martínez García, Julia'),
(324,1010,'PORTMANY "B"',26,24,'Evans, Sophia'),
(325,1709,'CF SPORTING DE MAHON',288,25,'Chen, Ling'),
(326,1402,'DOSA C.F',80,25,'López Jiménez, Lucas'),
(327,1264,'PENYA CIUTADELLA ESPORTIVA "B"',156,25,'Andersen, Astrid'),
(328,1134,'CCE SANT LLUIS "A"',155,25,'Silva Mendes, Ana'),
(329,1124,'ATLETICO VILLACARLOS',147,25,'Robinson, Charlotte'),
(330,1117,'UD SEISLAN/UDM',15,25,'Fernández López, Raúl'),
(331,1062,'UE SAMI',105,25,'Taylor, Noah'),
(332,1027,'CE MERCADAL',63,25,'Chang, Ji-eun'),
(333,1015,'CE ALAIOR "B"',39,25,'González Jiménez, Antonio'),
(334,1007,'FERRERIES "B"',20,25,'Smith, Oliver'),
(335,1005,'UD MAHON',15,25,'Patel, Sandeep'),
(336,1003,'CD MENORCA "C"',9,25,'Reyes López, Javier'),
(337,1003,'CD MENORCA "B"',9,25,'Müller, Charlotte'),
(338,1718,'ES JONQUET PENYA ARRABAL',175,26,'Johnson, Emily'),
(339,1601,'PALMA F.C. "A"',159,26,'Pérez García, Carmen'),
(340,1440,'UD IBIZA "A"',216,26,'Costa Martins, André'),
(341,1350,'PLATGES DE CALVIA "A"',196,26,'García Sánchez, Isabel'),
(342,1346,'BALEARS',5,26,'Martin, Lucas'),
(343,1316,'SAN FRANCISCO ATº',159,26,'Ahmed, Zara'),
(344,1291,'PENYA ARRABAL "A"',175,26,'González Pérez, Mateo'),
(345,1140,'RTVº MALLORCA',47,26,'Jackson, Emily'),
(346,1044,'PATRONATO "A"',85,26,'Kim, Hyun-jin'),
(347,1019,'MALLORCA',47,26,'Silva Santos, Diego'),
(348,1016,'SD LA SALLE "A"',41,26,'Brown, Emma'),
(349,1010,'PORTMANY "A"',26,26,'Díaz Jiménez, Álvaro'),
(350,1007,'CE FERRERIES "A"',20,26,'Yamamoto, Ryo'),
(351,1004,'CONSTANCIA "A"',11,26,'Ochoa Fernández, Laura'),
(352,1003,'CD MENORCA "A"',9,26,'Lee, Jin'),
(353,1002,'ATº BALEARES "A"',5,26,'Taylor, Ava'),
(354,1660,'MARGARITENSE ATLÈTIC',265,27,'Rossi, Giulia'),
(355,1622,'MADRE ALBERTA "A"',110,27,'Torres López, José'),
(356,1609,'SP. ATº CIUTAT DE PALMA',245,27,'Nguyen, Ha'),
(357,1608,'SP. CIUTAT DE PALMA',245,27,'Smith, Christopher'),
(358,1601,'PALMA F.C. "B"',159,27,'Rodríguez Pérez, Andrea'),
(359,1543,'ES PLA "A"',233,27,'Johnson, Liam'),
(360,1468,'RTVº PENYA ARRABAL',175,27,'Kim, Min-kyu'),
(361,1444,'SANTA CATALINA ATº "A"',218,27,'Costa Silva, Rafael'),
(362,1430,'JOVENTUT MALLORCA ATLÈTIC',201,27,'Thomas, Abigail'),
(363,1360,'JUVENTUD CONSTANCIA "A"',11,27,'García Fernández, Lucía'),
(364,1303,'LA UNION "A"',149,27,'Brown, Michael'),
(365,1194,'SALLA',41,27,'Singh, Ritu'),
(366,1155,'LA SALLE ATº',41,27,'Andersen, Jakob'),
(367,1154,'SAN FRANCISCO "A"',159,27,'Wilson, Emily'),
(368,1104,'ALCUDIA "A"',137,27,'López Hernández, Ana'),
(369,1095,'SANT JORDI "A"',132,27,'Yamamoto, Sora'),
(370,1080,'OLIMPIC',23,27,'Patel, Ravi'),
(371,1079,'SON SARDINA "A"',124,27,'Hernández Cruz, Julia'),
(372,1077,'ARENAL "A"',120,27,'Müller, Anna'),
(373,1073,'FERRIOLENSE "A"',113,27,'Smith, Daniel'),
(374,1059,'CAMPOS',102,27,'Sánchez López, Sergio'),
(375,1056,'INDEPENDIENTE C/R "A"',97,27,'Lee, Min-ji'),
(376,1051,'ALARO',90,27,'Silva Rocha, Miguel'),
(377,1036,'ANDRATX',76,27,'Thompson, Emma'),
(378,1028,'ARTA',64,27,'García González, Jorge'),
(379,1026,'CE ESPANYA',58,27,'Robinson, Olivia'),
(380,1021,'SOLLER "A"',48,27,'O''Connor, Emma'),
(381,1013,'POBLENSE',35,27,'Chang, So-yeon'),
(382,1011,'CARDASSAR',28,27,'Fernández Pérez, Raúl'),
(383,1009,'MANACOR',23,27,'Johnson, Benjamin'),
(384,1004,'CONSTANCIA "B"',11,27,'Kim, Seo-yeon'),
(385,1001,'BINISSALEM "A"',1,27,'Costa Pereira, João'),
(386,1778,'CIDE C.F. DEL ESTUDIANTES',127,28,'Taylor, Amelia'),
(387,1767,'S''ARRACÓ',308,28,'Pérez Rodríguez, Valeria'),
(388,1745,'SP. MANACOR',273,28,'Evans, Emma'),
(389,1743,'SP. STA PONSA TALARRUBIAS',270,28,'Rodríguez Ramírez, Luis'),
(390,1727,'POLLENÇA I PORT "B"',291,28,'Singh, Kiran'),
(391,1727,'POLLENÇA I PORT "A"',291,28,'Yamamoto, Emi'),
(392,1714,'VIVA SPORTS MASUNGA DEL V.S.',262,28,'García Cruz, Javier'),
(393,1712,'SON VERÍ',58,28,'Brown, Andrew'),
(394,1708,'UNIÓ ESPORTIVA STA MARIA',285,28,'Kim, Jung'),
(395,1706,'RTVº. SON CALIU',238,28,'López Ramírez, Mateo'),
(396,1703,'BUNYOLA CLUB DE FÚTBOL',284,28,'Wilson, Grace'),
(397,1694,'LLAÜT',280,28,'Costa Oliveira, Diana'),
(398,1692,'VIVA SPORTS',262,28,'Martin, Noah'),
(399,1690,'CALA MILLOR',278,28,'Fernández Torres, Natalia'),
(400,1683,'PALMANYOLA',274,28,'Zhang, Yan'),
(401,1678,'INTER MANACOR',23,28,'Morales García, Daniela'),
(402,1671,'SANTA PONSA',270,28,'Smith, Nicholas'),
(403,1654,'BELLVER PALMA "B"',262,28,'Yamamoto, Sho'),
(404,1654,'BELLVER PALMA "A"',262,28,'López Hernández, Martina'),
(405,1626,'URBANITZACIONS',120,28,'Brown, Isaac'),
(406,1622,'MADRE ALBERTA "B"',110,28,'Müller, Mia'),
(407,1610,'SP. RTVO CIUTAT DE PALMA "B"',245,28,'García Ramírez, Pablo'),
(408,1610,'SP. RTVO CIUTAT DE PALMA "A"',245,28,'Patel, Sneha'),
(409,1583,'SP. SANT MARÇAL ATº D.SP.SM.',183,28,'Kim, Min-seok'),
(410,1582,'ES RAVAL DE STA. C.',218,28,'Johnson, Grace'),
(411,1568,'ATº MARRATXÍ',240,28,'Ferreira, Hugo'),
(412,1543,'ES PLA "C"',233,28,'Thompson, William'),
(413,1543,'ES PLA "B"',233,28,'Castillo Díaz, Carla'),
(414,1538,'POBLENÇ ATº DEL P.',35,28,'Taylor, Isabella'),
(415,1525,'CAMPOS ATLÉTIC D.C.',102,28,'Rodríguez Jiménez, Rubén'),
(416,1499,'SANTA MONICA',223,28,'Singh, Arjun'),
(417,1444,'SANTA CATALINA ATº "B"',218,28,'Costa Mendes, Leonardo'),
(418,1433,'PLA DE NA TESA ATº del P.D.N.T.',153,28,'Wilson, Ava'),
(419,1429,'SON FERRER',210,28,'Chen, Min'),
(420,1378,'JOVENTUT MALLORCA',201,28,'Hernández Pérez, Natalia'),
(421,1369,'JUV. C''AN PICAFORT',199,28,'Kim, Hyeon'),
(422,1360,'JUVENTUD CONSTANCIA "B"',11,28,'O''Donnell, Ryan'),
(423,1335,'SANTA CATALINA',175,28,'Martínez Ramírez, Sergio'),
(424,1333,'SAN PEDRO ATº D.C.S.P.',187,28,'Evans, Ella'),
(425,1318,'COL. SAN PEDRO',187,28,'Chen, Yao'),
(426,1307,'RTVº S''INDIOTERIA D.R.L.V.',116,28,'López García, Carmen'),
(427,1303,'LA UNIÓN "B"',149,28,'Andersen, Karen'),
(428,1296,'SP. SANT MARÇAL',183,28,'Silva Costa, Lucas'),
(429,1292,'COLLERENSE "B"',179,28,'Robinson, Isabella'),
(430,1292,'COLLERENSE "A"',179,28,'Fernández González, Manuel'),
(431,1291,'PENYA ARRABAL "B"',175,28,'Taylor, Jack'),
(432,1282,'SON CLADERA "B"',172,28,'Chang, Min-ho'),
(433,1282,'SON CLADERA "A"',172,28,'González Pérez, Diego'),
(434,1281,'CALA D''OR',170,28,'Smith, Grace'),
(435,1242,'S''HORTA',166,28,'Patel, Neha'),
(436,1198,'RTVº PATRONATO ATº',85,28,'Reyes Jiménez, Sofía'),
(437,1154,'SAN FRANCISCO "B"',159,28,'Müller, Noah'),
(438,1133,'PLA DE NA TESA "B"',153,28,'Johnson, Chloe'),
(439,1133,'PLA DE NA TESA "A"',153,28,'Pérez Sánchez, Javier'),
(440,1130,'LA REAL DE L.U.',149,28,'Costa Martins, João'),
(441,1114,'CAMPANET',143,28,'García Díaz, Sara'),
(442,1110,'A-LLUBI',141,28,'Martin, Ava'),
(443,1107,'XILVAR "B"',139,28,'Ahmed, Fatima'),
(444,1107,'XILVAR "A"',139,28,'González Jiménez, Manuel'),
(445,1104,'ALCUDIA "C"',137,28,'Jackson, Charlotte'),
(446,1104,'ALCUDIA "B"',137,28,'Kim, Ji-won'),
(447,1102,'ALGAIDA',135,28,'Silva Santos, Clara'),
(448,1095,'SANT JORDI "B"',132,28,'Brown, Jacob'),
(449,1094,'GENOVA',130,28,'Díaz Fernández, Álvaro'),
(450,1088,'ATº MANACOR D.M.',23,28,'Yamamoto, Yuri'),
(451,1084,'ESTUDIANTES DEL CIDE "B"',127,28,'Ochoa Ramírez, Adrián'),
(452,1084,'ESTUDIANTES DEL CIDE "A"',127,28,'Lee, Ji-yoon'),
(453,1079,'SON SARDINA "B"',124,28,'Taylor, Max'),
(454,1077,'ARENAL "B"',120,28,'Rossi, Giuseppe'),
(455,1076,'RTVº LA VICTORIA',116,28,'Torres Jiménez, Lucas'),
(456,1073,'FERRIOLENSE "B"',113,28,'Nguyen, Tran'),
(457,1067,'SAN CAYETANO',110,28,'Smith, Michael'),
(458,1065,'PORTO CRISTO "B"',107,28,'Rodríguez García, Lucía'),
(459,1065,'PORTO CRISTO "A"',107,28,'Johnson, Isabella'),
(460,1056,'INDEPENDIENTE C/R "B"',97,28,'Kim, Hyun-seo'),
(461,1055,'ATLÉTICO RAFAL "B"',94,28,'Costa Silva, Diogo'),
(462,1055,'ATLÉTICO RAFAL "A"',94,28,'Thomas, Sophia'),
(463,1052,'SES SALINES',91,28,'García Cruz, Laura'),
(464,1048,'ROTLET MOLINAR "B"',88,28,'Brown, Noah'),
(465,1048,'ROTLET-MOLINAR "A"',88,28,'Singh, Vikas'),
(466,1044,'PATRONATO "B"',85,28,'Andersen, Sofia'),
(467,1041,'MURENSE',81,28,'Wilson, Amelia'),
(468,1034,'CALVIA',73,28,'López González, Raúl'),
(469,1031,'ESCOLAR',70,28,'Yamamoto, Hina'),
(470,1029,'SERVERENSE',66,28,'Patel, Anil'),
(471,1025,'SINEU',55,28,'Hernández Jiménez, Paula'),
(472,1023,'FELANITX',52,28,'Müller, Max'),
(473,1021,'SOLLER "B"',48,28,'Smith, Sofia'),
(474,1016,'SD LA SALLE "B"',41,28,'Sánchez Ramírez, Hugo'),
(475,1014,'PETRA',37,28,'Lee, Ji-hyun'),
(476,1012,'LLOSETENSE',30,28,'Silva Pereira, Carolina'),
(477,1011,'CARDASSAR "B"',28,28,'Thompson, George'),
(478,1006,'CD CONSELL',18,28,'García Ramírez, Daniela'),
(479,1002,'ATº BALEARES "B"',5,28,'Robinson, Jacob'),
(480,1001,'BINISSALEM "B"',1,28,'O''Connor, Megan'),
(481,1726,'INTER IBIZA "A"',216,29,'Chang, Ji-ho'),
(482,1544,'IBIZA INSULAR DEL I.I.P.',190,29,'Fernández Hernández, David'),
(483,1440,'UD IBIZA "B"',216,29,'Johnson, Olivia'),
(484,1293,'AT. JESUS',182,29,'Kim, Seo-jin'),
(485,1255,'PE SANT JORDI "A"',168,29,'Costa Mendes, Sara'),
(486,1160,'SANT JOSEP',163,29,'Taylor, James'),
(487,1071,'FORMENTERA',112,29,'Pérez Ramírez, Juan'),
(488,1042,'SAN RAFAEL',84,29,'Evans, Matthew'),
(489,1030,'PEÑA DEPORTIVA',68,29,'Rodríguez González, Mario'),
(490,1010,'PORTMANY "B"',26,29,'Singh, Ayesha'),
(491,1771,'CDS SES PAÏSSES',84,30,'Yamamoto, Taro'),
(492,1726,'INTER IBIZA "B"',216,30,'García López, Claudia'),
(493,1526,'SANTA EULALIA',68,30,'Brown, Alexander'),
(494,1439,'SANTA GERTRUDIS',214,30,'Kim, Ji-won'),
(495,1436,'SANT CARLES',212,30,'López Pérez, Antonio'),
(496,1327,'CF RAPID DEL I.I.P. "B"',190,30,'Wilson, Emily'),
(497,1327,'CF RAPID DEL I.I.P. "A"',190,30,'Costa Oliveira, Pedro'),
(498,1313,'PENYA INDEPENDENT',186,30,'Martin, Emma'),
(499,1255,'PE SANT JORDI "B"',168,30,'Fernández Gómez, María'),
(500,1709,'CF SPORTING DE MAHON',289,31,'Zhang, Jie'),
(501,1402,'DOSA C.F',80,31,'Morales Pérez, Juan'),
(502,1264,'PENYA CIUTADELLA ESPORTIVA "A"',156,31,'Smith, Mia'),
(503,1124,'ATLETICO VILLACARLOS',147,31,'Yamamoto, Yu'),
(504,1027,'CE MERCADAL "A"',63,31,'López Fernández, Sergio'),
(505,1015,'CE ALAIOR "A"',39,31,'Brown, Olivia'),
(506,1007,'CE FERRERIES "B"',20,31,'Müller, Karl'),
(507,1005,'UD MAHON',15,31,'García Jiménez, Marcos'),
(508,1003,'CD MENORCA "B"',9,31,'Patel, Manisha'),
(509,1764,'ATº SPORTING DE MAHÓN/SP. DE M.',289,32,'Kim, Min-woo'),
(510,1264,'PENYA CIUTADELLA ESPORTIVA "B"',156,32,'Johnson, Ava'),
(511,1145,'PEÑA ORIENT DEPORTIVO del PCE "B"',156,32,'Ferreira, João'),
(512,1145,'PEÑA ORIENT DEPORTIVO D. P.C.E. "A"',156,32,'Thompson, Harper'),
(513,1134,'CCE SANT LLUIS "A"',155,32,'Castillo Ramírez, Nicolás'),
(514,1117,'UD SEISLAN/UDM',15,32,'Taylor, Emma'),
(515,1062,'UE SAMI',105,32,'Rodríguez Fernández, Pedro'),
(516,1027,'CE MERCADAL "B"',63,32,'Singh, Pradeep'),
(517,1015,'CE ALAIOR "B"',39,32,'Costa Santos, Sofia'),
(518,1003,'CD MENORCA "C"',9,32,'Wilson, Grace'),
(519,1706,'RTVº. SON CALIU "A"',238,33,'Chen, Mei'),
(520,1610,'SP. RTVO CIUTAT DE PALMA "A"',245,33,'Hernández Ramírez, Javier'),
(521,1608,'SP. CIUTAT DE PALMA "A"',245,33,'Kim, Hyun'),
(522,1601,'PALMA F.C.',159,33,'O''Donnell, Aoife'),
(523,1335,'SANTA CATALINA',175,33,'Martínez Díaz, Gabriel'),
(524,1303,'LA UNION "A"',149,33,'Evans, Michael'),
(525,1291,'PENYA ARRABAL "A"',175,33,'Chen, Xue'),
(526,1155,'S D LA SALLE ATº',41,33,'López Jiménez, Victoria'),
(527,1154,'SAN FRANCISCO',159,33,'Andersen, Morten'),
(528,1140,'RTVº MALLORCA',47,33,'Silva Costa, Tiago'),
(529,1059,'CAMPOS "A"',102,33,'Robinson, Emily'),
(530,1019,'MALLORCA',47,33,'Fernández García, Manuel'),
(531,1013,'POBLENSE "A"',35,33,'Taylor, Isabella'),
(532,1009,'MANACOR',23,33,'Chang, Ji-ho'),
(533,1004,'CONSTANCIA "A"',11,33,'González Ramírez, Natalia'),
(534,1002,'ATº BALEARES',5,33,'Smith, William'),
(535,1692,'VIVA SPORTS',262,34,'Patel, Preeti'),
(536,1635,'ÀGORA PORTALS "A"',255,34,'Reyes Ramírez, María'),
(537,1622,'MADRE ALBERTA "A"',110,34,'Müller, Johann'),
(538,1568,'ATº MARRATXÍ',240,34,'Johnson, Emma'),
(539,1543,'ES PLA "A"',233,34,'Pérez Cruz, Daniel'),
(540,1444,'SANTA CATALINA ATº "A"',218,34,'Costa Martins, Sofia'),
(541,1369,'JUV. C''AN PICAFORT',199,34,'García Jiménez, Laura'),
(542,1360,'JUVENTUD CONSTANCIA "A"',11,34,'Martin, Alexander'),
(543,1346,'BALEARS',5,34,'Ahmed, Samira'),
(544,1316,'SAN FRANCISCO ATº',159,34,'González Jiménez, Javier'),
(545,1303,'LA UNIÓN "B"',149,34,'Jackson, Mason'),
(546,1291,'PENYA ARRABAL "B"',175,34,'Kim, Yeon-woo'),
(547,1194,'S D SALLA',41,34,'Silva Santos, Gabriel'),
(548,1133,'PLA DE NA TESA "A"',153,34,'Brown, Jacob'),
(549,1104,'ALCUDIA "A"',137,34,'Díaz Fernández, Sofía'),
(550,1088,'ATº MANACOR D.M.',23,34,'Yamamoto, Aoi'),
(551,1080,'OLIMPIC',23,34,'Ochoa Ramírez, Laura'),
(552,1079,'SON SARDINA',124,34,'Lee, Seung-ho'),
(553,1077,'ARENAL',120,34,'Taylor, Max'),
(554,1076,'RTVº LA VICTORIA',116,34,'Rossi, Matteo'),
(555,1073,'FERRIOLENSE "A"',113,34,'Torres González, Hugo'),
(556,1051,'ALARO',90,34,'Nguyen, Phuong'),
(557,1044,'PATRONATO "A"',85,34,'Smith, Hannah'),
(558,1036,'ANDRATX',76,34,'Rodríguez Pérez, Nicolás'),
(559,1034,'CALVIA',73,34,'Johnson, Sophia'),
(560,1029,'SERVERENSE "A"',66,34,'Kim, Jung-hoon'),
(561,1028,'ARTA',64,34,'Costa Silva, João'),
(562,1021,'SOLLER "A"',48,34,'Thomas, Daniel'),
(563,1016,'SD LA SALLE',41,34,'García Ramírez, Miguel'),
(564,1012,'LLOSETENSE',30,34,'Brown, Emily'),
(565,1011,'CARDASSAR',28,34,'Singh, Kavita'),
(566,1001,'BINISSALEM "A"',1,34,'Andersen, Lucas'),
(567,1759,'SAN ROQUE',302,35,'Wilson, Olivia'),
(568,1745,'SP. MANACOR',273,35,'López González, Carlos'),
(569,1727,'POLLENÇA I PORT',291,35,'Yamamoto, Hideo'),
(570,1718,'ES JONQUET PENYA ARRABAL',175,35,'Patel, Anjali'),
(571,1717,'MADRE ALBERTA ATº D.M.A.',110,35,'Hernández García, Mario'),
(572,1708,'UNIÓ ESPORTIVA STA MARIA',285,35,'Müller, Lisa'),
(573,1706,'RTVº. SON CALIU "B"',238,35,'Smith, Lucas'),
(574,1705,'ARTÀ ATLÈTIC DEL A.',64,35,'Sánchez Fernández, David'),
(575,1694,'LLAÜT',280,35,'Lee, Ji-hyeon'),
(576,1690,'CALA MILLOR',278,35,'Silva Pereira, Sofia'),
(577,1683,'PALMANYOLA "B"',274,35,'Thompson, Harper'),
(578,1683,'PALMANYOLA "A"',274,35,'García Pérez, Ana'),
(579,1660,'MARGARITENSE ATLÈTIC',265,35,'Robinson, Noah'),
(580,1654,'BELLVER PALMA "B"',262,35,'O''Connor, Aoife'),
(581,1654,'BELLVER PALMA "A"',262,35,'Chang, Min-kyu'),
(582,1635,'ÀGORA PORTALS "B"',255,35,'Fernández Jiménez, Hugo'),
(583,1626,'URBANITZACIONS',120,35,'Johnson, Michael'),
(584,1622,'MADRE ALBERTA "B"',110,35,'Kim, Seo-jin'),
(585,1620,'RTVº MARRATXÍ del AT.M.',240,35,'Costa Mendes, João'),
(586,1612,'SP. SON FERRER',210,35,'Taylor, Olivia'),
(587,1608,'SP. CIUTAT DE PALMA "B"',245,35,'Pérez García, Lucía'),
(588,1583,'SP. SANT MARÇAL ATº D.SP.SM.',183,35,'Evans, Olivia'),
(589,1576,'RACING CLUB ANDRATX DEL A.',76,35,'Rodríguez López, Antonio'),
(590,1562,'SON CALIU DEL R.S.C.',238,35,'Singh, Neha'),
(591,1543,'ES PLA "C"',195,35,'Yamamoto, Ryoko'),
(592,1543,'ES PLA "B"',233,35,'García Morales, Marcos'),
(593,1538,'POBLENÇ ATº DEL P.',35,35,'Brown, Benjamin'),
(594,1537,'SON SARDINA AT D.S.S. "B"',124,35,'Kim, Jae-ho'),
(595,1537,'SON SARDINA AT D.S.S. "A"',124,35,'López Fernández, Laura'),
(596,1525,'CAMPOS ATLÉTIC D.C.',102,35,'Wilson, Ava'),
(597,1499,'SANTA MONICA',223,35,'Costa Oliveira, Catarina'),
(598,1486,'MERCAT DE STA.CATALINA DEL S.C.AT',218,35,'Martin, Daniel'),
(599,1484,'SON CLADERA ATº DEL S.C.',172,35,'Fernández Torres, Juan'),
(600,1464,'ATº ESCOLAR DEL E.',70,35,'Zhang, Chen'),
(601,1378,'JOVENTUD MALLORCA',201,35,'Morales Pérez, Isabel'),
(602,1369,'JUV. C''AN PICAFORT',199,35,'Harris, George'),
(603,1360,'JUVENTUD CONSTANCIA "B"',11,35,'Yamamoto, Aiko'),
(604,1350,'PLATGES DE CALVIA',196,35,'Sánchez Ruiz, Antonio'),
(605,1349,'RTVº ARENAL DEL A.',120,35,'Evans, Charlotte'),
(606,1336,'MONTAURA',192,35,'Müller, Leon'),
(607,1318,'COL. SAN PEDRO',187,35,'Gutiérrez López, Sergio'),
(608,1307,'RTVº S''INDIOTERIA D.R.L.V.',117,35,'Patel, Nisha'),
(609,1292,'COLLERENSE',179,35,'Kim, Hyun-jin'),
(610,1282,'SON CLADERA "B"',172,35,'Williams, David'),
(611,1282,'SON CLADERA "A"',172,35,'Ferreira, Bruno'),
(612,1281,'CALA D''OR',170,35,'Johnson, Zoe'),
(613,1242,'S''HORTA',166,35,'Castillo Fernández, Elena'),
(614,1122,'ESPORLES',145,35,'Brown, Christopher'),
(615,1114,'CAMPANET',143,35,'Rodríguez Sánchez, Laura'),
(616,1110,'A- LLUBÍ',141,35,'Singh, Ravi'),
(617,1104,'ALCUDIA "B"',137,35,'Costa Pereira, Rafael'),
(618,1102,'ALGAIDA "B"',135,35,'Thompson, Olivia'),
(619,1102,'ALGAIDA "A"',135,35,'Yang, Jie'),
(620,1095,'SANT JORDI',132,35,'Hernández García, Julia'),
(621,1094,'GENOVA "B"',130,35,'Kim, Joon'),
(622,1094,'GENOVA "A"',130,35,'O''Donnell, Molly'),
(623,1084,'ESTUDIANTES DEL CIDE "B"',127,35,'Martínez Torres, Andrés'),
(624,1084,'ESTUDIANTES DEL CIDE "A"',127,35,'Wilson, Harry'),
(625,1067,'SAN CAYETANO',110,35,'Chen, Mei'),
(626,1065,'PORTO CRISTO',107,35,'López García, Marcos'),
(627,1059,'CAMPOS "B"',102,35,'Andersen, Freja'),
(628,1058,'SANTANYI DEL AT.B.',100,35,'Silva Rodrigues, Pedro'),
(629,1056,'INDEPENDIENTE C/R',97,35,'Robinson, Hannah'),
(630,1055,'ATLÉTICO RAFAL "B"',94,35,'Fernández López, Alberto'),
(631,1055,'ATLÉTICO RAFAL "A"',94,35,'Taylor, Mia'),
(632,1052,'SES SALINES',91,35,'Chang, Hyeon'),
(633,1041,'MURENSE',81,35,'González Pérez, Lucía'),
(634,1031,'ESCOLAR',70,35,'Smith, Anthony'),
(635,1026,'CE ESPANYA',58,35,'Patel, Rohan'),
(636,1025,'SINEU',55,35,'Reyes Díaz, Silvia'),
(637,1023,'FELANITX',52,35,'Müller, Emma'),
(638,1014,'PETRA',37,35,'Johnson, Jack'),
(639,1013,'POBLENSE "B"',35,35,'Pérez López, Patricia'),
(640,1004,'CONSTANCIA "B"',11,35,'Costa Almeida, Miguel'),
(641,1726,'INTER IBIZA "A"',216,36,'García Torres, Sara'),
(642,1544,'IBIZA INSULAR DEL I.IS.P. "A"',190,36,'Martin, Alice'),
(643,1526,'SANTA EULALIA',68,36,'Ahmed, Hassan'),
(644,1440,'UD IBIZA "A"',216,36,'González Martínez, Juan'),
(645,1327,'CF RAPID DEL I.IS.P. "A"',190,36,'Jackson, Lily'),
(646,1322,'PORTMANY AT.',26,36,'Kim, Soo-jin'),
(647,1313,'PENYA INDEPENDENT',186,36,'Silva Costa, Daniela'),
(648,1293,'AT. JESUS "A"',182,36,'Brown, Matthew'),
(649,1255,'PE SANT JORDI "A"',168,36,'Díaz Fernández, Claudia'),
(650,1160,'SANT JOSEP "A"',163,36,'Yamamoto, Akira'),
(651,1071,'FORMENTERA "A"',112,36,'Ochoa López, Carlos'),
(652,1030,'PEÑA DEPORTIVA "A"',68,36,'Lee, Ji-hyun'),
(653,1010,'SD PORTMANY',26,36,'Taylor, Sam'),
(654,1709,'CF SPORTING DE MAHON',289,37,'Rossi, Alessandra'),
(655,1264,'PENYA CIUTADELLA ESPORTIVA',156,37,'Torres Sánchez, Adriana'),
(656,1062,'UE SAMI "A"',106,37,'Nguyen, Anh'),
(657,1015,'CE ALAIOR "A"',39,37,'Smith, Lucas'),
(658,1007,'CE FERRERIES "A"',20,37,'Rodríguez Pérez, Irene'),
(659,1005,'UD MAHON',15,37,'Johnson, Harry'),
(660,1003,'CD MENORCA "A"',9,37,'Kim, Seul-ki'),
(661,1771,'CDS SES PAÏSSES "B"',84,38,'Costa Silva, Inês'),
(662,1771,'CDS SES PAïSSES "A"',84,38,'Thomas, Charles'),
(663,1726,'INTER IBIZA "B"',216,38,'García Sánchez, Raquel'),
(664,1544,'IBIZA INSULAR DEL I.IS.P. "B"',190,38,'Brown, Joshua'),
(665,1440,'UD IBIZA "B"',216,38,'Singh, Pooja'),
(666,1439,'SANTA GERTRUDIS',214,38,'Andersen, Henrik'),
(667,1329,'PUIG D''EN VALLS',191,38,'Wilson, Grace'),
(668,1327,'CF RAPID DEL I.IS.P. "B"',190,38,'López González, Ignacio'),
(669,1293,'AT. JESUS "B"',182,38,'Yamamoto, Yuna'),
(670,1255,'PE SANT JORDI "B"',168,38,'Patel, Meera'),
(671,1160,'SANT JOSEP "B"',163,38,'Hernández Torres, Adrián'),
(672,1071,'FORMENTERA "B"',112,38,'Müller, Lotte'),
(673,1042,'SAN RAFAEL',84,38,'Smith, Jackson'),
(674,1030,'PEÑA DEPORTIVA "B"',68,38,'Sánchez Martínez, Ana'),
(675,1778,'CIDE C.F. DEL ESTUDIANTES',127,39,'Lee, Jiho'),
(676,1727,'POLLENÇA I PORT',291,39,'Silva Rodrigues, Leonardo'),
(677,1717,'MADRE ALBERTA ATº D.M.A.',110,39,'Thompson, Chloe'),
(678,1714,'VIVA SPORTS MASUNGA DEL V.S',262,39,'García Pérez, David'),
(679,1692,'VIVA SPORTS',262,39,'Robinson, Sophie'),
(680,1690,'CALA MILLOR',278,39,'O''Connor, Patrick'),
(681,1678,'INTER MANACOR',23,39,'Chang, Seung'),
(682,1673,'ATº MONTAURA DEL M.',194,39,'Fernández Torres, Julia'),
(683,1626,'URBANITZACIONS',120,39,'Johnson, James'),
(684,1608,'SP. CIUTAT DE PALMA',245,39,'Kim, Ji-yeon'),
(685,1583,'SP. SANT MARÇAL ATº D.SP.SM.',183,39,'Costa Pereira, Tiago'),
(686,1562,'SON CALIU DEL R.S.C.',238,39,'Taylor, Emma'),
(687,1499,'SANTA MÒNICA',223,39,'Pérez Hernández, Natalia'),
(688,1486,'MERCAT DE STA.CATALINA D.S.C.AT',218,39,'Evans, Daniel'),
(689,1444,'SANTA CATALINA ATº',218,39,'Rodríguez López, Alberto'),
(690,1378,'JOVENTUT MALLORCA',201,39,'Singh, Amrita'),
(691,1360,'JUVENTUD CONSTANCIA',11,39,'Yamamoto, Kenji'),
(692,1350,'PLATGES DE CALVIA',196,39,'García Martínez, Lucas'),
(693,1333,'SAN PEDRO ATº D.C.S.P. "B"',187,39,'Brown, Isabelle'),
(694,1333,'SAN PEDRO ATº D.C.S.P. "A"',187,39,'Kim, Hye-won'),
(695,1303,'LA UNIÓN',149,39,'López Sánchez, Mario'),
(696,1292,'COLLERENSE',179,39,'Wilson, Ethan'),
(697,1291,'PENYA ARRABAL',175,39,'Costa Oliveira, Sofia'),
(698,1154,'SAN FRANCISCO',159,39,'Martin, Henry'),
(699,1133,'PLA DE NA TESA',153,39,'Fernández Pérez, Claudia'),
(700,1122,'ESPORLES',145,39,'Zhang, Yu'),
(701,1114,'CAMPANET',143,39,'Hernández Jiménez, Pedro'),
(702,1104,'ALCUDIA',137,39,'Smith, Sarah'),
(703,1076,'RTVº LA VICTORIA',116,39,'Yamamoto, Yuki'),
(704,1073,'FERRIOLENSE',113,39,'López Fernández, Marcos'),
(705,1067,'SAN CAYETANO',110,39,'Brown, Isabella'),
(706,1051,'ALARÓ',90,39,'Müller, Daniel'),
(707,1044,'C F PATRONATO',85,39,'García Rodríguez, María'),
(708,1026,'CE ESPANYA "B"',59,39,'Patel, Rohit'),
(709,1026,'CE ESPANYA "A"',58,39,'Kim, Dae-jung'),
(710,1023,'FELANITX',52,39,'Johnson, Andrew'),
(711,1021,'SOLLER',48,39,'Ferreira, Catarina'),
(712,1016,'S D LA SALLE',41,39,'Thompson, Emily'),
(713,1006,'CD CONSELL',18,39,'Castillo González, Alejandro'),
(714,1001,'BINISSALEM',1,39,'Taylor, Grace'),
(715,1745,'SP. MANACOR',296,40,'Rodríguez Cruz, Teresa'),
(716,1712,'SON VERÍ',61,40,'Singh, Anjali'),
(717,1708,'UNIÓ ESPORTIVA STA MARIA',286,40,'Costa Santos, Rafael'),
(718,1612,'SP. SON FERRER',211,40,'Wilson, Sophia'),
(719,1504,'ATLETIC ES LICEU',226,40,'Chen, Wei'),
(720,1429,'SON FERRER',210,40,'Hernández López, Antonio'),
(721,1398,'C.A. DE PAGUERA',205,40,'Kim, Jisoo'),
(722,1349,'RTVº ARENAL DEL A. "A"',122,40,'O''Donnell, Sean'),
(723,1292,'COLLERENSE',179,40,'Martínez Rodríguez, Andrea'),
(724,1095,'SANT JORDI',133,40,'Evans, David'),
(725,1065,'PORTO CRISTO',108,40,'Chen, Li'),
(726,1041,'MURENSE',81,40,'López Gómez, Laura'),
(727,1034,'CALVIA',74,40,'Andersen, Soren'),
(728,1029,'SERVERENSE',67,40,'Silva Mendes, Pedro'),
(729,1012,'LLOSETENSE',30,40,'Robinson, Ella'),
(730,1764,'ATº SPORTING DE MAHÓN/SP. DE M.',289,41,'Fernández Ramírez, Javier'),
(731,1402,'DOSA CF "B"',80,41,'Taylor, Noah'),
(732,1402,'DOSA CF "A"',80,41,'Chang, Eun-ji'),
(733,1145,'PEÑA ORIENT DEPORTIVO D. P.C.E. "B"',156,41,'González Morales, Alicia'),
(734,1145,'PEÑA ORIENT DEPORTIVO D. P.C.E. "A"',156,41,'Smith, Jack'),
(735,1134,'CCE SANT LLUÍS',155,41,'Patel, Arvind'),
(736,1124,'ATLETICO VILLACARLOS',147,41,'Reyes Hernández, Miguel'),
(737,1117,'UD SEISLAN/UDM "B"',15,41,'Müller, Sophie'),
(738,1117,'UD SEISLAN/UDM "A"',15,41,'Johnson, Tom'),
(739,1062,'UE SAMI "B"',106,41,'Pérez Cruz, Sofía'),
(740,1027,'CE MERCADAL',63,41,'Costa Martins, Marta'),
(741,1015,'CE ALAIOR "B"',39,41,'García Díaz, Luis'),
(742,1007,'CE FERRERIES "B"',20,41,'Martin, Anna'),
(743,1003,'CD MENORCA "C"',9,41,'Ahmed, Mohammed'),
(744,1003,'CD MENORCA "B"',9,41,'González Ramírez, Julia'),
(745,1706,'RTVº. SON CALIU',238,42,'Jackson, Charlotte'),
(746,1608,'SP. CIUTAT DE PALMA',246,42,'Kim, Min-ho'),
(747,1601,'PALMA F.C.',160,42,'Silva Lima, Clara'),
(748,1543,'ES PLA "A"',234,42,'Brown, James'),
(749,1444,'SANTA CATALINA ATº "A"',219,42,'Díaz Jiménez, Natalia'),
(750,1346,'BALEARS',7,42,'Yamamoto, Satoshi'),
(751,1291,'PENYA ARRABAL "B"',176,42,'Ochoa Martínez, Lucas'),
(752,1291,'PENYA ARRABAL "A"',176,42,'Lee, Jae-hyun'),
(753,1154,'SAN FRANCISCO',160,42,'Taylor, Oscar'),
(754,1104,'ALCUDIA "A"',138,42,'Rossi, Marco'),
(755,1067,'SAN CAYETANO',111,42,'Torres Jiménez, Inés'),
(756,1059,'CAMPOS',103,42,'Nguyen, Linh'),
(757,1019,'MALLORCA "B"',47,42,'Smith, Peter'),
(758,1019,'MALLORCA "A"',47,42,'Rodríguez Díaz, Marta'),
(759,1016,'SD LA SALLE "A"',42,42,'Johnson, Lily'),
(760,1009,'MANACOR',24,42,'Kim, Eun-ji'),
(761,1004,'CONSTANCIA "A"',12,42,'Costa Oliveira, Manuel'),
(762,1002,'ATº BALEARES "B"',7,42,'Thomas, William'),
(763,1002,'ATº BALEARES "A"',6,42,'García Sánchez, Raúl'),
(764,1001,'BINISSALEM "A"',2,42,'Brown, Chloe'),
(765,1708,'UNIÓ ESPORTIVA STA MARIA "A"',286,43,'Singh, Suresh'),
(766,1706,'RTVº. SON CALIU "B"',239,43,'Andersen, Line'),
(767,1622,'MADRE ALBERTA "A"',251,43,'Wilson, Amelia'),
(768,1610,'SP. RTVO CIUTAT DE PALMA',246,43,'López Ramírez, Diego'),
(769,1562,'SON CALIU DEL R.S.C.',239,43,'Yamamoto, Hana'),
(770,1538,'POBLENÇ ATº DEL P.',36,43,'Patel, Amit'),
(771,1435,'RTVº SAN FRANCISCO D.S.F.AT.',159,43,'Hernández Cruz, Laura'),
(772,1350,'PLATGES DE CALVIA',197,43,'Müller, Jonas'),
(773,1318,'COL. SAN PEDRO',188,43,'Smith, Ethan'),
(774,1316,'SAN FRANCISCO ATº',161,43,'Sánchez Jiménez, Ana'),
(775,1303,'LA UNIÓN "A"',150,43,'Lee, Soo-jin'),
(776,1296,'SP. SANT MARCAL',184,43,'Silva Rocha, Joana'),
(777,1291,'PENYA ARRABAL "C"',176,43,'Thompson, Alex'),
(778,1282,'SON CLADERA',173,43,'García Hernández, Sergio'),
(779,1155,'S D LA SALLE ATº "A"',42,43,'Robinson, Emma'),
(780,1123,'ATº SAN CAYETANO D.S.C. "A"',111,43,'O''Connor, Kevin'),
(781,1122,'ESPORLES',146,43,'Chang, Hye-jin'),
(782,1104,'ALCUDIA "B"',138,43,'Fernández García, Elena'),
(783,1088,'ATº MANACOR D.M. "A"',25,43,'Johnson, Jacob'),
(784,1076,'RTVº LA VICTORIA',117,43,'Kim, Yeon'),
(785,1073,'FERRIOLENSE "B"',115,43,'Costa Melo, Sofia'),
(786,1073,'FERRIOLENSE "A"',114,43,'Taylor, Isabelle'),
(787,1055,'ATLÉTICO RAFAL "A"',95,43,'Pérez Jiménez, Tomás'),
(788,1051,'ALARÓ',90,43,'Evans, Benjamin'),
(789,1041,'MURENSE "A"',82,43,'Rodríguez Gómez, Alberto'),
(790,1031,'ESCOLAR',71,43,'Singh, Pankaj'),
(791,1029,'SERVERENSE "A"',66,43,'Yamamoto, Michiko'),
(792,1026,'CE ESPANYA',60,43,'García Martín, Carlos'),
(793,1021,'SOLLER "A"',49,43,'Brown, Abigail'),
(794,1016,'SD LA SALLE "B"',43,43,'Kim, Soo-min'),
(795,1013,'POBLENSE "A"',36,43,'López Morales, Juan'),
(796,1012,'LLOSETENSE "A"',31,43,'Wilson, Samuel'),
(797,1759,'SAN ROQUE',303,44,'Costa Pereira, Beatriz'),
(798,1756,'ATHLÈTIC HUIALFÀS',36,44,'Martin, Liam'),
(799,1747,'SANTANYÍ CLUB DE FUTBOL "C"',101,44,'Fernández Pérez, Laura'),
(800,1745,'SP. MANACOR',296,44,'Zhang, Xiu'),
(801,1727,'POLLENÇA I PORT "A"',292,44,'Morales Sánchez, Álvaro'),
(802,1717,'MADRE ALBERTA ATº D.M.A.',252,44,'Smith, Olivia'),
(803,1712,'SON VERÍ',61,44,'Yamamoto, Rina'),
(804,1710,'PLA DE SANT JORDI',133,44,'López Jiménez, Jorge'),
(805,1708,'UNIÓ ESPORTIVA STA MARIA "B"',286,44,'Brown, Alex'),
(806,1694,'LLAÜT "B"',282,44,'Müller, Lea'),
(807,1694,'LLAÜT',281,44,'García Pérez, Marta'),
(808,1692,'VIVA SPORTS',251,44,'Patel, Rajesh'),
(809,1690,'CALA MILLOR "B"',279,44,'Kim, Min-jae'),
(810,1690,'CALA MILLOR "A"',279,44,'Johnson, Michael'),
(811,1688,'INTERPLÀ DEL T.',277,44,'Ferreira, Mariana'),
(812,1683,'PALMANYOLA "C"',274,44,'Thompson, Benjamin'),
(813,1683,'PALMANYOLA "B"',274,44,'Castillo López, Daniel'),
(814,1683,'PALMANYOLA "A"',275,44,'Taylor, Mia'),
(815,1673,'ATº MONTAURA DEL M.',192,44,'Rodríguez Sánchez, Andrea'),
(816,1671,'SANTA PONSA "A"',271,44,'Singh, Sunita'),
(817,1663,'CARDASSAR ATLÉTIC DEL C.',267,44,'Costa Rodrigues, Paulo'),
(818,1660,'MARGARITENSE ATLÈTIC',266,44,'Wilson, Olivia'),
(819,1654,'BELLVER PALMA "B"',261,44,'Chen, Jian'),
(820,1654,'BELLVER PALMA "A"',263,44,'Hernández García, Teresa'),
(821,1635,'ÀGORA PORTALS',256,44,'Kim, Ha-neul'),
(822,1626,'URBANITZACIONS',253,44,'O''Donnell, Fiona'),
(823,1622,'MADRE ALBERTA "B"',252,44,'Martínez López, Javier'),
(824,1620,'RTVº MARRATXÍ del AT.M. "B"',227,44,'Evans, Elizabeth'),
(825,1620,'RTVº MARRATXÍ del AT.M. "A"',226,44,'Chen, Zhao'),
(826,1612,'SP. SON FERRER',211,44,'López Fernández, Clara'),
(827,1611,'RTVº PUIGPUNYENT I GALILEA',249,44,'Andersen, Kasper'),
(828,1609,'SP. ATº CIUTAT DE PALMA',246,44,'Silva Costa, Nuno'),
(829,1583,'SP. SANT MARÇAL ATº D.SP.SM.',184,44,'Robinson, Olivia'),
(830,1578,'S''HORTA ATLÉTICO D.S.',167,44,'Fernández Rodríguez, Isabel'),
(831,1568,'ATº MARRATXÍ',226,44,'Taylor, Max'),
(832,1550,'CAMPUSESPORT',236,44,'Chang, Min-seo'),
(833,1543,'ES PLA "C"',234,44,'González López, Carlos'),
(834,1543,'ES PLA "B"',234,44,'Smith, Ava'),
(835,1525,'CAMPOS ATLÉTIC D.C. "B"',104,44,'Patel, Priya'),
(836,1525,'CAMPOS ATLÉTIC D.C. "A"',103,44,'Reyes García, David'),
(837,1504,'ATLETIC ES LICEU',227,44,'Müller, Hanna'),
(838,1499,'SANTA MONICA',224,44,'Johnson, Luke'),
(839,1484,'SON CLADERA ATº DEL S.C.',173,44,'Pérez Rodríguez, Laura'),
(840,1468,'RTVº PENYA ARRABAL',177,44,'Costa Martins, João'),
(841,1464,'ATº ESCOLAR DEL E .',72,44,'García Jiménez, Sara'),
(842,1444,'SANTA CATALINA ATº "B"',220,44,'Martin, Ella'),
(843,1429,'SON FERRER "B"',211,44,'Ahmed, Abdullah'),
(844,1429,'SON FERRER "A"',210,44,'González Hernández, Samuel'),
(845,1378,'JOVENTUT MALLORCA "B"',201,44,'Jackson, Madison'),
(846,1378,'JOVENTUT MALLORCA "A"',202,44,'Kim, Ji-hye'),
(847,1369,'JUV. C''AN PICAFORT "B"',200,44,'Silva Santos, Mariana'),
(848,1369,'JUV. C''AN PICAFORT "A"',200,44,'Brown, Daniel'),
(849,1349,'RTVº ARENAL DEL A.',121,44,'Díaz Fernández, Paula'),
(850,1342,'ATº COLLERENSE "B"',181,44,'Yamamoto, Haruki'),
(851,1342,'ATº COLLERENSE "A"',181,44,'Ochoa Rodríguez, Gabriel'),
(852,1333,'SAN PEDRO ATº D.C.S.P. "B"',188,44,'Lee, Hyeon'),
(853,1333,'SAN PEDRO ATº D.C.S.P. "A"',188,44,'Taylor, Leo'),
(854,1305,'RTVº RAFAL DEL AT.R.',96,44,'Rossi, Lorenzo'),
(855,1303,'LA UNIÓN "B"',150,44,'Torres González, Claudia'),
(856,1242,'S''HORTA',167,44,'Nguyen, Quang'),
(857,1198,'RTVº PATRONATO ATº',85,44,'Smith, Jonathan'),
(858,1194,'S D SALLA',42,44,'Rodríguez Hernández, Sandra'),
(859,1155,'S D LA SALLE ATº "B"',42,44,'Johnson, Henry'),
(860,1133,'PLA DE NA TESA',154,44,'Kim, Soo-yeon'),
(861,1123,'ATº SAN CAYETANO D.S.C. "B"',111,44,'Costa Silva, Tiago'),
(862,1122,'ESPORLES "B"',145,44,'Thomas, Elizabeth'),
(863,1114,'CAMPANET',144,44,'García Rodríguez, Elena'),
(864,1110,'A-LLUBI',142,44,'Brown, Ryan'),
(865,1104,'ALCUDIA "C"',138,44,'Singh, Meena'),
(866,1102,'ALGAIDA',136,44,'Andersen, Emil'),
(867,1095,'SANT JORDI',133,44,'Wilson, Ava'),
(868,1094,'GENOVA "B"',131,44,'López Sánchez, Martina'),
(869,1094,'GENOVA "A"',131,44,'Yamamoto, Yuto'),
(870,1084,'ESTUDIANTES DEL CIDE',128,44,'Patel, Sunil'),
(871,1079,'SON SARDINA "B"',125,44,'Hernández Pérez, Carmen'),
(872,1079,'SON SARDINA "A"',125,44,'Müller, Felix'),
(873,1077,'ARENAL',121,44,'Smith, Charlie'),
(874,1076,'RTVº LA VICTORIA "B"',117,44,'Sánchez Hernández, Victoria'),
(875,1073,'FERRIOLENSE "C"',115,44,'Lee, Seung-min'),
(876,1065,'PORTO CRISTO "B"',108,44,'Silva Pereira, Matilde'),
(877,1065,'PORTO CRISTO "A"',108,44,'Thompson, Harper'),
(878,1058,'SANTANYI DEL AT.B.',101,44,'García Cruz, Pablo'),
(879,1056,'INDEPENDIENTE C/R',98,44,'Robinson, Aiden'),
(880,1055,'ATLÉTICO RAFAL "B"',95,44,'O''Connor, Sarah'),
(881,1052,'SES SALINES',92,44,'Chang, Ji-young'),
(882,1044,'PATRONATO "B"',87,44,'Fernández Jiménez, Tomás'),
(883,1044,'PATRONATO "A"',86,44,'Johnson, John'),
(884,1041,'MURENSE "B"',82,44,'Kim, Soo-ah'),
(885,1036,'ANDRATX',76,44,'Costa Rodrigues, Inês'),
(886,1034,'CALVIA',75,44,'Taylor, Sophie'),
(887,1029,'SERVERENSE "C"',66,44,'Pérez Hernández, Nicolás'),
(888,1029,'SERVERENSE "B"',67,44,'Evans, Lily'),
(889,1028,'ARTA',65,44,'Rodríguez López, Mario'),
(890,1025,'SINEU',56,44,'Singh, Rohini'),
(891,1023,'FELANITX "B"',54,44,'Yamamoto, Kaori'),
(892,1023,'FELANITX "A"',53,44,'García Morales, Andrés'),
(893,1021,'SOLLER "C"',49,44,'Brown, Lucy'),
(894,1021,'SOLLER "B"',49,44,'Kim, Ji-hoon'),
(895,1014,'PETRA "B"',37,44,'López Jiménez, Santiago'),
(896,1014,'PETRA "A"',37,44,'Wilson, Jack'),
(897,1013,'POBLENSE "B"',36,44,'Costa Oliveira, Lucas'),
(898,1012,'LLOSETENSE "C"',31,44,'Martin, Sophia'),
(899,1012,'LLOSETENSE "B"',32,44,'Fernández Cruz, Isabel'),
(900,1006,'CD CONSELL',18,44,'Zhang, Hua'),
(901,1004,'CONSTANCIA "B"',12,44,'Ramírez Torres, Claudia'),
(902,1001,'BINISSALEM "B"',2,44,'Smith, Sofia'),
(903,1771,'CDS SES PAÏSSES',84,45,'Yamamoto, Kenta'),
(904,1726,'INTER IBIZA',216,45,'López Martínez, Ignacio'),
(905,1590,'SANT JORDI AT.',168,45,'Brown, Hannah'),
(906,1544,'IBIZA INSULAR DEL I.I.P. "B"',190,45,'Müller, Elias'),
(907,1544,'IBIZA INSULAR DEL I.I.P. "A"',190,45,'García Díaz, Alicia'),
(908,1439,'SANTA GERTRUDIS',214,45,'Patel, Vishal'),
(909,1437,'B. SAN AGUSTIN',213,45,'Kim, Ji-min'),
(910,1436,'SANT CARLES',212,45,'Johnson, Sophia'),
(911,1329,'PUIG D''EN VALLS "B"',191,45,'Ferreira, Sofia'),
(912,1327,'CF RAPID DEL I.I.P.',190,45,'Thompson, Nathan'),
(913,1313,'PENYA INDEPENDENT',186,45,'Castillo García, Sergio'),
(914,1255,'PE SANT JORDI "B"',168,45,'Taylor, Mason'),
(915,1160,'SANT JOSEP',163,45,'Rodríguez Fernández, Patricia'),
(916,1071,'FORMENTERA',112,45,'Singh, Rajesh'),
(917,1030,'PEÑA DEPORTIVA "B"',68,45,'Costa Pereira, Bruno'),
(918,1010,'SD PORTMANY "B"',26,45,'Wilson, Ava'),
(919,1771,'CDS SES PAÏSSES',84,46,'Chen, Bo'),
(920,1726,'INTER IBIZA',216,46,'Hernández Ramírez, María'),
(921,1590,'SANT JORDI AT.',168,46,'Kim, Soo-jung'),
(922,1544,'IBIZA INSULAR DEL I.IS.P.',190,46,'O''Donnell, Connor'),
(923,1526,'SANTA EULALIA',68,46,'Martínez García, Julia'),
(924,1440,'UD IBIZA',217,46,'Evans, Sophia'),
(925,1439,'SANTA GERTRUDIS',214,46,'Chen, Ling'),
(926,1436,'SANT CARLES',212,46,'López Jiménez, Lucas'),
(927,1329,'PUIG D''EN VALLS',191,46,'Andersen, Astrid'),
(928,1327,'CF RAPID DEL I.IS.P.',190,46,'Silva Mendes, Ana'),
(929,1322,'PORTMANY AT.',26,46,'Robinson, Charlotte'),
(930,1293,'AT. JESUS',182,46,'Fernández López, Raúl'),
(931,1255,'PE SANT JORDI',168,46,'Taylor, Noah'),
(932,1160,'SANT JOSEP',163,46,'Chang, Ji-eun'),
(933,1071,'FORMENTERA',112,46,'González Jiménez, Antonio'),
(934,1030,'PEÑA DEPORTIVA',68,46,'Smith, Oliver'),
(935,1702,'CD IBIZA I.PITIUSAS',190,47,'Patel, Sandeep'),
(936,1440,'UD IBIZA "B"',217,47,'Reyes López, Javier'),
(937,1440,'UD IBIZA "A"',217,47,'Müller, Charlotte'),
(938,1329,'PUIG D''EN VALLS "A"',191,47,'Johnson, Emily'),
(939,1322,'PORTMANY AT.',26,47,'Pérez García, Carmen'),
(940,1293,'AT. JESUS',182,47,'Costa Martins, André'),
(941,1255,'PE SANT JORDI "A"',168,47,'García Sánchez, Isabel'),
(942,1030,'PEÑA DEPORTIVA "A"',68,47,'Martin, Lucas'),
(943,1010,'SD PORTMANY "A"',26,47,'Ahmed, Zara'),
(944,1608,'SP. CIUTAT DE PALMA',245,48,'González Pérez, Mateo'),
(945,1568,'ATº MARRATXÍ',241,48,'Jackson, Emily'),
(946,1360,'JUVENTUD CONSTANCIA "A"',13,48,'Kim, Hyun-jin'),
(947,1335,'SANTA CATALINA',177,48,'Silva Santos, Diego'),
(948,1133,'PLA DE NA TESA "A"',154,48,'Brown, Emma'),
(949,1084,'ESTUDIANTES DEL CIDE',129,48,'Díaz Jiménez, Álvaro'),
(950,1055,'ATLÉTICO RAFAL "A"',95,48,'Yamamoto, Ryo'),
(951,1026,'CE ESPANYA "A"',60,48,'Ochoa Fernández, Laura'),
(952,1009,'MANACOR',23,48,'Lee, Jin'),
(953,1001,'BINISSALEM',2,48,'Taylor, Ava'),
(954,1778,'CIDE C.F. DEL ESTUDIANTES',129,49,'Rossi, Giulia'),
(955,1748,'ATLÈTIC ALARÓ DEL A.',299,49,'Torres López, José'),
(956,1745,'SP. MANACOR',297,49,'Nguyen, Ha'),
(957,1727,'POLLENÇA I PORT',293,49,'Smith, Christopher'),
(958,1719,'BINISSALEM ATLÈTIC del B.',3,49,'Rodríguez Pérez, Andrea'),
(959,1717,'MADRE ALBERTA ATº D.M.A.',252,49,'Johnson, Liam'),
(960,1710,'PLA DE SANT JORDI',134,49,'Kim, Min-kyu'),
(961,1706,'RTVº. SON CALIU',239,49,'Costa Silva, Rafael'),
(962,1705,'ARTÀ ATLÈTIC DEL A.',65,49,'Thomas, Abigail'),
(963,1678,'INTER MANACOR',25,49,'García Fernández, Lucía'),
(964,1673,'ATº MONTAURA DEL M.',194,49,'Brown, Michael'),
(965,1660,'MARGARITENSE ATLÈTIC',266,49,'Singh, Ritu'),
(966,1635,'ÀGORA PORTALS',257,49,'Andersen, Jakob'),
(967,1626,'URBANITZACIONS "B"',253,49,'Wilson, Emily'),
(968,1626,'URBANITZACIONS "A"',253,49,'López Hernández, Ana'),
(969,1609,'SP. ATº CIUTAT DE PALMA',246,49,'Yamamoto, Sora'),
(970,1582,'ES RAVAL DE STA. C.',219,49,'Patel, Ravi'),
(971,1557,'CAMPUSESPORT ATº D. C.E.',237,49,'Hernández Cruz, Julia'),
(972,1537,'SON SARDINA AT D.S.S.',124,49,'Müller, Anna'),
(973,1499,'SANTA MÒNICA',225,49,'Smith, Daniel'),
(974,1486,'MERCAT DE STA.CATALINA',219,49,'Sánchez López, Sergio'),
(975,1360,'JUVENTUD CONSTANCIA "C"',12,49,'Lee, Min-ji'),
(976,1360,'JUVENTUD CONSTANCIA "B"',14,49,'Silva Rocha, Miguel'),
(977,1350,'PLATGES DE CALVIA',197,49,'Thompson, Emma'),
(978,1342,'ATº COLLERENSE',181,49,'García González, Jorge'),
(979,1318,'COL. SAN PEDRO',188,49,'Robinson, Olivia'),
(980,1307,'RTVº S''INDIOTERIA D.R.L.V.',117,49,'O''Connor, Emma'),
(981,1305,'RTVº RAFAL DEL AT.R.',96,49,'Chang, So-yeon'),
(982,1303,'LA UNIÓN',150,49,'Fernández Pérez, Raúl'),
(983,1282,'SON CLADERA',174,49,'Johnson, Benjamin'),
(984,1242,'S''HORTA',167,49,'Kim, Seo-yeon'),
(985,1194,'S D SALLA',41,49,'Costa Pereira, João'),
(986,1154,'SAN FRANCISCO',161,49,'Taylor, Amelia'),
(987,1133,'PLA DE NA TESA "B"',154,49,'Pérez Rodríguez, Valeria'),
(988,1130,'LA REAL DE L.U.',150,49,'Evans, Emma'),
(989,1114,'CAMPANET',144,49,'Rodríguez Ramírez, Luis'),
(990,1110,'A-LLUBI',142,49,'Singh, Kiran'),
(991,1104,'ALCUDIA',138,49,'Yamamoto, Emi'),
(992,1095,'SANT JORDI',134,49,'García Cruz, Javier'),
(993,1077,'ARENAL',121,49,'Brown, Andrew'),
(994,1073,'FERRIOLENSE',114,49,'Kim, Jung'),
(995,1065,'PORTO CRISTO',109,49,'López Ramírez, Mateo'),
(996,1056,'INDEPENDIENTE C/R',98,49,'Wilson, Grace'),
(997,1055,'ATLÉTICO RAFAL "B"',95,49,'Costa Oliveira, Diana'),
(998,1052,'SES SALINES',92,49,'Martin, Noah'),
(999,1044,'PATRONATO',87,49,'Fernández Torres, Natalia'),
(1000,1041,'MURENSE',83,49,'Zhang, Yan'),
(1001,1036,'ANDRATX',77,49,'Morales García, Daniela'),
(1002,1034,'CALVIA',74,49,'Smith, Nicholas'),
(1003,1026,'CE ESPANYA "B"',61,49,'Yamamoto, Sho'),
(1004,1025,'SINEU',56,49,'López Hernández, Martina'),
(1005,1023,'FELANITX',53,49,'Brown, Isaac'),
(1006,1402,'DOSA CF',80,50,'Müller, Mia'),
(1007,1264,'PENYA CIUTADELLA ESPORTIVA',157,50,'García Ramírez, Pablo'),
(1008,1027,'CE MERCADAL',63,50,'Patel, Sneha'),
(1009,1015,'CE ALAIOR',39,50,'Kim, Min-seok'),
(1010,1007,'CE FERRERIES',21,50,'Johnson, Grace'),
(1011,1005,'UD MAHON',16,50,'Ferreira, Hugo'),
(1012,1003,'CD MENORCA "A"',9,50,'Thompson, William'),
(1013,1746,'CLUB DE FUTBOL CIUTAT D''ALAIOR',40,51,'Castillo Díaz, Carla'),
(1014,1709,'CF SPORTING DE MAHON',289,51,'Taylor, Isabella'),
(1015,1304,'RECREATIVO BOSCOS C.F.',80,51,'Rodríguez Jiménez, Rubén'),
(1016,1264,'PENYA CIUTADELLA ESPORTIVA "B"',157,51,'Singh, Arjun'),
(1017,1145,'PEÑA ORIENT DEPORTIVO D. P.C.E.',157,51,'Costa Mendes, Leonardo'),
(1018,1134,'CCE SANT LLUÍS "A"',155,51,'Wilson, Ava'),
(1019,1117,'UD SEISLAN/UDM "B"',15,51,'Chen, Min'),
(1020,1117,'UD SEISLAN/UDM "A"',15,51,'Hernández Pérez, Natalia'),
(1021,1037,'AT CIUTADELLA',80,51,'Kim, Hyeon'),
(1022,1007,'CE FERRERIES',21,51,'O''Donnell, Ryan'),
(1023,1003,'CD MENORCA "B"',9,51,'Martínez Ramírez, Sergio'),
(1024,1264,'PENYA CIUTADELLA ESPORTIVA',157,52,'Evans, Ella'),
(1025,1145,'PEÑA ORIENT DEPORTIVO D. P.C.E.',157,52,'Chen, Yao'),
(1026,1134,'CCE SANT LLUIS',155,52,'López García, Carmen'),
(1027,1124,'ATVILLACARLOS',147,52,'Andersen, Karen'),
(1028,1117,'UD SEISLAN/UDM',15,52,'Silva Costa, Lucas'),
(1029,1037,'AT CIUTADELLA',80,52,'Robinson, Isabella'),
(1030,1027,'CE MERCADAL',63,52,'Fernández González, Manuel'),
(1031,1015,'CE ALAIOR',40,52,'Taylor, Jack'),
(1032,1003,'CD MENORCA',9,52,'Chang, Min-ho'),
(1033,1732,'SAN ALONSO 08',203,53,'González Pérez, Diego'),
(1034,1622,'MADRE ALBERTA "A"',251,53,'Smith, Grace'),
(1035,1608,'SP. CIUTAT DE PALMA',246,53,'Patel, Neha'),
(1036,1543,'ES PLA "A"',234,53,'Reyes Jiménez, Sofía'),
(1037,1444,'SANTA CATALINA ATº',220,53,'Müller, Noah'),
(1038,1336,'MONTAURA',193,53,'Johnson, Chloe'),
(1039,1316,'SAN FRANCISCO ATº',159,53,'Pérez Sánchez, Javier'),
(1040,1291,'PENYA ARRABAL',177,53,'Costa Martins, João'),
(1041,1155,'S D LA SALLE ATº "A"',44,53,'García Díaz, Sara'),
(1042,1154,'SAN FRANCISCO',160,53,'Martin, Ava'),
(1043,1067,'SAN CAYETANO',111,53,'Ahmed, Fatima'),
(1044,1028,'ARTA "A"',65,53,'González Jiménez, Manuel'),
(1045,1021,'SOLLER',50,53,'Jackson, Charlotte'),
(1046,1019,'MALLORCA "B"',47,53,'Kim, Ji-won'),
(1047,1019,'MALLORCA "A"',47,53,'Silva Santos, Clara'),
(1048,1016,'SD LA SALLE',44,53,'Brown, Jacob'),
(1049,1013,'POBLENSE',36,53,'Díaz Fernández, Álvaro'),
(1050,1012,'LLOSETENSE "A"',33,53,'Yamamoto, Yuri'),
(1051,1009,'MANACOR',25,53,'Ochoa Ramírez, Adrián'),
(1052,1002,'ATº BALEARES',6,53,'Lee, Ji-yoon'),
(1053,1683,'PALMANYOLA "A"',275,54,'Taylor, Max'),
(1054,1673,'ATº MONTAURA DEL M.',193,54,'Rossi, Giuseppe'),
(1055,1663,'CARDASSAR ATLÉTIC DEL C. "A"',29,54,'Torres Jiménez, Lucas'),
(1056,1626,'URBANITZACIONS "A"',122,54,'Nguyen, Tran'),
(1057,1568,'ATº MARRATXÍ',226,54,'Smith, Michael'),
(1058,1378,'JOVENTUT MALLORCA',202,54,'Rodríguez García, Lucía'),
(1059,1350,'PLATGES DE CALVIA',198,54,'Johnson, Isabella'),
(1060,1335,'SANTA CATALINA',178,54,'Kim, Hyun-seo'),
(1061,1318,'COL. SAN PEDRO',188,54,'Costa Silva, Diogo'),
(1062,1303,'LA UNIÓN "A"',151,54,'Thomas, Sophia'),
(1063,1122,'ESPORLES',146,54,'García Cruz, Laura'),
(1064,1088,'ATº MANACOR D.M.',25,54,'Brown, Noah'),
(1065,1084,'ESTUDIANTES DEL CIDE',128,54,'Singh, Vikas'),
(1066,1076,'RTVº LA VICTORIA',118,54,'Andersen, Sofia'),
(1067,1073,'FERRIOLENSE',115,54,'Wilson, Amelia'),
(1068,1065,'PORTO CRISTO "A"',108,54,'López González, Raúl'),
(1069,1059,'CAMPOS',104,54,'Yamamoto, Hina'),
(1070,1034,'CALVIA',75,54,'Patel, Anil'),
(1071,1029,'SERVERENSE "A"',67,54,'Hernández Jiménez, Paula'),
(1072,1026,'CE ESPANYA "A"',61,54,'Müller, Max'),
(1073,1012,'LLOSETENSE "B"',30,54,'Smith, Sofia'),
(1074,1001,'BINISSALEM',2,54,'Sánchez Ramírez, Hugo'),
(1075,1759,'SAN ROQUE',303,55,'Lee, Ji-hyun'),
(1076,1756,'ATHLÈTIC HUIALFÀS',36,55,'Silva Pereira, Carolina'),
(1077,1748,'ATLÈTIC ALARÓ DEL A.',299,55,'Thompson, George'),
(1078,1747,'SANTANYÍ C. F.',101,55,'García Ramírez, Daniela'),
(1079,1745,'SP. MANACOR "A"',297,55,'Robinson, Jacob'),
(1080,1732,'SAN ALONSO 08 "B"',202,55,'O''Connor, Megan'),
(1081,1727,'POLLENÇA I PORT "B"',292,55,'Chang, Ji-ho'),
(1082,1727,'POLLENÇA I PORT "A"',292,55,'Fernández Hernández, David'),
(1083,1717,'MADRE ALBERTA ATº D.M.A.',110,55,'Johnson, Olivia'),
(1084,1710,'PLA DE SANT JORDI',133,55,'Kim, Seo-jin'),
(1085,1708,'UNIÓ ESPORTIVA STA MARIA "B"',287,55,'Costa Mendes, Sara'),
(1086,1708,'UNIÓ ESPORTIVA SANTA MARIA "A"',286,55,'Taylor, James'),
(1087,1705,'ARTÀ ATLÈTIC DEL A.',65,55,'Pérez Ramírez, Juan'),
(1088,1694,'LLAÜT',281,55,'Evans, Matthew'),
(1089,1692,'VIVA SPORTS',252,55,'Rodríguez González, Mario'),
(1090,1690,'CALA MILLOR',279,55,'Singh, Ayesha'),
(1091,1688,'INTERPLÀ DEL T.',277,55,'Yamamoto, Taro'),
(1092,1683,'PALMANYOLA "B"',275,55,'García López, Claudia'),
(1093,1671,'SANTA PONSA "B"',271,55,'Brown, Alexander'),
(1094,1671,'SANTA PONSA "A"',272,55,'Kim, Ji-won'),
(1095,1663,'CARDASSAR ATLÉTIC DEL C. "B"',267,55,'López Pérez, Antonio'),
(1096,1660,'MARGARITENSE ATLÈTIC',266,55,'Wilson, Emily'),
(1097,1654,'BELLVER PALMA',261,55,'Costa Oliveira, Pedro'),
(1098,1635,'ÀGORA PORTALS',257,55,'Martin, Emma'),
(1099,1626,'URBANITZACIONS "B"',122,55,'Fernández Gómez, María'),
(1100,1620,'RTVº MARRATXÍ del AT.M.',241,55,'Zhang, Jie'),
(1101,1612,'SP. SON FERRER',211,55,'Morales Pérez, Juan'),
(1102,1610,'SP. RTVO CIUTAT DE PALMA',246,55,'Smith, Mia'),
(1103,1609,'SP. ATº CIUTAT DE PALMA',246,55,'Yamamoto, Yu'),
(1104,1589,'MARIA DE LA SALUT',244,55,'López Fernández, Sergio'),
(1105,1550,'CAMPUSESPORT',236,55,'Brown, Olivia'),
(1106,1543,'ES PLA "B"',234,55,'Müller, Karl'),
(1107,1525,'CAMPOS ATLÉTIC D.C.',103,55,'García Jiménez, Marcos'),
(1108,1499,'SANTA MONICA',225,55,'Patel, Manisha'),
(1109,1486,'MERCAT DE STA.CATALINA D.S.C.AT',219,55,'Kim, Min-woo'),
(1110,1398,'C.A. DE PAGUERA',205,55,'Johnson, Ava'),
(1111,1369,'JUV. C''AN PICAFORT',200,55,'Ferreira, João'),
(1112,1365,'ROTLET MOLINAR ATº DEL R.M.',89,55,'Thompson, Harper'),
(1113,1351,'ATº PL. DE CALVIA DEL P.C.',197,55,'Castillo Ramírez, Nicolás'),
(1114,1333,'SAN PEDRO ATº D.C.S.P.',188,55,'Taylor, Emma'),
(1115,1303,'LA UNIÓN "B"',151,55,'Rodríguez Fernández, Pedro'),
(1116,1296,'SP. SANT MARCAL',184,55,'Singh, Pradeep'),
(1117,1292,'COLLERENSE "B"',179,55,'Costa Santos, Sofia'),
(1118,1292,'COLLERENSE "A"',179,55,'Wilson, Grace'),
(1119,1281,'CALA D''OR',171,55,'Chen, Mei'),
(1120,1242,'S''HORTA',167,55,'Hernández Ramírez, Javier'),
(1121,1155,'S D LA SALLE ATº "B"',42,55,'Kim, Hyun'),
(1122,1133,'PLA DE NA TESA',154,55,'O''Donnell, Aoife'),
(1123,1123,'ATº SAN CAYETANO D.S.C.',111,55,'Martínez Díaz, Gabriel'),
(1124,1114,'CAMPANET',144,55,'Evans, Michael'),
(1125,1110,'A-LLUBI',142,55,'Chen, Xue'),
(1126,1107,'XILVAR',140,55,'López Jiménez, Victoria'),
(1127,1104,'ALCUDIA "B"',138,55,'Andersen, Morten'),
(1128,1104,'ALCUDIA "A"',138,55,'Silva Costa, Tiago'),
(1129,1102,'ALGAIDA',136,55,'Robinson, Emily'),
(1130,1095,'SANT JORDI',133,55,'Fernández García, Manuel'),
(1131,1094,'GENOVA "A"',131,55,'Taylor, Isabella'),
(1132,1079,'SON SARDINA',125,55,'Chang, Ji-ho'),
(1133,1077,'ARENAL',122,55,'González Ramírez, Natalia'),
(1134,1065,'PORTO CRISTO "B"',108,55,'Smith, William'),
(1135,1059,'CAMPOS',104,55,'Patel, Preeti'),
(1136,1056,'INDEPENDIENTE C/R',99,55,'Reyes Ramírez, María'),
(1137,1055,'ATLÉTICO RAFAL "B"',96,55,'Müller, Johann'),
(1138,1055,'ATLÉTICO RAFAL "A"',96,55,'Johnson, Emma'),
(1139,1052,'SES SALINES',92,55,'Pérez Cruz, Daniel'),
(1140,1048,'ROTLET MOLINAR "B"',89,55,'Costa Martins, Sofia'),
(1141,1048,'ROTLET MOLINAR "A"',89,55,'García Jiménez, Laura'),
(1142,1044,'PATRONATO "B"',85,55,'Martin, Alexander'),
(1143,1041,'MURENSE',82,55,'Ahmed, Samira'),
(1144,1036,'ANDRATX',77,55,'González Jiménez, Javier'),
(1145,1031,'ESCOLAR',72,55,'Jackson, Mason'),
(1146,1029,'SERVERENSE "B"',67,55,'Kim, Yeon-woo'),
(1147,1028,'ARTA "B"',65,55,'Silva Santos, Gabriel'),
(1148,1026,'CE ESPANYA "B"',61,55,'Brown, Jacob'),
(1149,1025,'SINEU',57,55,'Díaz Fernández, Sofía'),
(1150,1023,'FELANITX',53,55,'Yamamoto, Aoi'),
(1151,1014,'PETRA',38,55,'Ochoa Ramírez, Laura'),
(1152,1012,'LLOSETENSE "C"',31,55,'Lee, Seung-ho'),
(1153,1006,'CD CONSELL',18,55,'Taylor, Max'),
(1154,1004,'CONSTANCIA "B"',12,55,'Rossi, Matteo'),
(1155,1004,'CONSTANCIA "A"',12,55,'Torres González, Hugo'),
(1156,1702,'CD IBIZA I. PITIUSAS',190,56,'Nguyen, Phuong'),
(1157,1440,'UD IBIZA',217,56,'Smith, Hannah'),
(1158,1329,'PUIG D''EN VALLS',191,56,'Rodríguez Pérez, Nicolás'),
(1159,1313,'PENYA INDEPENDENT',186,56,'Johnson, Sophia'),
(1160,1255,'PE SANT JORDI "A"',168,56,'Kim, Jung-hoon'),
(1161,1160,'SANT JOSEP "A"',163,56,'Costa Silva, João'),
(1162,1030,'PEÑA DEPORTIVA "A"',68,56,'Thomas, Daniel'),
(1163,1010,'SD PORTMANY',26,56,'García Ramírez, Miguel'),
(1164,1771,'CDS SES PAÏSSES',84,57,'Brown, Emily'),
(1165,1726,'INTER IBIZA',216,57,'Singh, Kavita'),
(1166,1590,'SANT JORDI AT.',168,57,'Andersen, Lucas'),
(1167,1544,'IBIZA-INSULAR DEL I.I.P.',190,57,'Wilson, Olivia'),
(1168,1439,'SANTA GERTRUDIS',214,57,'López González, Carlos'),
(1169,1436,'SANT CARLES',212,57,'Yamamoto, Hideo'),
(1170,1327,'CF RAPID DEL I.IS.P.',190,57,'Patel, Anjali'),
(1171,1322,'PORTMANY AT',26,57,'Hernández García, Mario'),
(1172,1293,'AT. JESUS',182,57,'Müller, Lisa'),
(1173,1255,'PE SANT JORDI "B"',168,57,'Smith, Lucas'),
(1174,1160,'SANT JOSEP "B"',163,57,'Sánchez Fernández, David'),
(1175,1071,'FORMENTERA',112,57,'Lee, Ji-hyeon'),
(1176,1030,'PEÑA DEPORTIVA "B"',68,57,'Silva Pereira, Sofia'),
(1177,1714,'VIVA SPORTS MASUNGA DEL V.S.',252,58,'Thompson, Harper'),
(1178,1673,'ATº MONTAURA DEL M.',194,58,'García Pérez, Ana'),
(1179,1622,'MADRE ALBERTA',251,58,'Robinson, Noah'),
(1180,1608,'SP. CIUTAT DE PALMA',247,58,'O''Connor, Aoife'),
(1181,1583,'SP. SANT MARÇAL ATº D.SP.SM.',184,58,'Chang, Min-kyu'),
(1182,1562,'SON CALIU DEL R.S.C.',239,58,'Fernández Jiménez, Hugo'),
(1183,1538,'POBLENÇ ATº DEL P.',36,58,'Johnson, Michael'),
(1184,1525,'CAMPOS ATLÉTIC D. C.',103,58,'Kim, Seo-jin'),
(1185,1468,'RTVº PENYA ARRABAL',178,58,'Costa Mendes, João'),
(1186,1360,'JUVENTUD CONSTANCIA "A"',12,58,'Taylor, Olivia'),
(1187,1350,'PLATGES DE CALVIA',197,58,'Pérez García, Lucía'),
(1188,1316,'SAN FRANCISCO ATº',160,58,'Evans, Olivia'),
(1189,1303,'LA UNION',150,58,'Rodríguez López, Antonio'),
(1190,1292,'COLLERENSE',180,58,'Singh, Neha'),
(1191,1194,'S D SALLA "A"',42,58,'Yamamoto, Ryoko'),
(1192,1133,'PLA DE NA TESA',154,58,'García Morales, Marcos'),
(1193,1084,'ESTUDIANTES DEL CIDE',129,58,'Brown, Benjamin'),
(1194,1073,'FERRIOLENSE "A"',115,58,'Kim, Jae-ho'),
(1195,1067,'SAN CAYETANO',111,58,'López Fernández, Laura'),
(1196,1065,'PORTO CRISTO',108,58,'Wilson, Ava'),
(1197,1034,'CALVIA',74,58,'Costa Oliveira, Catarina'),
(1198,1016,'SD LA SALLE',42,58,'Martin, Daniel'),
(1199,1009,'MANACOR',25,58,'Fernández Torres, Juan'),
(1200,1002,'ATº BALEARES',6,58,'Zhang, Chen'),
(1201,1001,'BINISSALEM',2,58,'Morales Pérez, Isabel'),
(1202,1778,'CIDE C.F. DEL ESTUDIANTES',129,59,'Harris, George'),
(1203,1748,'ATLÈTIC ALARÓ DEL A.',90,59,'Yamamoto, Aiko'),
(1204,1747,'SANTANYÍ C.F.',101,59,'Sánchez Ruiz, Antonio'),
(1205,1732,'SAN ALONSO 08',202,59,'Evans, Charlotte'),
(1206,1727,'POLLENÇA I PORT',292,59,'Müller, Leon'),
(1207,1718,'ES JONQUET PENYA ARRABAL',178,59,'Gutiérrez López, Sergio'),
(1208,1717,'MADRE ALBERTA ATº D.M.A.',110,59,'Patel, Nisha'),
(1209,1708,'UNIÓ ESPORTIVA STA MARIA',286,59,'Kim, Hyun-jin'),
(1210,1706,'RTVº. SON CALIU',239,59,'Williams, David'),
(1211,1705,'ARTÀ ATLÈTIC DEL A.',65,59,'Ferreira, Bruno'),
(1212,1694,'LLAÜT',282,59,'Johnson, Zoe'),
(1213,1690,'CALA MILLOR',279,59,'Castillo Fernández, Elena'),
(1214,1688,'INTERPLÀ DEL T.',277,59,'Brown, Christopher'),
(1215,1678,'INTER MANACOR',25,59,'Rodríguez Sánchez, Laura'),
(1216,1660,'MARGARITENSE ATLÈTIC',266,59,'Singh, Ravi'),
(1217,1648,'SA FORTALESA',36,59,'Costa Pereira, Rafael'),
(1218,1635,'ÀGORA PORTALS',256,59,'Thompson, Olivia'),
(1219,1626,'URBANITZACIONS',122,59,'Yang, Jie'),
(1220,1620,'RTVº MARRATXÍ del AT.M.',227,59,'Hernández García, Julia'),
(1221,1609,'SP. ATº CIUTAT DE PALMA',246,59,'Kim, Joon'),
(1222,1589,'MARIA DE LA SALUT',244,59,'O''Donnell, Molly'),
(1223,1578,'S''HORTA ATLÉTICO D.S.',167,59,'Martínez Torres, Andrés'),
(1224,1568,'ATº MARRATXÍ',226,59,'Wilson, Harry'),
(1225,1557,'CAMPUSESPORT ATº D. C.E.',237,59,'Chen, Mei'),
(1226,1543,'ES PLA',234,59,'López García, Marcos'),
(1227,1537,'SON SARDINA AT D.S.S.',231,59,'Andersen, Freja'),
(1228,1504,'ATLETIC ES LICEU',226,59,'Silva Rodrigues, Pedro'),
(1229,1499,'SANTA MONICA',224,59,'Robinson, Hannah'),
(1230,1486,'MERCAT DE STA.CATALINA DEL S.C.AT',220,59,'Fernández López, Alberto'),
(1231,1484,'SON CLADERA ATº DEL S.C.',173,59,'Taylor, Mia'),
(1232,1464,'ATº ESCOLAR DEL E.',71,59,'Chang, Hyeon'),
(1233,1378,'JOVENTUT MALLORCA',202,59,'González Pérez, Lucía'),
(1234,1369,'JUV. C''AN PICAFORT',200,59,'Smith, Anthony'),
(1235,1365,'ROTLET-MOLINAR ATº DEL R.M.',89,59,'Patel, Rohan'),
(1236,1360,'JUVENTUD CONSTANCIA "B"',14,59,'Reyes Díaz, Silvia'),
(1237,1349,'RTVº ARENAL DEL A.',122,59,'Müller, Emma'),
(1238,1333,'SAN PEDRO ATº D.C.S.P.',188,59,'Johnson, Jack'),
(1239,1318,'COL. SAN PEDRO',188,59,'Pérez López, Patricia'),
(1240,1194,'S D SALLA "B"',43,59,'Costa Almeida, Miguel'),
(1241,1154,'C D SAN FRANCISCO',159,59,'García Torres, Sara'),
(1242,1130,'LA REAL DE L.U.',149,59,'Martin, Alice'),
(1243,1122,'ESPORLES "A"',146,59,'Ahmed, Hassan'),
(1244,1114,'CAMPANET',143,59,'González Martínez, Juan'),
(1245,1104,'ALCUDIA',138,59,'Jackson, Lily'),
(1246,1102,'ALGAIDA',136,59,'Kim, Soo-jin'),
(1247,1095,'SANT JORDI',133,59,'Silva Costa, Daniela'),
(1248,1077,'ARENAL',122,59,'Brown, Matthew'),
(1249,1076,'RTVº LA VICTORIA',117,59,'Díaz Fernández, Claudia'),
(1250,1073,'FERRIOLENSE "B"',114,59,'Yamamoto, Akira'),
(1251,1056,'INDEPENDIENTE C/R',98,59,'Ochoa López, Carlos'),
(1252,1055,'ATLÉTICO RAFAL "B"',96,59,'Lee, Ji-hyun'),
(1253,1055,'ATLÉTICO RAFAL "A"',96,59,'Taylor, Sam'),
(1254,1036,'ANDRATX',76,59,'Rossi, Alessandra'),
(1255,1026,'CE ESPANYA',61,59,'Torres Sánchez, Adriana'),
(1256,1025,'SINEU',56,59,'Nguyen, Anh'),
(1257,1023,'FELANITX',53,59,'Smith, Lucas'),
(1258,1021,'SOLLER',49,59,'Rodríguez Pérez, Irene'),
(1259,1264,'PENYA CIUTADELLA ESPORTIVA',157,60,'Johnson, Harry'),
(1260,1124,'ATLETICO VILLACARLOS',147,60,'Kim, Seul-ki'),
(1261,1027,'CE MERCADAL',63,60,'Costa Silva, Inês'),
(1262,1015,'CE ALAIOR',39,60,'Thomas, Charles'),
(1263,1007,'CE FERRERIES "A"',21,60,'García Sánchez, Raquel'),
(1264,1005,'UD MAHON',17,60,'Brown, Joshua'),
(1265,1003,'CD MENORCA "A"',9,60,'Singh, Pooja'),
(1266,1304,'RECREATIVO BOSCOS C.F.',80,61,'Andersen, Henrik'),
(1267,1145,'PEÑA ORIENT DEPORTIVO D. P.C.E.',157,61,'Wilson, Grace'),
(1268,1134,'CCE SANT LLUIS',155,61,'López González, Ignacio'),
(1269,1124,'ATLETICO VILLACARLOS',147,61,'Yamamoto, Yuna'),
(1270,1117,'UD SEISLAN/UDM "C"',15,61,'Patel, Meera'),
(1271,1117,'UD SEISLAN/UDM "B"',15,61,'Hernández Torres, Adrián'),
(1272,1117,'UD SEISLAN/UDM "A"',15,61,'Müller, Lotte'),
(1273,1027,'CE MERCADAL',63,61,'Smith, Jackson'),
(1274,1015,'CE ALAIOR',39,61,'Sánchez Martínez, Ana'),
(1275,1007,'CE FERRERIES',21,61,'Lee, Jiho'),
(1276,1003,'CD MENORCA',9,61,'Silva Rodrigues, Leonardo'),
(1277,1771,'CDS SES PAÏSSES',84,62,'Thompson, Chloe'),
(1278,1726,'INTER IBIZA',216,62,'García Pérez, David'),
(1279,1702,'CD IBIZA I. PITIUSAS',190,62,'Robinson, Sophie'),
(1280,1590,'SANT JORDI AT.',168,62,'O''Connor, Patrick'),
(1281,1544,'IBIZA INSULAR DEL I.IS.P.',190,62,'Chang, Seung'),
(1282,1526,'SANTA EULALIA',68,62,'Fernández Torres, Julia'),
(1283,1440,'UD IBIZA',217,62,'Johnson, James'),
(1284,1439,'SANTA GERTRUDIS',214,62,'Kim, Ji-yeon'),
(1285,1437,'B. SAN AGUSTIN',213,62,'Costa Pereira, Tiago'),
(1286,1436,'SANT CARLES',212,62,'Taylor, Emma'),
(1287,1322,'PORTMANY AT.',26,62,'Pérez Hernández, Natalia'),
(1288,1313,'PENYA INDEPENDENT',186,62,'Evans, Daniel'),
(1289,1293,'AT. JESUS "B"',182,62,'Rodríguez López, Alberto'),
(1290,1293,'AT. JESUS "A"',182,62,'Singh, Amrita'),
(1291,1255,'PE SANT JORDI',168,62,'Yamamoto, Kenji'),
(1292,1160,'SANT JOSEP',163,62,'García Martínez, Lucas'),
(1293,1071,'FORMENTERA',112,62,'Brown, Isabelle'),
(1294,1042,'SAN RAFAEL',84,62,'Kim, Hye-won'),
(1295,1030,'PEÑA DEPORTIVA',68,62,'López Sánchez, Mario'),
(1296,1010,'SD PORTMANY',26,62,'Wilson, Ethan'),
(1297,1709,'CF SPORTING DE MAHON',289,63,'Costa Oliveira, Sofia'),
(1298,1402,'DOSA CF',80,63,'Martin, Henry'),
(1299,1145,'PEÑA ORIENT DEPORTIVO D. P.C.E',157,63,'Fernández Pérez, Claudia'),
(1300,1134,'CCE SANT LLUIS',155,63,'Zhang, Yu'),
(1301,1117,'UD SEISLAN/UDM',15,63,'Hernández Jiménez, Pedro'),
(1302,1062,'UE SAMI',106,63,'Smith, Sarah'),
(1303,1007,'CE FERRERIES "B"',21,63,'Yamamoto, Yuki'),
(1304,1003,'CD MENORCA "B"',9,63,'López Fernández, Marcos'),
(1305,1726,'INTER IBIZA',216,64,'Brown, Isabella'),
(1306,1544,'IBIZA INSULAR DEL I.IS.P.',190,64,'Müller, Daniel'),
(1307,1526,'SANTA EULALIA',68,64,'García Rodríguez, María'),
(1308,1440,'UD IBIZA',217,64,'Patel, Rohit'),
(1309,1439,'SANTA GERTRUDIS',214,64,'Kim, Dae-jung'),
(1310,1329,'PUIG D''EN VALLS',191,64,'Johnson, Andrew'),
(1311,1322,'PORTMANY AT.',26,64,'Ferreira, Catarina'),
(1312,1293,'AT. JESUS',182,64,'Thompson, Emily'),
(1313,1255,'PE SANT JORDI',168,64,'Castillo González, Alejandro'),
(1314,1071,'FORMENTERA',112,64,'Taylor, Grace'),
(1315,1030,'PEÑA DEPORTIVA',68,64,'Rodríguez Cruz, Teresa'),
(1316,1010,'SD PORTMANY',26,64,'Singh, Anjali'),
(1317,1608,'SP. CIUTAT DE PALMA',247,65,'Costa Santos, Rafael'),
(1318,1525,'CAMPOS ATLÉTIC D.C.',104,65,'Wilson, Sophia'),
(1319,1291,'PENYA ARRABAL',178,65,'Chen, Wei'),
(1320,1154,'SAN FRANCISCO',160,65,'Hernández López, Antonio'),
(1321,1084,'ESTUDIANTES DEL CIDE',128,65,'Kim, Jisoo'),
(1322,1021,'SOLLER',49,65,'O''Donnell, Sean'),
(1323,1016,'SD LA SALLE',43,65,'Martínez Rodríguez, Andrea'),
(1324,1009,'MANACOR',25,65,'Evans, David'),
(1325,1002,'ATº BALEARES',8,65,'Chen, Li'),
(1326,1717,'MADRE ALBERTA ATº D.M.A.',252,66,'López Gómez, Laura'),
(1327,1706,'RTVº. SON CALIU',239,66,'Andersen, Soren'),
(1328,1660,'MARGARITENSE ATLÈTIC',266,66,'Silva Mendes, Pedro'),
(1329,1609,'SP. ATº CIUTAT DE PALMA',246,66,'Robinson, Ella'),
(1330,1303,'LA UNION "A"',150,66,'Fernández Ramírez, Javier'),
(1331,1296,'SP. SANT MARÇAL',184,66,'Taylor, Noah'),
(1332,1102,'ALGAIDA',136,66,'Chang, Eun-ji'),
(1333,1076,'RTVº LA VICTORIA',117,66,'González Morales, Alicia'),
(1334,1073,'FERRIOLENSE "A"',114,66,'Smith, Jack'),
(1335,1067,'SAN CAYETANO',111,66,'Patel, Arvind'),
(1336,1048,'ROTLET MOLINAR',89,66,'Reyes Hernández, Miguel'),
(1337,1036,'ANDRATX',78,66,'Müller, Sophie'),
(1338,1034,'CALVIA',75,66,'Johnson, Tom'),
(1339,1023,'FELANITX',53,66,'Pérez Cruz, Sofía'),
(1340,1013,'POBLENSE',36,66,'Costa Martins, Marta'),
(1341,1004,'CONSTANCIA "A"',12,66,'García Díaz, Luis'),
(1342,1778,'CIDE CLUB DE FUTBOL',128,67,'Martin, Anna'),
(1343,1767,'CLUB DEPORTIVO S''ARRACÓ',308,67,'Ahmed, Mohammed'),
(1344,1759,'SAN ROQUE',302,67,'González Ramírez, Julia'),
(1345,1748,'ATLÈTIC ALARÓ DEL A.',299,67,'Jackson, Charlotte'),
(1346,1745,'SP. MANACOR',296,67,'Kim, Min-ho'),
(1347,1727,'POLLENÇA I PORT "B"',293,67,'Silva Lima, Clara'),
(1348,1727,'POLLENÇA I PORT "A"',292,67,'Brown, James'),
(1349,1712,'SON VERÍ',122,67,'Díaz Jiménez, Natalia'),
(1350,1708,'UNIÓ ESPORTIVA STA MARIA',286,67,'Yamamoto, Satoshi'),
(1351,1705,'ARTÀ ATLÈTIC DEL A.',64,67,'Ochoa Martínez, Lucas'),
(1352,1694,'LLAÜT',282,67,'Lee, Jae-hyun'),
(1353,1690,'CALA MILLOR',279,67,'Taylor, Oscar'),
(1354,1688,'INTERPLÀ DEL T.',277,67,'Rossi, Marco'),
(1355,1683,'PALMANYOLA',275,67,'Torres Jiménez, Inés'),
(1356,1671,'SANTA PONSA',271,67,'Nguyen, Linh'),
(1357,1663,'CARDASSAR ATLÉTIC DEL C.',267,67,'Smith, Peter'),
(1358,1654,'BELLVER PALMA',263,67,'Rodríguez Díaz, Marta'),
(1359,1648,'SA FORTALESA',36,67,'Johnson, Lily'),
(1360,1635,'ÀGORA PORTALS',256,67,'Kim, Eun-ji'),
(1361,1626,'URBANITZACIONS',122,67,'Costa Oliveira, Manuel'),
(1362,1622,'MADRE ALBERTA',252,67,'Thomas, William'),
(1363,1620,'RTVº MARRATXÍ del AT.M.',226,67,'García Sánchez, Raúl'),
(1364,1610,'SP. RTVO CIUTAT DE PALMA',246,67,'Brown, Chloe'),
(1365,1568,'ATº MARRATXÍ',226,67,'Singh, Suresh'),
(1366,1543,'ES PLA',234,67,'Andersen, Line'),
(1367,1484,'SON CLADERA ATº DEL S.C.',173,67,'Wilson, Amelia'),
(1368,1468,'RTVº PENYA ARRABAL',178,67,'López Ramírez, Diego'),
(1369,1444,'SANTA CATALINA ATº',218,67,'Yamamoto, Hana'),
(1370,1434,'GENOVA ATº DEL G.',131,67,'Patel, Amit'),
(1371,1398,'C.A. DE PAGUERA "B"',205,67,'Hernández Cruz, Laura'),
(1372,1398,'C.A. DE PAGUERA "A"',204,67,'Müller, Jonas'),
(1373,1378,'JOVENTUD MALLORCA',203,67,'Smith, Ethan'),
(1374,1369,'JUV. C''AN PICAFORT',200,67,'Sánchez Jiménez, Ana'),
(1375,1365,'ROTLET MOLINAR ATº DEL R.M.',89,67,'Lee, Soo-jin'),
(1376,1349,'RTVº ARENAL DEL A.',122,67,'Silva Rocha, Joana'),
(1377,1336,'MONTAURA',194,67,'Thompson, Alex'),
(1378,1333,'SAN PEDRO ATº D.C.S.P.',188,67,'García Hernández, Sergio'),
(1379,1318,'COL. SAN PEDRO',188,67,'Robinson, Emma'),
(1380,1312,'ATº CAMP REDO-IND.D.I.',98,67,'O''Connor, Kevin'),
(1381,1303,'LA UNIÓN "B"',149,67,'Chang, Hye-jin'),
(1382,1292,'COLLERENSE',181,67,'Fernández García, Elena'),
(1383,1281,'CALA D''OR',171,67,'Johnson, Jacob'),
(1384,1242,'S''HORTA',166,67,'Kim, Yeon'),
(1385,1155,'S D LA SALLE ATº',43,67,'Costa Melo, Sofia'),
(1386,1133,'PLA DE NA TESA',154,67,'Taylor, Isabelle'),
(1387,1131,'ALQUERIA',53,67,'Pérez Jiménez, Tomás'),
(1388,1123,'ATº SAN CAYETANO D.S.C.',111,67,'Evans, Benjamin'),
(1389,1114,'CAMPANET',144,67,'Rodríguez Gómez, Alberto'),
(1390,1110,'A-LLUBI',142,67,'Singh, Pankaj'),
(1391,1104,'ALCUDIA "B"',138,67,'Yamamoto, Michiko'),
(1392,1104,'ALCUDIA "A"',138,67,'García Martín, Carlos'),
(1393,1095,'SANT JORDI',133,67,'Brown, Abigail'),
(1394,1088,'ATº MANACOR D.M.',25,67,'Kim, Soo-min'),
(1395,1079,'SON SARDINA',125,67,'López Morales, Juan'),
(1396,1077,'ARENAL',122,67,'Wilson, Samuel'),
(1397,1073,'FERRIOLENSE "B"',115,67,'Costa Pereira, Beatriz'),
(1398,1065,'PORTO CRISTO "B"',109,67,'Martin, Liam'),
(1399,1065,'PORTO CRISTO "A"',109,67,'Fernández Pérez, Laura'),
(1400,1059,'CAMPOS',103,67,'Zhang, Xiu'),
(1401,1055,'ATLÉTICO RAFAL "B"',95,67,'Morales Sánchez, Álvaro'),
(1402,1055,'ATLÉTICO RAFAL "A"',96,67,'Smith, Olivia'),
(1403,1041,'MURENSE',83,67,'Yamamoto, Rina'),
(1404,1031,'ESCOLAR',71,67,'López Jiménez, Jorge'),
(1405,1029,'SERVERENSE',67,67,'Brown, Alex'),
(1406,1025,'SINEU',56,67,'Müller, Lea'),
(1407,1021,'C F SOLLER',49,67,'García Pérez, Marta'),
(1408,1014,'PETRA "A"',38,67,'Patel, Rajesh'),
(1409,1012,'LLOSETENSE',31,67,'Kim, Min-jae'),
(1410,1006,'CD CONSELL',19,67,'Johnson, Michael'),
(1411,1004,'CONSTANCIA "B"',13,67,'Ferreira, Mariana'),
(1412,1001,'BINISSALEM',1,67,'Thompson, Benjamin'),
(1413,1706,'RTVº. SON CALIU',239,68,'Castillo López, Daniel'),
(1414,1622,'MADRE ALBERTA',251,68,'Taylor, Mia'),
(1415,1608,'SP.CIUTAT DE PALMA',246,68,'Rodríguez Sánchez, Andrea'),
(1416,1378,'JOVENTUT MALLORCA',202,68,'Singh, Sunita'),
(1417,1291,'PENYA ARRABAL',178,68,'Costa Rodrigues, Paulo'),
(1418,1154,'SAN FRANCISCO',161,68,'Wilson, Olivia'),
(1419,1130,'LA REAL DE L.U.',151,68,'Chen, Jian'),
(1420,1073,'FERRIOLENSE',115,68,'Hernández García, Teresa'),
(1421,1067,'SAN CAYETANO',111,68,'Kim, Ha-neul'),
(1422,1021,'SOLLER',49,68,'O''Donnell, Fiona'),
(1423,1016,'SD LA SALLE',44,68,'Martínez López, Javier'),
(1424,1002,'ATº BALEARES',8,68,'Evans, Elizabeth'),
(1425,1001,'BINISSALEM',3,68,'Chen, Zhao'),
(1426,1778,'CIDE C.F. DEL ESTUDIANTES',129,69,'López Fernández, Clara'),
(1427,1717,'MADRE ALBERTA ATº D.M.A. "B"',251,69,'Andersen, Kasper'),
(1428,1708,'UNIÓ ESPORTIVA STA MARIA',287,69,'Silva Costa, Nuno'),
(1429,1705,'ARTÀ ATLÈTIC DEL A.',65,69,'Robinson, Olivia'),
(1430,1690,'CLUB DE FUTBOL CALA MILLOR',279,69,'Fernández Rodríguez, Isabel'),
(1431,1683,'PALMANYOLA',275,69,'Taylor, Max'),
(1432,1678,'INTER MANACOR',25,69,'Chang, Min-seo'),
(1433,1673,'ATº MONTAURA DEL M.',193,69,'González López, Carlos'),
(1434,1671,'SANTA PONSA',270,69,'Smith, Ava'),
(1435,1663,'CARDASSAR ATLÉTIC DEL C.',29,69,'Patel, Priya'),
(1436,1660,'MARGARITENSE ATLÈTIC',266,69,'Reyes García, David'),
(1437,1609,'SP. ATº CIUTAT DE PALMA',246,69,'Müller, Hanna'),
(1438,1583,'SP. SANT MARÇAL ATº D.SP.SM.',184,69,'Johnson, Luke'),
(1439,1578,'S''HORTA ATLÉTICO D.S.',167,69,'Pérez Rodríguez, Laura'),
(1440,1543,'ES PLA',235,69,'Costa Martins, João'),
(1441,1499,'SANTA MONICA',224,69,'García Jiménez, Sara'),
(1442,1369,'JUV. C''AN PICAFORT',200,69,'Martin, Ella'),
(1443,1360,'JUVENTUD CONSTANCIA',14,69,'Ahmed, Abdullah'),
(1444,1333,'SAN PEDRO ATº D.C.S.P.',188,69,'González Hernández, Samuel'),
(1445,1318,'COL. SAN PEDRO',188,69,'Jackson, Madison'),
(1446,1312,'ATº CAMP REDO-IND.D.I.',98,69,'Kim, Ji-hye'),
(1447,1292,'COLLERENSE',180,69,'Silva Santos, Mariana'),
(1448,1133,'PLA DE NA TESA',154,69,'Brown, Daniel'),
(1449,1122,'C E ESPORLES',146,69,'Díaz Fernández, Paula'),
(1450,1110,'A-LLUBÍ',142,69,'Yamamoto, Haruki'),
(1451,1102,'ALGAIDA',136,69,'Ochoa Rodríguez, Gabriel'),
(1452,1076,'RTVº LA VICTORIA',117,69,'Lee, Hyeon'),
(1453,1048,'ROTLET MOLINAR "B"',89,69,'Taylor, Leo'),
(1454,1041,'MURENSE',82,69,'Rossi, Lorenzo'),
(1455,1025,'SINEU',56,69,'Torres González, Claudia'),
(1456,1023,'FELANITX',53,69,'Nguyen, Quang'),
(1457,1009,'MANACOR',24,69,'Smith, Jonathan'),
(1458,1702,'CD IBIZA I. PITIUSAS',190,70,'Rodríguez Hernández, Sandra'),
(1459,1440,'UD IBIZA',217,70,'Johnson, Henry'),
(1460,1329,'PUIG D''EN VALLS',191,70,'Kim, Soo-yeon'),
(1461,1255,'PE SANT JORDI',168,70,'Costa Silva, Tiago'),
(1462,1160,'SANT JOSEP',163,70,'Thomas, Elizabeth'),
(1463,1030,'PEÑA DEPORTIVA "A"',68,70,'García Rodríguez, Elena'),
(1464,1010,'SD PORTMANY',26,70,'Brown, Ryan'),
(1465,1726,'INTER IBIZA',216,71,'Singh, Meena'),
(1466,1544,'IBIZA INSULAR DEL I.IS.P.',190,71,'Andersen, Emil'),
(1467,1439,'SANTA GERTRUDIS',214,71,'Wilson, Ava'),
(1468,1437,'B. SAN AGUSTIN',213,71,'López Sánchez, Martina'),
(1469,1436,'SANT CARLES',212,71,'Yamamoto, Yuto'),
(1470,1327,'CF RAPID DEL I.I.P.',190,71,'Patel, Sunil'),
(1471,1322,'PORTMANY AT.',26,71,'Hernández Pérez, Carmen'),
(1472,1313,'PENYA INDEPENDENT',186,71,'Müller, Felix'),
(1473,1071,'FORMENTERA',112,71,'Smith, Charlie'),
(1474,1042,'SAN RAFAEL',84,71,'Sánchez Hernández, Victoria'),
(1475,1030,'PEÑA DEPORTIVA "B"',68,71,'Lee, Seung-min'),
(1476,1402,'DOSA CF',80,72,'Silva Pereira, Matilde'),
(1477,1145,'PEÑA ORIENT DEPORTIVO D. P.C.E. "B"',157,72,'Thompson, Harper'),
(1478,1145,'PEÑA ORIENT DEPORTIVO D. P.C.E. "A"',157,72,'García Cruz, Pablo'),
(1479,1134,'CCE SANT LLUÍS "A"',155,72,'Robinson, Aiden'),
(1480,1117,'UD SEISLAN/UDM "B"',15,72,'O''Connor, Sarah'),
(1481,1117,'UD SEISLAN/UDM "A"',15,72,'Chang, Ji-young'),
(1482,1062,'UE SAMI',105,72,'Fernández Jiménez, Tomás'),
(1483,1746,'CLUB DE FUTBOL CIUTAT D''ALAIOR',39,73,'Johnson, John'),
(1484,1709,'CF SPORTING DE MAHON(*)',289,73,'Kim, Soo-ah'),
(1485,1134,'CCE SANT LLUIS "B"',155,73,'Costa Rodrigues, Inês'),
(1486,1124,'ATLETICO VILLACARLOS',147,73,'Taylor, Sophie'),
(1487,1027,'CE MERCADAL',63,73,'Pérez Hernández, Nicolás');

INSERT INTO `Jugador` (`id_jugador`,`nom`,`id_equip`,`data_naixement`,`dorsal`)
VALUES
(1,'García López, Juan',338,'2010-02-12',1),
(2,'Martínez Sánchez, Pedro',338,'2010-03-19',2),
(3,'Rodríguez Fernández, Luis',338,'2010-06-18',3),
(4,'López González, Carlos',338,'2010-01-07',4),
(5,'Hernández Pérez, José',338,'2010-09-15',5),
(6,'Gómez Martín, Manuel',338,'2010-05-28',6),
(7,'Pérez Ruiz, Antonio',338,'2010-01-05',7),
(8,'Sánchez Jiménez, Rafael',338,'2010-08-11',8),
(9,'Ramírez Díaz, Francisco',338,'2010-04-20',9),
(10,'Torres Rodríguez, Alberto',338,'2010-04-11',10),
(11,'Álvarez Sánchez, Miguel',338,'2010-10-11',11),
(12,'Moreno Hernández, Javier',338,'2010-09-27',12),
(13,'Romero Cruz, David',338,'2010-11-10',13),
(14,'Navarro Gómez, Sergio',338,'2010-11-12',14),
(15,'Ortega Flores, Andrés',338,'2010-10-25',15),
(16,'Silva Pérez, Daniel',339,'2010-01-27',1),
(17,'Castillo Romero, Fernando',339,'2010-10-22',2),
(18,'Ramos Morales, Jesús',339,'2010-07-13',3),
(19,'Castro Ortiz, Iván',339,'2010-11-18',4),
(20,'Ruiz Rodríguez, Alejandro',339,'2010-11-11',5),
(21,'Delgado Mendoza, Roberto',339,'2010-01-07',6),
(22,'Jiménez Torres, Guillermo',339,'2010-01-22',7),
(23,'Herrera Castro, Vicente',339,'2010-06-05',8),
(24,'Rivas Reyes, Marcos',339,'2010-07-26',9),
(25,'Ortiz Vargas, Julián',339,'2010-10-26',10),
(26,'Gil Moreno, Samuel',339,'2010-10-21',11),
(27,'Medina Suárez, Cristian',339,'2010-09-24',12),
(28,'Fernández López, Adrián',339,'2010-01-11',13),
(29,'Blanco Torres, Eduardo',339,'2010-09-07',14),
(30,'Vázquez García, Esteban',339,'2010-03-18',15),
(31,'Paredes Sánchez, Ricardo',340,'2010-02-18',1),
(32,'Ponce Ramírez, Hugo',340,'2010-07-06',2),
(33,'Montoya Flores, Pablo',340,'2010-05-18',3),
(34,'Chávez Pérez, Mario',340,'2010-07-11',4),
(35,'Peña Ramos, Santiago',340,'2010-02-04',5),
(36,'Benítez Morales, Martín',340,'2010-11-09',6),
(37,'Cortés Díaz, Álvaro',340,'2010-11-02',7),
(38,'Sosa Herrera, Tomás',340,'2010-11-05',8),
(39,'Parra González, Aníbal',340,'2010-08-27',9),
(40,'Muñoz Ramírez, Jaime',340,'2010-02-01',10),
(41,'Domínguez Reyes, Mateo',340,'2010-04-28',11),
(42,'Carrasco Ortega, Emiliano',340,'2010-10-25',12),
(43,'Medina Sánchez, Ignacio',340,'2010-09-28',13),
(44,'León Pérez, Adrián',340,'2010-10-10',14),
(45,'Soto Fernández, Ezequiel',340,'2010-08-20',15),
(46,'Campos Cruz, Julián',341,'2010-11-18',1),
(47,'Guerrero García, Andrés',341,'2010-05-26',2),
(48,'Aguilar Hernández, Moisés',341,'2010-06-24',3),
(49,'Herrera Castillo, Alejandro',341,'2010-08-28',4),
(50,'Soto Reyes, Gonzalo',341,'2010-01-08',5),
(51,'Figueroa Hernández, Darío',341,'2010-01-15',6),
(52,'Estrada Ruiz, Héctor',341,'2010-02-12',7),
(53,'Orozco Moreno, Ernesto',341,'2010-02-26',8),
(54,'Villegas Díaz, Emiliano',341,'2010-03-03',9),
(55,'Salinas Pérez, Israel',341,'2010-09-01',10),
(56,'Escobar Ramírez, Javier',341,'2010-03-21',11),
(57,'Vega Torres, Sebastián',341,'2010-06-26',12),
(58,'Peña Fernández, Jorge',341,'2010-09-17',13),
(59,'Solís Mendoza, Nicolás',341,'2010-04-20',14),
(60,'Ríos Suárez, Kevin',341,'2010-01-08',15),
(61,'Andrade Romero, Alejandro',342,'2010-06-05',1),
(62,'Luna Sánchez, Óscar',342,'2010-07-08',2),
(63,'Robles Ruiz, Iván',342,'2010-05-27',3),
(64,'Guzmán Fernández, Víctor',342,'2010-10-27',4),
(65,'Campos Herrera, Eduardo',342,'2010-11-02',5),
(66,'Márquez Torres, Luis',342,'2010-07-17',6),
(67,'Moya Hernández, Felipe',342,'2010-07-09',7),
(68,'Castro Mendoza, Lorenzo',342,'2010-02-21',8),
(69,'Navas Pérez, Benjamín',342,'2010-05-07',9),
(70,'Valdés Ramírez, Andrés',342,'2010-11-04',10),
(71,'Pizarro Torres, Gabriel',342,'2010-04-12',11),
(72,'Mejía González, Elías',342,'2010-08-18',12),
(73,'Aguilera Sánchez, Valentín',342,'2010-02-25',13),
(74,'Muñoz Pérez, Manuel',342,'2010-11-21',14),
(75,'Duarte Fernández, Adrián',342,'2010-12-07',15),
(76,'Zamora Cruz, Damián',343,'2010-04-03',1),
(77,'Mora Suárez, Joaquín',343,'2010-07-11',2),
(78,'Sanz Rodríguez, Raúl',343,'2010-04-01',3),
(79,'Maldonado Torres, Diego',343,'2010-12-18',4),
(80,'Aranda Hernández, Abel',343,'2010-11-19',5),
(81,'Pineda Pérez, Salvador',343,'2010-07-22',6),
(82,'Montes Ramírez, Félix',343,'2010-03-13',7),
(83,'Saavedra Torres, Álvaro',343,'2010-01-03',8),
(84,'Villalobos Fernández, Marco',343,'2010-05-24',9),
(85,'Lara Díaz, Mateo',343,'2010-03-27',10),
(86,'Lázaro Pérez, Rafael',343,'2010-09-17',11),
(87,'Navarro Sánchez, Daniel',343,'2010-05-23',12),
(88,'Rey Ramírez, Gonzalo',343,'2010-08-08',13),
(89,'Bravo Fernández, Cristian',343,'2010-11-06',14),
(90,'Esquivel Pérez, Hugo',343,'2010-07-25',15),
(91,'Mena Torres, Jaime',344,'2010-06-11',1),
(92,'Montalvo Cruz, Antonio',344,'2010-05-18',2),
(93,'Lozano Hernández, Omar',344,'2010-05-22',3),
(94,'Ocampo Ramírez, Ricardo',344,'2010-11-20',4),
(95,'Serrano Suárez, Carlos',344,'2010-06-16',5),
(96,'Valenzuela Rodríguez, Fabián',344,'2010-11-10',6),
(97,'Esteban Pérez, Álvaro',344,'2010-03-05',7),
(98,'Rosales Fernández, Iker',344,'2010-10-02',8),
(99,'Rocha Torres, Joel',344,'2010-03-13',9),
(100,'Valle Sánchez, Emiliano',344,'2010-10-07',10),
(101,'Domínguez Pérez, Mauricio',344,'2010-01-24',11),
(102,'Pacheco López, Gonzalo',344,'2010-09-15',12),
(103,'Gallardo Rodríguez, Ángel',344,'2010-10-11',13),
(104,'Márquez Sánchez, Felipe',344,'2010-01-25',14),
(105,'Reyes Fernández, Mario',344,'2010-01-25',15),
(106,'Rivera González, Tomás',345,'2010-07-03',1),
(107,'Fuentes Martínez, Sergio',345,'2010-12-10',2),
(108,'Cabrera López, Emilio',345,'2010-12-14',3),
(109,'Espinoza Pérez, Armando',345,'2010-01-05',4),
(110,'Santana Fernández, Saúl',345,'2010-10-26',5),
(111,'Morales García, Ismael',345,'2010-02-12',6),
(112,'Solano Rodríguez, Julián',345,'2010-04-16',7),
(113,'Carvajal Sánchez, Luis',345,'2010-09-14',8),
(114,'Miranda López, César',345,'2010-06-20',9),
(115,'Valverde Rodríguez, Rafael',345,'2010-03-24',10),
(116,'Sandoval Pérez, Carlos',345,'2010-01-15',11),
(117,'Bustamante García, Miguel',345,'2010-05-09',12),
(118,'Villanueva Sánchez, Héctor',345,'2010-10-05',13),
(119,'Saucedo Fernández, Víctor',345,'2010-09-03',14),
(120,'Serrano Rodríguez, José',345,'2010-01-28',15),
(121,'Bustos García, Esteban',346,'2010-01-21',1),
(122,'Quesada Pérez, Daniel',346,'2010-09-01',2),
(123,'Ordoñez Sánchez, Guillermo',346,'2010-07-16',3),
(124,'Juárez Rodríguez, Marcos',346,'2010-12-03',4),
(125,'Salgado Fernández, Fernando',346,'2010-10-16',5),
(126,'Cardona López, Rubén',346,'2010-07-13',6),
(127,'Zúñiga Pérez, Alejandro',346,'2010-12-15',7),
(128,'Arévalo Sánchez, Javier',346,'2010-04-05',8),
(129,'Molina Rodríguez, Alberto',346,'2010-02-11',9),
(130,'Villagrán García, Adrián',346,'2010-05-10',10),
(131,'Roldán Sánchez, Mateo',346,'2010-11-08',11),
(132,'Aragón López, Rafael',346,'2010-05-25',12),
(133,'Peralta Rodríguez, Jorge',346,'2010-05-20',13),
(134,'Estrada Pérez, Isidro',346,'2010-02-05',14),
(135,'Pizarro Sánchez, Mario',346,'2010-03-16',15),
(136,'Coronado Rodríguez, Tomás',347,'2010-05-21',1),
(137,'Neira López, Roberto',347,'2010-05-13',2),
(138,'Pastor García, Cristian',347,'2010-01-03',3),
(139,'Chacón Sánchez, Luis',347,'2010-06-21',4),
(140,'Lozano Rodríguez, Andrés',347,'2010-05-10',5),
(141,'Chaves Pérez, Benjamín',347,'2010-04-11',6),
(142,'Centeno Sánchez, Esteban',347,'2010-08-19',7),
(143,'Pulido García, Valentín',347,'2010-01-28',8),
(144,'Barreto Rodríguez, Elías',347,'2010-04-04',9),
(145,'Varela López, Santiago',347,'2010-11-24',10),
(146,'Acosta Sánchez, Gustavo',347,'2010-01-16',11),
(147,'Farías García, Nicolás',347,'2010-12-27',12),
(148,'Mármol Rodríguez, Emiliano',347,'2010-10-09',13),
(149,'Bautista Pérez, Leonardo',347,'2010-09-01',14),
(150,'Barreiro Sánchez, Mateo',347,'2010-11-05',15),
(151,'Caraballo García, Iván',348,'2010-05-14',1),
(152,'Urbina Rodríguez, Salvador',348,'2010-09-19',2),
(153,'Granados Pérez, Tomás',348,'2010-12-21',3),
(154,'Villaseñor Sánchez, Jorge',348,'2010-07-07',4),
(155,'Manrique Rodríguez, Abel',348,'2010-09-25',5),
(156,'Cordero García, Mario',348,'2010-04-01',6),
(157,'Macías Pérez, Rafael',348,'2010-11-16',7),
(158,'Montesinos Sánchez, Andrés',348,'2010-03-14',8),
(159,'Ríos García, Moisés',348,'2010-08-21',9),
(160,'Cabrera Rodríguez, Alejandro',348,'2010-11-10',10),
(161,'Montiel Sánchez, Carlos',348,'2010-01-23',11),
(162,'Salas García, Felipe',348,'2010-08-01',12),
(163,'Pimentel Pérez, Armando',348,'2010-12-27',13),
(164,'Santillán Sánchez, Luis',348,'2010-02-10',14),
(165,'Barrios García, Adrián',348,'2010-11-10',15),
(166,'Ornelas Rodríguez, Saúl',349,'2010-02-16',1),
(167,'Franco Pérez, Emilio',349,'2010-10-14',2),
(168,'Lira Sánchez, César',349,'2010-05-16',3),
(169,'Montero García, Ismael',349,'2010-03-13',4),
(170,'Cuevas Rodríguez, Esteban',349,'2010-10-19',5),
(171,'Tejada Pérez, Rubén',349,'2010-03-21',6),
(172,'Piña Sánchez, Javier',349,'2010-09-09',7),
(173,'Bazán García, Mateo',349,'2010-02-11',8),
(174,'Toledo Rodríguez, Héctor',349,'2010-11-13',9),
(175,'Castañeda Pérez, Nicolás',349,'2010-10-03',10),
(176,'Marín Sánchez, Fernando',349,'2010-11-17',11),
(177,'Medina García, Gustavo',349,'2010-08-26',12),
(178,'Palacios Rodríguez, Santiago',349,'2010-10-18',13),
(179,'Palomo Pérez, Alejandro',349,'2010-06-15',14),
(180,'Romero Sánchez, Antonio',349,'2010-12-09',15),
(181,'Esparza García, Jorge',350,'2010-12-08',1),
(182,'Domínguez Rodríguez, Rafael',350,'2010-09-03',2),
(183,'Zambrano Pérez, César',350,'2010-07-20',3),
(184,'Castellanos Sánchez, Mauricio',350,'2010-05-19',4),
(185,'Meléndez García, Valentín',350,'2010-11-02',5),
(186,'Lara Rodríguez, Mario',350,'2010-01-26',6),
(187,'Lucero Pérez, Cristian',350,'2010-07-08',7),
(188,'Briones Sánchez, Abel',350,'2010-11-21',8),
(189,'Castaño García, Carlos',350,'2010-10-24',9),
(190,'Murillo Rodríguez, Emilio',350,'2010-03-21',10),
(191,'Acuña Pérez, Julián',350,'2010-10-16',11),
(192,'Fonseca Sánchez, Daniel',350,'2010-12-04',12),
(193,'Mendoza García, Tomás',350,'2010-10-26',13),
(194,'Vega Rodríguez, Felipe',350,'2010-08-24',14),
(195,'Velázquez Pérez, Andrés',350,'2010-12-16',15),
(196,'Roque Sánchez, Fernando',351,'2010-03-09',1),
(197,'Pinedo García, Mario',351,'2010-05-08',2),
(198,'Alarcón Rodríguez, Nicolás',351,'2010-01-25',3),
(199,'Núñez Pérez, Adrián',351,'2010-06-18',4),
(200,'Funes Sánchez, Gustavo',351,'2010-11-21',5),
(201,'Morales Suárez, Luis',351,'2010-10-03',6),
(202,'Santana López, Martín',351,'2010-09-06',7),
(203,'Aguirre Fernández, Raúl',351,'2010-06-11',8),
(204,'Benítez García, Eduardo',351,'2010-05-08',9),
(205,'Castillo Pérez, Rubén',351,'2010-03-02',10),
(206,'Rivas Sánchez, Gustavo',351,'2010-10-25',11),
(207,'Lara Ramírez, César',351,'2010-12-26',12),
(208,'Luna Hernández, Óscar',351,'2010-11-13',13),
(209,'Pacheco Jiménez, Andrés',351,'2010-03-25',14),
(210,'Arévalo Rodríguez, Leonardo',351,'2010-03-26',15),
(211,'Escobar Pérez, David',352,'2010-12-26',1),
(212,'Salgado Ruiz, Rodrigo',352,'2010-11-13',2),
(213,'Cabrera Fernández, Ezequiel',352,'2010-06-10',3),
(214,'Andrade López, Ernesto',352,'2010-05-14',4),
(215,'Lozano Jiménez, Ariel',352,'2010-12-23',5),
(216,'Bautista Sánchez, Marcelo',352,'2010-10-20',6),
(217,'Godoy Ramírez, Ignacio',352,'2010-06-18',7),
(218,'Carrillo Fernández, Marcos',352,'2010-09-01',8),
(219,'Gallardo García, Mateo',352,'2010-07-13',9),
(220,'Lozano Pérez, Iván',352,'2010-07-03',10),
(221,'Tapia Sánchez, Esteban',352,'2010-02-05',11),
(222,'Luna García, Abel',352,'2010-11-10',12),
(223,'Paredes Jiménez, Sebastián',352,'2010-01-15',13),
(224,'Sosa Ramírez, Cristóbal',352,'2010-10-23',14),
(225,'Trejo Fernández, Emiliano',352,'2010-02-16',15),
(226,'Villalobos Pérez, Benjamín',353,'2010-01-08',1),
(227,'Aguilar Sánchez, Fernando',353,'2010-07-16',2),
(228,'Pizarro Ramírez, Diego',353,'2010-06-04',3),
(229,'Benítez Jiménez, Jorge',353,'2010-05-03',4),
(230,'Correa García, Gustavo',353,'2010-01-26',5),
(231,'Calderón Fernández, Mario',353,'2010-03-20',6),
(232,'Márquez Pérez, Leonardo',353,'2010-02-06',7),
(233,'Peña Sánchez, Juan',353,'2010-12-27',8),
(234,'Aguilera Ramírez, Alejandro',353,'2010-01-26',9),
(235,'Domínguez Jiménez, Emilio',353,'2010-07-18',10),
(236,'Mendoza García, Samuel',353,'2010-10-05',11),
(237,'Figueroa Fernández, Alberto',353,'2010-11-26',12),
(238,'Godoy Pérez, Francisco',353,'2010-01-07',13),
(239,'Silva Sánchez, Rafael',353,'2010-07-03',14),
(240,'Esteban Ramírez, Luis',353,'2010-11-01',15),
(241,'Camacho Fernández, Ernesto',354,'2010-10-06',1),
(242,'Quintana Pérez, Rubén',354,'2010-03-16',2),
(243,'Camacho Jiménez, Héctor',354,'2010-02-17',3),
(244,'Villanueva García, Valentín',354,'2010-06-08',4),
(245,'Galindo Fernández, Rodrigo',354,'2010-04-10',5),
(246,'Maldonado Pérez, Álvaro',354,'2010-05-04',6),
(247,'Méndez Sánchez, Santiago',354,'2010-10-15',7),
(248,'Chávez Ramírez, César',354,'2010-01-15',8),
(249,'Lozano Jiménez, Mateo',354,'2010-09-08',9),
(250,'Trujillo García, Abel',354,'2010-12-21',10),
(251,'Sandoval Fernández, Iván',354,'2010-08-21',11),
(252,'Ponce Pérez, Ariel',354,'2010-08-15',12),
(253,'Castro Sánchez, Benjamín',354,'2010-06-05',13),
(254,'Valdés Ramírez, Eduardo',354,'2010-01-19',14),
(255,'Guerra Fernández, Fernando',354,'2010-09-12',15),
(256,'Lara Jiménez, Cristian',355,'2010-02-19',1),
(257,'Rojo García, Ezequiel',355,'2010-04-12',2),
(258,'Aranda Pérez, Tomás',355,'2010-06-07',3),
(259,'Guzmán Sánchez, Felipe',355,'2010-02-15',4),
(260,'Velázquez Ramírez, Mario',355,'2010-02-21',5),
(261,'Mena Fernández, Juan',355,'2010-02-07',6),
(262,'Cortés Pérez, Alejandro',355,'2010-06-08',7),
(263,'Medina Jiménez, Raúl',355,'2010-10-06',8),
(264,'Santana García, Emiliano',355,'2010-06-14',9),
(265,'Solano Fernández, Luis',355,'2010-11-15',10),
(266,'Villegas Pérez, Nicolás',355,'2010-12-22',11),
(267,'Estrada Sánchez, Leonardo',355,'2010-08-20',12),
(268,'Meza Ramírez, Javier',355,'2010-11-23',13),
(269,'Ceballos Fernández, Eduardo',355,'2010-05-01',14),
(270,'Varela Jiménez, Marcelo',355,'2010-02-28',15),
(271,'Palacios García, Carlos',356,'2010-10-24',1),
(272,'Sosa Pérez, Rubén',356,'2010-09-21',2),
(273,'Prieto Sánchez, Gustavo',356,'2010-04-01',3),
(274,'León Ramírez, Héctor',356,'2010-04-17',4),
(275,'Aguayo Fernández, Martín',356,'2010-11-26',5),
(276,'Bustos Pérez, Rafael',356,'2010-07-25',6),
(277,'Murillo Sánchez, Francisco',356,'2010-03-21',7),
(278,'Carrasco Ramírez, Iván',356,'2010-06-14',8),
(279,'Ávila Fernández, Rodrigo',356,'2010-11-04',9),
(280,'Esteban Jiménez, Emiliano',356,'2010-08-25',10),
(281,'Barrios García, Fernando',356,'2010-07-14',11),
(282,'Pizarro Pérez, Santiago',356,'2010-07-17',12),
(283,'Andrade Sánchez, Luis',356,'2010-10-24',13),
(284,'Godoy Ramírez, Leonardo',356,'2010-08-27',14),
(285,'Escobar Fernández, Marcelo',356,'2010-04-15',15),
(286,'Fuentes Jiménez, César',357,'2010-10-28',1),
(287,'Rocha García, Valentín',357,'2010-08-14',2),
(288,'Palacios Pérez, Alberto',357,'2010-08-26',3),
(289,'Villanueva Sánchez, Mateo',357,'2010-05-11',4),
(290,'Paredes Ramírez, Andrés',357,'2010-11-09',5),
(291,'Bustos Fernández, Juan',357,'2010-09-12',6),
(292,'Montiel Jiménez, Mario',357,'2010-02-24',7),
(293,'Gutiérrez García, Santiago',357,'2010-01-20',8),
(294,'Alarcón Pérez, Fernando',357,'2010-02-06',9),
(295,'Camacho Sánchez, Eduardo',357,'2010-09-10',10),
(296,'Núñez Ramírez, Javier',357,'2010-12-22',11),
(297,'Lozano Fernández, Luis',357,'2010-12-15',12),
(298,'Cruz Jiménez, Héctor',357,'2010-02-17',13),
(299,'Figueroa García, Gustavo',357,'2010-04-20',14),
(300,'Vázquez Pérez, Sebastián',357,'2010-08-10',15),
(301,'Vargas Suárez, Adrián',358,'2010-05-13',1),
(302,'Molina López, Francisco',358,'2010-12-03',2),
(303,'Ortega Fernández, Juan',358,'2010-06-10',3),
(304,'Márquez García, Hugo',358,'2010-04-03',4),
(305,'Gómez Pérez, Ricardo',358,'2010-06-28',5),
(306,'Castro Sánchez, Mario',358,'2010-06-10',6),
(307,'Delgado Ramírez, José',358,'2010-02-12',7),
(308,'Ríos Hernández, Luis',358,'2010-10-10',8),
(309,'Torres Jiménez, Raúl',358,'2010-09-10',9),
(310,'Salinas Fernández, Gabriel',358,'2010-07-11',10),
(311,'Cárdenas Pérez, Álvaro',358,'2010-12-09',11),
(312,'Pineda Sánchez, Javier',358,'2010-10-05',12),
(313,'Villalobos Ramírez, Antonio',358,'2010-02-26',13),
(314,'Sarmiento García, Carlos',358,'2010-06-14',14),
(315,'Peña Fernández, Manuel',358,'2010-03-14',15),
(316,'Reyes Suárez, Julio',359,'2010-09-07',1),
(317,'Montalvo Jiménez, Pedro',359,'2010-05-13',2),
(318,'Arrieta López, Santiago',359,'2010-07-03',3),
(319,'Quintana Ramírez, Diego',359,'2010-12-02',4),
(320,'Espinosa Sánchez, Alberto',359,'2010-08-10',5),
(321,'Padilla García, Francisco',359,'2010-10-13',6),
(322,'Medina Fernández, Cristian',359,'2010-11-21',7),
(323,'Serrano Suárez, Tomás',359,'2010-01-21',8),
(324,'Escalante Pérez, Víctor',359,'2010-12-07',9),
(325,'Ortega Jiménez, Ariel',359,'2010-06-06',10),
(326,'Valle Ramírez, Eduardo',359,'2010-11-04',11),
(327,'Miranda Fernández, Joaquín',359,'2010-12-04',12),
(328,'Aguirre Pérez, Andrés',359,'2010-10-18',13),
(329,'Benavides Sánchez, Emiliano',359,'2010-02-02',14),
(330,'Hurtado García, José',359,'2010-08-09',15),
(331,'Vallejo López, Luis',360,'2010-11-12',1),
(332,'Aguilar Ramírez, Adrián',360,'2010-05-14',2),
(333,'Borja Fernández, Fernando',360,'2010-11-03',3),
(334,'Estrada Pérez, Samuel',360,'2010-04-05',4),
(335,'Guevara Sánchez, Nicolás',360,'2010-05-15',5),
(336,'Trujillo García, Rafael',360,'2010-02-13',6),
(337,'Segovia Fernández, Felipe',360,'2010-02-27',7),
(338,'Vázquez Ramírez, Martín',360,'2010-11-14',8),
(339,'Olmedo Jiménez, Valentín',360,'2010-02-05',9),
(340,'Jara López, Guillermo',360,'2010-04-07',10),
(341,'Nava Ramírez, Gustavo',360,'2010-04-17',11),
(342,'Ponce Fernández, Mauricio',360,'2010-03-28',12),
(343,'Sierra Pérez, Iván',360,'2010-11-12',13),
(344,'Zambrano Sánchez, Óscar',360,'2010-10-17',14),
(345,'Bautista García, Cristian',360,'2010-11-21',15),
(346,'Moya Fernández, Luis',361,'2010-01-09',1),
(347,'Palomo Ramírez, Ángel',361,'2010-03-13',2),
(348,'Meza Jiménez, Kevin',361,'2010-01-19',3),
(349,'Olivares Pérez, David',361,'2010-06-16',4),
(350,'Cardona Sánchez, Ezequiel',361,'2010-03-10',5),
(351,'Bermúdez García, Diego',361,'2010-11-09',6),
(352,'Miranda Fernández, Gabriel',361,'2010-08-21',7),
(353,'Villanueva Ramírez, Julián',361,'2010-04-22',8),
(354,'Cordero Jiménez, Mario',361,'2010-01-06',9),
(355,'Calderón López, Sebastián',361,'2010-07-02',10),
(356,'Ríos Suárez, Javier',361,'2010-12-18',11),
(357,'Velasco Fernández, Marcelo',361,'2010-06-13',12),
(358,'Peñaloza Pérez, Miguel',361,'2010-06-25',13),
(359,'Montalvo García, Elías',361,'2010-07-18',14),
(360,'Alarcón Fernández, Alberto',361,'2010-08-10',15),
(361,'Osorio Jiménez, Benjamín',362,'2010-03-15',1),
(362,'Neira Suárez, Tomás',362,'2010-12-18',2),
(363,'Montes López, Alejandro',362,'2010-11-19',3),
(364,'Acevedo Ramírez, Rafael',362,'2010-05-12',4),
(365,'Duarte Pérez, César',362,'2010-11-07',5),
(366,'Ramírez Sánchez, Aarón',362,'2010-09-11',6),
(367,'Cifuentes García, Iván',362,'2010-02-22',7),
(368,'Santana Fernández, Luis',362,'2010-08-15',8),
(369,'Treviño Pérez, Hugo',362,'2010-09-10',9),
(370,'Rosales Jiménez, Abel',362,'2010-07-01',10),
(371,'Campos García, Leonardo',362,'2010-08-15',11),
(372,'Ochoa Fernández, Mateo',362,'2010-04-08',12),
(373,'Varela Ramírez, Ariel',362,'2010-03-24',13),
(374,'Pizarro Suárez, Pedro',362,'2010-09-23',14),
(375,'Maldonado Pérez, Martín',362,'2010-11-28',15),
(376,'Gallegos Sánchez, Santiago',363,'2010-04-11',1),
(377,'Muñoz García, Emiliano',363,'2010-06-11',2),
(378,'Zavala Fernández, Julio',363,'2010-09-15',3),
(379,'Ortega Jiménez, Andrés',363,'2010-02-21',4),
(380,'Murillo Suárez, Álvaro',363,'2010-10-02',5),
(381,'Villalobos López, Jorge',363,'2010-12-21',6),
(382,'Salgado Ramírez, Óscar',363,'2010-02-26',7),
(383,'Zamora Pérez, Eduardo',363,'2010-08-05',8),
(384,'Chacón Sánchez, Rafael',363,'2010-09-25',9),
(385,'Ceballos García, Joaquín',363,'2010-04-24',10),
(386,'Araya Fernández, Rodrigo',363,'2010-03-11',11),
(387,'Cárdenas Suárez, Luis',363,'2010-06-28',12),
(388,'Portillo Jiménez, Tomás',363,'2010-06-12',13),
(389,'Blanco López, Gustavo',363,'2010-02-21',14),
(390,'Benítez Fernández, Gabriel',363,'2010-10-26',15),
(391,'Leal Pérez, Mauricio',364,'2010-01-21',1),
(392,'Ibáñez Sánchez, Francisco',364,'2010-12-04',2),
(393,'Espino García, Kevin',364,'2010-12-05',3),
(394,'Cuevas Fernández, Felipe',364,'2010-11-22',4),
(395,'Guzmán Ramírez, Alejandro',364,'2010-05-12',5),
(396,'Pardo Jiménez, Mario',364,'2010-08-19',6),
(397,'Salas Suárez, Valentín',364,'2010-03-28',7),
(398,'Andrade García, Hugo',364,'2010-02-28',8),
(399,'Arroyo Fernández, Alberto',364,'2010-12-07',9),
(400,'Reyes Pérez, César',364,'2010-04-19',10),
(401,'Mena Suárez, Francisco',364,'2010-05-16',11),
(402,'Ortega López, Javier',364,'2010-02-26',12),
(403,'Alvarado Fernández, Luis',364,'2010-01-04',13),
(404,'Esquivel García, Emiliano',364,'2010-01-17',14),
(405,'Calderón Pérez, Mario',364,'2010-02-09',15),
(406,'Tapia Sánchez, Andrés',365,'2010-02-11',1),
(407,'Rojas Ramírez, Tomás',365,'2010-07-10',2),
(408,'Cruz Hernández, Alejandro',365,'2010-11-16',3),
(409,'Fajardo Jiménez, Rafael',365,'2010-05-13',4),
(410,'Núñez Fernández, Gabriel',365,'2010-02-07',5),
(411,'Peralta Pérez, Mauricio',365,'2010-10-07',6),
(412,'Gutiérrez Sánchez, Iván',365,'2010-01-14',7),
(413,'Camacho García, Hugo',365,'2010-08-18',8),
(414,'Olivares Fernández, Antonio',365,'2010-05-06',9),
(415,'Murillo Suárez, Sebastián',365,'2010-08-24',10),
(416,'Barrios López, Daniel',365,'2010-07-16',11),
(417,'Peña Ramírez, Luis',365,'2010-11-07',12),
(418,'Torres Jiménez, Eduardo',365,'2010-12-05',13),
(419,'Cárdenas Fernández, Alberto',365,'2010-02-05',14),
(420,'Montero Pérez, Kevin',365,'2010-06-26',15),
(421,'Osorio Sánchez, Mario',366,'2010-02-23',1),
(422,'Palacios García, Alejandro',366,'2010-11-26',2),
(423,'Salgado López, Aarón',366,'2010-08-22',3),
(424,'Varela Ramírez, Martín',366,'2010-04-06',4),
(425,'Cordero Fernández, Pedro',366,'2010-09-09',5),
(426,'Gallardo Pérez, Rodrigo',366,'2010-03-22',6),
(427,'Santana Sánchez, Elías',366,'2010-12-15',7),
(428,'Montes García, Raúl',366,'2010-07-12',8),
(429,'Blanco Fernández, Jorge',366,'2010-06-16',9),
(430,'Arévalo Suárez, Cristian',366,'2010-06-25',10),
(431,'Aguilera Jiménez, Valentín',366,'2010-01-06',11),
(432,'Calderón López, Samuel',366,'2010-09-25',12),
(433,'Ríos Fernández, Mateo',366,'2010-05-12',13),
(434,'García Pérez, Esteban',366,'2010-04-13',14),
(435,'Aguilar Sánchez, Kevin',366,'2010-10-25',15),
(436,'Fuentes García, Alberto',367,'2010-02-24',1),
(437,'Espinoza Fernández, Nicolás',367,'2010-04-22',2),
(438,'Benítez Ramírez, Tomás',367,'2010-03-21',3),
(439,'Pacheco Jiménez, Adrián',367,'2010-07-20',4),
(440,'Cardona López, Luis',367,'2010-09-11',5),
(441,'Aranda Sánchez, Hugo',367,'2010-05-05',6),
(442,'Cabrera Fernández, Mario',367,'2010-08-10',7),
(443,'Montiel Pérez, Ezequiel',367,'2010-09-09',8),
(444,'Gálvez Sánchez, Gustavo',367,'2010-01-02',9),
(445,'Espino García, César',367,'2010-10-26',10),
(446,'Pinedo Suárez, Antonio',367,'2010-02-23',11),
(447,'Villanueva Fernández, Iván',367,'2010-05-04',12),
(448,'Román Jiménez, Francisco',367,'2010-03-06',13),
(449,'Acosta García, Rodrigo',367,'2010-11-06',14),
(450,'Becerra Fernández, Rafael',367,'2010-09-22',15),
(451,'Meléndez Pérez, Jorge',368,'2010-05-15',1),
(452,'Olmedo Sánchez, Sebastián',368,'2010-07-21',2),
(453,'Lara García, Daniel',368,'2010-03-24',3),
(454,'Pizarro Fernández, Pedro',368,'2010-02-14',4),
(455,'Salinas Suárez, Hugo',368,'2010-10-24',5),
(456,'Rocha López, Martín',368,'2010-04-10',6),
(457,'Guzmán Jiménez, Javier',368,'2010-09-23',7),
(458,'Velasco García, Elías',368,'2010-09-15',8),
(459,'Estrada Fernández, Santiago',368,'2010-01-19',9),
(460,'Leal Pérez, Andrés',368,'2010-08-27',10),
(461,'Tapia Sánchez, Rubén',368,'2010-11-25',11),
(462,'Castillo Fernández, Leonardo',368,'2010-03-11',12),
(463,'Aguayo García, José',368,'2010-05-21',13),
(464,'Pizarro Jiménez, Cristian',368,'2010-09-12',14),
(465,'Torres Suárez, Miguel',368,'2010-01-12',15),
(466,'Varela López, Julián',369,'2010-02-15',1),
(467,'Perales Fernández, Francisco',369,'2010-02-18',2),
(468,'Cáceres Pérez, Samuel',369,'2010-11-23',3),
(469,'Paredes Sánchez, Antonio',369,'2010-09-26',4),
(470,'Vega García, Mauricio',369,'2010-10-13',5),
(471,'Pardo Jiménez, Hugo',369,'2010-12-09',6),
(472,'Andrade Fernández, Tomás',369,'2010-03-28',7),
(473,'Delgado Suárez, Jorge',369,'2010-02-18',8),
(474,'Prieto López, Mario',369,'2010-04-28',9),
(475,'Salazar Ramírez, Alejandro',369,'2010-03-26',10),
(476,'Salas Jiménez, Iván',369,'2010-11-05',11),
(477,'Duarte García, Andrés',369,'2010-01-06',12),
(478,'Romero Fernández, Raúl',369,'2010-01-05',13),
(479,'Solís Pérez, Felipe',369,'2010-09-08',14),
(480,'Esquivel Sánchez, Emiliano',369,'2010-10-05',15),
(481,'Macías Jiménez, Luis',370,'2010-09-26',1),
(482,'Quintero García, Alberto',370,'2010-05-11',2),
(483,'Castillo Fernández, Cristian',370,'2010-08-25',3),
(484,'Alarcón Suárez, Kevin',370,'2010-11-17',4),
(485,'Bravo López, Sebastián',370,'2010-03-26',5),
(486,'Campos Ramírez, Rodrigo',370,'2010-06-14',6),
(487,'Mora Jiménez, Alejandro',370,'2010-12-28',7),
(488,'Bernal García, Francisco',370,'2010-09-12',8),
(489,'Medina Fernández, Hugo',370,'2010-07-16',9),
(490,'Zambrano Pérez, Rafael',370,'2010-04-17',10),
(491,'Romo Sánchez, Daniel',370,'2010-10-11',11),
(492,'Alvarado Jiménez, Mario',370,'2010-09-08',12),
(493,'Sandoval García, Pedro',370,'2010-10-15',13),
(494,'Correa Fernández, Iván',370,'2010-07-15',14),
(495,'Godoy Pérez, Gabriel',370,'2010-06-15',15),
(496,'Garza Sánchez, José',371,'2010-04-18',1),
(497,'Chavarría Fernández, Luis',371,'2010-10-18',2),
(498,'Gil Jiménez, Francisco',371,'2010-11-08',3),
(499,'Zamora García, Tomás',371,'2010-10-20',4),
(500,'Benavides Suárez, Alejandro',371,'2010-04-06',5),
(501,'Olmedo López, Javier',371,'2010-11-23',6),
(502,'Lara Fernández, Luis',371,'2010-08-22',7),
(503,'Jiménez García, Emiliano',371,'2010-12-26',8),
(504,'Hernández Pérez, Raúl',371,'2010-08-02',9),
(505,'Gutiérrez Sánchez, Hugo',371,'2010-09-19',10),
(506,'Ríos Ramírez, Andrés',371,'2010-03-10',11),
(507,'Castro Jiménez, Kevin',371,'2010-08-24',12),
(508,'Figueroa Fernández, Tomás',371,'2010-02-15',13),
(509,'Mora Pérez, José',371,'2010-01-03',14),
(510,'Velasco Sánchez, Antonio',371,'2010-04-03',15),
(511,'Guzmán García, Mateo',372,'2010-05-02',1),
(512,'Palacios Fernández, Francisco',372,'2010-07-27',2),
(513,'Andrade Ramírez, Daniel',372,'2010-05-17',3),
(514,'Sarmiento Suárez, Pedro',372,'2010-01-25',4),
(515,'Reyes Jiménez, Santiago',372,'2010-06-23',5),
(516,'Espinoza García, Luis',372,'2010-07-26',6),
(517,'Aguilera López, Raúl',372,'2010-05-13',7),
(518,'Cáceres Fernández, Sebastián',372,'2010-02-27',8),
(519,'Delgado Pérez, Javier',372,'2010-12-23',9),
(520,'Pineda Sánchez, Martín',372,'2010-08-14',10),
(521,'Barrios Ramírez, Iván',372,'2010-03-09',11),
(522,'Peralta Jiménez, Leonardo',372,'2010-06-27',12),
(523,'Navarro García, Mario',372,'2010-04-15',13),
(524,'Ramos Fernández, Hugo',372,'2010-06-09',14),
(525,'Solano Suárez, Emiliano',372,'2010-02-23',15),
(526,'Esteban López, Tomás',373,'2010-03-08',1),
(527,'Luna Fernández, Kevin',373,'2010-08-06',2),
(528,'Sánchez Pérez, Jorge',373,'2010-04-24',3),
(529,'Valencia Jiménez, Raúl',373,'2010-03-10',4),
(530,'Guerra García, José',373,'2010-09-28',5),
(531,'Salazar Fernández, Antonio',373,'2010-06-24',6),
(532,'Vargas Suárez, Sebastián',373,'2010-09-19',7),
(533,'Muñoz Jiménez, Andrés',373,'2010-07-15',8),
(534,'Romero García, Luis',373,'2010-01-03',9),
(535,'Torres Pérez, Francisco',373,'2010-10-14',10),
(536,'Pérez Sánchez, Javier',373,'2010-02-01',11),
(537,'Medina Ramírez, Hugo',373,'2010-11-23',12),
(538,'Pizarro Jiménez, Alejandro',373,'2010-12-13',13),
(539,'Maldonado García, Daniel',373,'2010-10-01',14),
(540,'Serrano Fernández, Pedro',373,'2010-10-06',15),
(541,'Duarte Suárez, Santiago',374,'2010-07-08',1),
(542,'Vega Jiménez, Emiliano',374,'2010-02-06',2),
(543,'Benítez García, Mateo',374,'2010-11-28',3),
(544,'Aguilar Fernández, Iván',374,'2010-03-02',4),
(545,'Vargas Pérez, Luis',374,'2010-11-03',5),
(546,'Herrera Sánchez, Hugo',374,'2010-08-25',6),
(547,'Olivares Ramírez, Javier',374,'2010-08-18',7),
(548,'Montoya Jiménez, Kevin',374,'2010-02-12',8),
(549,'Montes García, Tomás',374,'2010-07-05',9),
(550,'Romero Fernández, Santiago',374,'2010-05-01',10),
(551,'Vallejo Suárez, Mario',374,'2010-01-12',11),
(552,'Castillo Jiménez, Francisco',374,'2010-11-26',12),
(553,'Cárdenas García, Alejandro',374,'2010-04-26',13),
(554,'Pardo Fernández, Daniel',374,'2010-09-03',14),
(555,'Maldonado Pérez, Iván',374,'2010-01-20',15),
(556,'Núñez Sánchez, Luis',375,'2010-12-27',1),
(557,'Ortiz Ramírez, Hugo',375,'2010-10-07',2),
(558,'Reyes Jiménez, Emiliano',375,'2010-04-06',3),
(559,'Lozano García, Sebastián',375,'2010-03-17',4),
(560,'Medina Fernández, Antonio',375,'2010-05-20',5),
(561,'Quintero Suárez, Raúl',375,'2010-01-16',6),
(562,'Solano Jiménez, José',375,'2010-02-12',7),
(563,'Andrade García, Javier',375,'2010-03-16',8),
(564,'Delgado Fernández, Mario',375,'2010-01-02',9),
(565,'Tapia Suárez, Santiago',375,'2010-09-03',10),
(566,'Olmedo Jiménez, Tomás',375,'2010-04-16',11),
(567,'Cáceres García, Francisco',375,'2010-11-08',12),
(568,'Benavides Pérez, Alejandro',375,'2010-04-09',13),
(569,'Gil Sánchez, Hugo',375,'2010-05-15',14),
(570,'Esquivel Ramírez, Daniel',375,'2010-07-16',15),
(571,'Pinedo Jiménez, Emiliano',376,'2010-04-18',1),
(572,'Robles García, Luis',376,'2010-01-02',2),
(573,'Roldán Fernández, Mateo',376,'2010-06-07',3),
(574,'Palacios Suárez, Mario',376,'2010-01-16',4),
(575,'Godoy Jiménez, Raúl',376,'2010-02-25',5),
(576,'Acosta García, Antonio',376,'2010-08-17',6),
(577,'Guzmán Pérez, Kevin',376,'2010-02-23',7),
(578,'Velasco Sánchez, Tomás',376,'2010-01-26',8),
(579,'Esteban Ramírez, Javier',376,'2010-11-22',9),
(580,'Aguilar Fernández, Alejandro',376,'2010-10-02',10),
(581,'Vallejo Suárez, Emiliano',376,'2010-02-02',11),
(582,'Vargas Jiménez, Hugo',376,'2010-08-11',12),
(583,'Navarro García, Sebastián',376,'2010-05-13',13),
(584,'Pizarro Fernández, Iván',376,'2010-04-23',14),
(585,'Mora Pérez, Daniel',376,'2010-04-16',15),
(586,'Cárdenas Sánchez, Luis',377,'2010-07-10',1),
(587,'Ortiz Ramírez, Santiago',377,'2010-02-13',2),
(588,'Sandoval Jiménez, Francisco',377,'2010-07-16',3),
(589,'Vargas García, Alejandro',377,'2010-08-06',4),
(590,'Montalvo Fernández, Mario',377,'2010-07-12',5),
(591,'Medina Suárez, Tomás',377,'2010-06-13',6),
(592,'Delgado Jiménez, Emiliano',377,'2010-11-17',7),
(593,'Solano García, Javier',377,'2010-07-28',8),
(594,'Aguilera Fernández, Mateo',377,'2010-06-26',9),
(595,'Guzmán Suárez, Hugo',377,'2010-10-09',10),
(596,'Aguilar Jiménez, Kevin',377,'2010-07-04',11),
(597,'Luna García, Luis',377,'2010-02-24',12),
(598,'Ramos Fernández, Daniel',377,'2010-02-05',13),
(599,'Benítez Suárez, Alejandro',377,'2010-09-24',14),
(600,'Gálvez Suárez, Tomás',377,'2010-11-25',15),
(601,'Pacheco López, Leonardo',378,'2010-01-20',1),
(602,'Quiroga Fernández, Mario',378,'2010-02-15',2),
(603,'Pineda García, Hugo',378,'2010-01-22',3),
(604,'Ferrer Pérez, Alejandro',378,'2010-02-05',4),
(605,'Castaño Sánchez, Emiliano',378,'2010-12-25',5),
(606,'Mena Ramírez, Kevin',378,'2010-01-20',6),
(607,'Jiménez Fernández, Antonio',378,'2010-05-19',7),
(608,'Cortés García, Sebastián',378,'2010-04-21',8),
(609,'Salinas Jiménez, Francisco',378,'2010-08-18',9),
(610,'Cordero Suárez, Javier',378,'2010-03-04',10),
(611,'Ramos López, Daniel',378,'2010-06-07',11),
(612,'Miranda García, Andrés',378,'2010-12-05',12),
(613,'Esteban Jiménez, Luis',378,'2010-12-23',13),
(614,'Hurtado Pérez, Mateo',378,'2010-01-20',14),
(615,'Domínguez Sánchez, Jorge',378,'2010-06-11',15),
(616,'Ayala García, Hugo',379,'2010-04-22',1),
(617,'Prieto Fernández, Iván',379,'2010-01-13',2),
(618,'Andrade Suárez, Tomás',379,'2010-09-16',3),
(619,'Arce López, Kevin',379,'2010-10-03',4),
(620,'Zamora García, Raúl',379,'2010-02-21',5),
(621,'Vergara Fernández, Alejandro',379,'2010-12-20',6),
(622,'Godoy Sánchez, Luis',379,'2010-08-16',7),
(623,'Peña Ramírez, Sebastián',379,'2010-05-09',8),
(624,'Roldán Jiménez, Francisco',379,'2010-09-15',9),
(625,'Orozco Suárez, Daniel',379,'2010-10-06',10),
(626,'Caballero García, Mario',379,'2010-05-08',11),
(627,'Guevara Fernández, Hugo',379,'2010-02-13',12),
(628,'Montes López, Javier',379,'2010-05-04',13),
(629,'Manrique García, Emiliano',379,'2010-08-20',14),
(630,'Cuevas Fernández, Kevin',379,'2010-11-19',15),
(631,'Fuentes Sánchez, Luis',380,'2010-08-22',1),
(632,'Quintana Ramírez, Tomás',380,'2010-12-06',2),
(633,'Barrios Jiménez, Raúl',380,'2010-01-09',3),
(634,'Delgadillo Suárez, Alejandro',380,'2010-07-16',4),
(635,'Velázquez García, Mario',380,'2010-11-24',5),
(636,'Sarmiento Fernández, Francisco',380,'2010-07-26',6),
(637,'Lara Sánchez, Andrés',380,'2010-09-18',7),
(638,'Vázquez Ramírez, Javier',380,'2010-04-28',8),
(639,'Guzmán Jiménez, Mateo',380,'2010-01-09',9),
(640,'Palacios Suárez, Kevin',380,'2010-12-22',10),
(641,'Vega García, Hugo',380,'2010-09-06',11),
(642,'Márquez Fernández, Alejandro',380,'2010-08-26',12),
(643,'Ortiz Sánchez, Tomás',380,'2010-05-18',13),
(644,'Miranda Ramírez, Luis',380,'2010-01-28',14),
(645,'Calderón Jiménez, Sebastián',380,'2010-04-07',15),
(646,'Reyes García, Antonio',381,'2010-09-18',1),
(647,'Figueroa Fernández, Raúl',381,'2010-07-06',2),
(648,'Valdez Suárez, Mario',381,'2010-01-24',3),
(649,'Estrada Jiménez, Francisco',381,'2010-05-20',4),
(650,'Domínguez García, Kevin',381,'2010-07-21',5),
(651,'Carvajal Sánchez, Alejandro',381,'2010-10-09',6),
(652,'Orellana Ramírez, Hugo',381,'2010-07-10',7),
(653,'Navarro Jiménez, Mateo',381,'2010-07-17',8),
(654,'Durán Suárez, Luis',381,'2010-12-08',9),
(655,'Serrano García, Javier',381,'2010-07-22',10),
(656,'Carmona Fernández, Tomás',381,'2010-08-01',11),
(657,'Medina Sánchez, Andrés',381,'2010-10-05',12),
(658,'Salazar Ramírez, Raúl',381,'2010-12-14',13),
(659,'Guzmán Jiménez, Alejandro',381,'2010-01-28',14),
(660,'Palomo Suárez, Francisco',381,'2010-04-25',15),
(661,'Carrillo García, Hugo',382,'2010-03-25',1),
(662,'Santos Fernández, Kevin',382,'2010-07-07',2),
(663,'Peña Sánchez, Mario',382,'2010-04-04',3),
(664,'Benítez Ramírez, Sebastián',382,'2010-10-06',4),
(665,'Pacheco Jiménez, Antonio',382,'2010-09-15',5),
(666,'Romero Suárez, Luis',382,'2010-09-03',6),
(667,'Zambrano García, Raúl',382,'2010-12-04',7),
(668,'Lozano Fernández, Alejandro',382,'2010-12-27',8),
(669,'Vargas Sánchez, Emiliano',382,'2010-02-19',9),
(670,'Marín Ramírez, Francisco',382,'2010-06-01',10),
(671,'Cruz Jiménez, Hugo',382,'2010-01-09',11),
(672,'Sandoval Suárez, Kevin',382,'2010-04-03',12),
(673,'Fuentes García, Sebastián',382,'2010-01-17',13),
(674,'Estrada Fernández, Mario',382,'2010-07-28',14),
(675,'Sosa Sánchez, Tomás',382,'2010-06-28',15),
(676,'Herrera Ramírez, Antonio',383,'2010-09-02',1),
(677,'Lara Jiménez, Javier',383,'2010-08-09',2),
(678,'Salinas García, Hugo',383,'2010-12-14',3),
(679,'Tapia Fernández, Luis',383,'2010-04-05',4),
(680,'Figueroa Suárez, Alejandro',383,'2010-12-17',5),
(681,'Rivera Sánchez, Mateo',383,'2010-02-09',6),
(682,'Castillo Ramírez, Kevin',383,'2010-07-10',7),
(683,'Méndez Jiménez, Raúl',383,'2010-04-17',8),
(684,'Solano Suárez, Mario',383,'2010-12-18',9),
(685,'Reyes García, Francisco',383,'2010-04-01',10),
(686,'Vega Fernández, Alejandro',383,'2010-06-20',11),
(687,'Márquez Sánchez, Emiliano',383,'2010-01-21',12),
(688,'Guzmán Ramírez, Sebastián',383,'2010-08-13',13),
(689,'Sánchez Jiménez, Hugo',383,'2010-01-21',14),
(690,'Ayala Suárez, Kevin',383,'2010-11-02',15),
(691,'López García, Antonio',384,'2010-11-24',1),
(692,'Montero Fernández, Luis',384,'2010-06-06',2),
(693,'Gálvez Sánchez, Raúl',384,'2010-11-02',3),
(694,'Palacios Ramírez, Mario',384,'2010-11-03',4),
(695,'Morales Jiménez, Francisco',384,'2010-11-21',5),
(696,'Cabrera Suárez, Alejandro',384,'2010-12-15',6),
(697,'Espinoza García, Javier',384,'2010-10-25',7),
(698,'Reyes Fernández, Emiliano',384,'2010-07-04',8),
(699,'Torres Fernández, Martín',384,'2010-03-11',9),
(700,'Esquivel López, Daniel',384,'2010-09-13',10),
(701,'Vargas Ramírez, Julián',384,'2010-12-13',11),
(702,'Carrillo Sánchez, Rafael',384,'2010-08-09',12),
(703,'Miranda García, Orlando',384,'2010-05-27',13),
(704,'Jiménez Pérez, Mauricio',384,'2010-10-19',14),
(705,'Blanco Suárez, Benjamín',384,'2010-12-28',15),
(706,'Ayala Fernández, Alberto',385,'2010-03-20',1),
(707,'Chávez García, Óscar',385,'2010-06-06',2),
(708,'Moreno Sánchez, Gabriel',385,'2010-04-15',3),
(709,'Peña Ramírez, Fabián',385,'2010-12-02',4),
(710,'Delgado Jiménez, Rafael',385,'2010-01-03',5),
(711,'Camacho Suárez, Diego',385,'2010-06-02',6),
(712,'Romero García, Adrián',385,'2010-04-22',7),
(713,'Guzmán Fernández, José',385,'2010-03-19',8),
(714,'Ríos Sánchez, Diego',385,'2010-04-14',9),
(715,'Reyes Ramírez, Hugo',385,'2010-04-07',10),
(716,'Caballero Jiménez, Samuel',385,'2010-05-22',11),
(717,'Maldonado Suárez, Alejandro',385,'2010-11-27',12),
(718,'Solano García, Rafael',385,'2010-11-16',13),
(719,'Estrada Fernández, Diego',385,'2010-11-05',14),
(720,'Méndez Sánchez, Javier',385,'2010-06-15',15),
(721,'Pérez Ramírez, Luis',386,'2010-07-19',1),
(722,'Gutiérrez Jiménez, Jorge',386,'2010-09-09',2),
(723,'Fernández Suárez, Tomás',386,'2010-03-09',3),
(724,'Carrasco García, Antonio',386,'2010-04-08',4),
(725,'Castañeda Fernández, Emiliano',386,'2010-02-07',5),
(726,'Chávez Sánchez, Kevin',386,'2010-02-11',6),
(727,'Ortega Ramírez, Hugo',386,'2010-12-01',7),
(728,'Aguilera Jiménez, Mateo',386,'2010-03-08',8),
(729,'Figueroa Suárez, José',386,'2010-10-20',9),
(730,'Vargas García, Antonio',386,'2010-07-17',10),
(731,'Miranda Fernández, Sebastián',386,'2010-02-27',11),
(732,'Serrano Sánchez, Mario',386,'2010-10-28',12),
(733,'Montero Jiménez, Raúl',386,'2010-05-15',13),
(734,'Ávila Suárez, Alejandro',386,'2010-08-12',14),
(735,'López García, Kevin',386,'2010-09-09',15),
(736,'Rivera Fernández, Alejandro',387,'2010-10-17',1),
(737,'Andrade Sánchez, Hugo',387,'2010-12-23',2),
(738,'Herrera Ramírez, Francisco',387,'2010-04-14',3),
(739,'Guzmán Jiménez, Diego',387,'2010-02-17',4),
(740,'Alarcón Suárez, Raúl',387,'2010-11-25',5),
(741,'Ayala García, Antonio',387,'2010-03-28',6),
(742,'Peña Fernández, Hugo',387,'2010-12-20',7),
(743,'Torres Sánchez, Martín',387,'2010-05-08',8),
(744,'Guerrero Ramírez, Alejandro',387,'2010-08-21',9),
(745,'Valdez Jiménez, Javier',387,'2010-10-03',10),
(746,'Salinas Suárez, Francisco',387,'2010-07-18',11),
(747,'Pacheco García, Luis',387,'2010-07-13',12),
(748,'Gallegos Fernández, Tomás',387,'2010-12-16',13),
(749,'Ortega Sánchez, Hugo',387,'2010-11-05',14),
(750,'Ríos Ramírez, José',387,'2010-02-01',15),
(751,'Pérez Jiménez, Kevin',388,'2010-07-28',1),
(752,'Alvarado Suárez, Diego',388,'2010-01-01',2),
(753,'Serrano García, Sebastián',388,'2010-07-23',3),
(754,'Blanco Fernández, Luis',388,'2010-02-28',4),
(755,'Camacho Sánchez, Francisco',388,'2010-09-19',5),
(756,'Montero Ramírez, Alejandro',388,'2010-07-16',6),
(757,'Miranda Jiménez, Tomás',388,'2010-04-17',7),
(758,'Torres Suárez, Hugo',388,'2010-12-11',8),
(759,'Esquivel García, Luis',388,'2010-04-25',9),
(760,'Ayala Fernández, Sebastián',388,'2010-07-20',10),
(761,'Guzmán Sánchez, Martín',388,'2010-04-01',11),
(762,'Peña Ramírez, Diego',388,'2010-08-03',12),
(763,'Delgado Jiménez, Alejandro',388,'2010-06-28',13),
(764,'Rojas Suárez, Francisco',388,'2010-04-05',14),
(765,'Méndez García, Hugo',388,'2010-11-11',15),
(766,'Fernández Sánchez, Tomás',389,'2010-06-03',1),
(767,'Carrillo Ramírez, Kevin',389,'2010-11-07',2),
(768,'Pérez Suárez, Sebastián',389,'2010-01-03',3),
(769,'Gutiérrez García, Alejandro',389,'2010-05-26',4),
(770,'Guzmán Fernández, Hugo',389,'2010-04-18',5),
(771,'Ríos Sánchez, Luis',389,'2010-12-19',6),
(772,'Reyes Ramírez, Sebastián',389,'2010-10-22',7),
(773,'Estrada Jiménez, Mario',389,'2010-01-20',8),
(774,'Solano Suárez, Kevin',389,'2010-07-14',9),
(775,'Méndez García, Tomás',389,'2010-06-19',10),
(776,'Romero Sánchez, Diego',389,'2010-10-19',11),
(777,'Guzmán Jiménez, Hugo',389,'2010-10-19',12),
(778,'Ortega Suárez, Sebastián',389,'2010-11-08',13),
(779,'Gálvez García, Tomás',389,'2010-07-20',14),
(780,'Vargas Sánchez, Hugo',389,'2010-04-12',15),
(781,'Fernández Ramírez, Diego',390,'2010-11-09',1),
(782,'Pacheco Jiménez, Luis',390,'2010-01-09',2),
(783,'Delgado Suárez, Francisco',390,'2010-10-06',3),
(784,'Camacho García, Sebastián',390,'2010-02-24',4),
(785,'Montero Fernández, Hugo',390,'2010-01-14',5),
(786,'Torres Sánchez, Diego',390,'2010-02-07',6),
(787,'Esquivel Ramírez, Alejandro',390,'2010-03-04',7),
(788,'Alarcón Jiménez, Kevin',390,'2010-04-23',8),
(789,'Ávila García, Hugo',390,'2010-10-23',9),
(790,'López Fernández, Sebastián',390,'2010-01-26',10),
(791,'Reyes Sánchez, Francisco',390,'2010-07-02',11),
(792,'Caballero Ramírez, Luis',390,'2010-07-11',12),
(793,'Maldonado Jiménez, Tomás',390,'2010-05-10',13),
(794,'Solano Suárez, Hugo',390,'2010-03-25',14),
(795,'Estrada García, Alejandro',390,'2010-01-27',15),
(796,'Rojas Sánchez, Diego',391,'2010-11-21',1),
(797,'Guzmán Ramírez, Hugo',391,'2010-09-26',2),
(798,'Aguilera Suárez, Francisco',391,'2010-01-22',3),
(799,'Miranda García, Sebastián',391,'2010-06-14',4),
(800,'Torres Sánchez, Hugo',391,'2010-05-16',5),
(801,'Esquivel Fernández, Tomás',391,'2010-11-08',6),
(802,'Guzmán Jiménez, Luis',391,'2010-12-12',7),
(803,'Alvarado García, Kevin',391,'2010-10-06',8),
(804,'Delgado Sánchez, Sebastián',391,'2010-06-11',9),
(805,'Camacho Ramírez, Diego',391,'2010-06-16',10),
(806,'Montero Jiménez, Alejandro',391,'2010-12-26',11),
(807,'Ayala Suárez, Francisco',391,'2010-03-07',12),
(808,'Reyes García, Hugo',391,'2010-05-16',13),
(809,'Gálvez Fernández, Sebastián',391,'2010-02-13',14),
(810,'Vargas Sánchez, Luis',391,'2010-11-05',15),
(811,'Fernández Ramírez, Hugo',392,'2010-03-10',1),
(812,'Pacheco Jiménez, Tomás',392,'2010-06-17',2),
(813,'Blanco Suárez, Diego',392,'2010-02-11',3),
(814,'Camacho García, Alejandro',392,'2010-03-02',4),
(815,'Ávila Sánchez, Francisco',392,'2010-06-09',5),
(816,'Aguilera Suárez, Hugo',392,'2010-11-06',6),
(817,'Miranda García, Diego',392,'2010-03-07',7),
(818,'Torres Sánchez, Luis',392,'2010-09-20',8),
(819,'Esquivel Fernández, Alejandro',392,'2010-07-07',9),
(820,'Delgado Jiménez, Hugo',392,'2010-11-09',10),
(821,'Alarcón Suárez, Francisco',392,'2010-08-08',11),
(822,'Gutiérrez García, Sebastián',392,'2010-01-04',12),
(823,'Vargas Sánchez, Tomás',392,'2010-09-09',13),
(824,'Fernández Ramírez, Luis',392,'2010-05-12',14),
(825,'Pérez Suárez, Hugo',392,'2010-01-01',15),
(826,'Ayala García, Diego',393,'2010-04-03',1),
(827,'López Fernández, Alejandro',393,'2010-09-11',2),
(828,'Reyes Sánchez, Hugo',393,'2010-08-03',3),
(829,'Caballero Ramírez, Sebastián',393,'2010-10-24',4),
(830,'Maldonado Jiménez, Francisco',393,'2010-09-11',5),
(831,'Estrada Suárez, Tomás',393,'2010-10-14',6),
(832,'Solano García, Luis',393,'2010-03-26',7),
(833,'Rojas Sánchez, Hugo',393,'2010-03-20',8),
(834,'Guzmán Ramírez, Diego',393,'2010-12-08',9),
(835,'Aguilera Suárez, Alejandro',393,'2010-02-20',10),
(836,'Miranda García, Francisco',393,'2010-05-14',11),
(837,'Alvarado García, Sebastián',393,'2010-06-01',12),
(838,'Delgado Sánchez, Hugo',393,'2010-02-19',13),
(839,'Camacho Ramírez, Francisco',393,'2010-12-10',14),
(840,'Montero Jiménez, Tomás',393,'2010-01-22',15),
(841,'Ayala Suárez, Alejandro',394,'2010-12-22',1),
(842,'Reyes García, Luis',394,'2010-07-20',2),
(843,'Gálvez Fernández, Hugo',394,'2010-12-16',3),
(844,'Vargas Sánchez, Francisco',394,'2010-02-21',4),
(845,'Fernández Ramírez, Sebastián',394,'2010-02-09',5),
(846,'Pacheco Jiménez, Diego',394,'2010-02-13',6),
(847,'Blanco Suárez, Luis',394,'2010-08-02',7),
(848,'Montero Fernández, Francisco',394,'2010-10-08',8),
(849,'Ávila Sánchez, Alejandro',394,'2010-03-19',9),
(850,'Miranda García, Luis',394,'2010-06-01',10),
(851,'Torres Sánchez, Sebastián',394,'2010-07-26',11),
(852,'Esquivel Fernández, Diego',394,'2010-11-13',12),
(853,'Alarcón García, Francisco',394,'2010-05-06',13),
(854,'Delgado Sánchez, Luis',394,'2010-12-09',14),
(855,'Camacho Ramírez, Tomás',394,'2010-02-17',15),
(856,'Montero Jiménez, Hugo',395,'2010-03-03',1),
(857,'Ayala Suárez, Diego',395,'2010-02-21',2),
(858,'Gálvez Fernández, Luis',395,'2010-04-03',3),
(859,'Fernández Ramírez, Alejandro',395,'2010-06-21',4),
(860,'Pérez Suárez, Francisco',395,'2010-11-21',5),
(861,'Ayala García, Sebastián',395,'2010-02-16',6),
(862,'López Fernández, Hugo',395,'2010-11-09',7),
(863,'Reyes Sánchez, Diego',395,'2010-09-28',8),
(864,'Caballero Ramírez, Alejandro',395,'2010-03-12',9),
(865,'Maldonado Jiménez, Luis',395,'2010-05-24',10),
(866,'Estrada Suárez, Francisco',395,'2010-04-10',11),
(867,'Solano García, Hugo',395,'2010-02-18',12),
(868,'Rojas Sánchez, Sebastián',395,'2010-06-14',13),
(869,'Guzmán Ramírez, Francisco',395,'2010-01-19',14),
(870,'Aguilera Suárez, Luis',395,'2010-07-20',15),
(871,'Miranda García, Hugo',396,'2010-10-25',1),
(872,'Esquivel Fernández, Francisco',396,'2010-12-21',2),
(873,'Guzmán Jiménez, Sebastián',396,'2010-11-21',3),
(874,'Alvarado García, Luis',396,'2010-12-07',4),
(875,'Delgado Sánchez, Alejandro',396,'2010-05-11',5),
(876,'Camacho Ramírez, Hugo',396,'2010-08-12',6),
(877,'Montero Jiménez, Francisco',396,'2010-11-23',7),
(878,'Ayala Suárez, Luis',396,'2010-09-03',8),
(879,'Reyes García, Alejandro',396,'2010-02-06',9),
(880,'Pacheco Jiménez, Hugo',396,'2010-05-20',10),
(881,'Blanco Suárez, Alejandro',396,'2010-04-16',11),
(882,'Camacho García, Francisco',396,'2010-10-09',12),
(883,'Ávila Sánchez, Hugo',396,'2010-11-14',13),
(884,'Esquivel Fernández, Luis',396,'2010-01-15',14),
(885,'Guzmán Jiménez, Francisco',396,'2010-01-02',15),
(886,'Alarcón García, Hugo',397,'2010-03-01',1),
(887,'Camacho Ramírez, Alejandro',397,'2010-03-16',2),
(888,'Gálvez Fernández, Francisco',397,'2010-09-19',3),
(889,'Vargas Sánchez, Sebastián',397,'2010-08-03',4),
(890,'Ayala García, Alejandro',397,'2010-03-09',5),
(891,'López Fernández, Francisco',397,'2010-02-01',6),
(892,'Maldonado Jiménez, Sebastián',397,'2010-09-04',7),
(893,'Rojas Sánchez, Luis',397,'2010-05-27',8),
(894,'Esquivel Fernández, Hugo',397,'2010-02-17',9),
(895,'Alvarado García, Francisco',397,'2010-06-01',10),
(896,'Reyes García, Sebastián',397,'2010-08-10',11),
(897,'Fernández Ramírez, Francisco',397,'2010-02-16',12),
(898,'Pacheco Jiménez, Alejandro',397,'2010-06-09',13),
(899,'Ávila Sánchez, Sebastián',397,'2010-09-16',14),
(900,'Guzmán Ramírez, Luis',397,'2010-02-04',15),
(901,'Torres Sánchez, Alejandro',398,'2010-04-01',1),
(902,'Alarcón García, Sebastián',398,'2010-09-12',2),
(903,'Delgado Sánchez, Francisco',398,'2010-04-02',3),
(904,'Camacho Ramírez, Luis',398,'2010-02-24',4),
(905,'Caballero Ramírez, Hugo',398,'2010-02-09',5),
(906,'Solano García, Sebastián',398,'2010-01-06',6),
(907,'Torres Sánchez, Francisco',398,'2010-05-04',7),
(908,'Alvarado García, Alejandro',398,'2010-09-09',8),
(909,'Montero Jiménez, Sebastián',398,'2010-12-18',9),
(910,'Vargas Sánchez, Alejandro',398,'2010-02-18',10),
(911,'Pacheco Jiménez, Francisco',398,'2010-10-21',11),
(912,'Blanco Suárez, Sebastián',398,'2010-07-26',12),
(913,'Camacho García, Luis',398,'2010-12-16',13),
(914,'Esquivel Fernández, Sebastián',398,'2010-03-07',14),
(915,'Ayala Suárez, Hugo',398,'2010-04-15',15),
(916,'Pérez Suárez, Luis',399,'2010-02-21',1),
(917,'Ayala García, Francisco',399,'2010-06-10',2),
(918,'Reyes Sánchez, Luis',399,'2010-12-21',3),
(919,'Caballero Ramírez, Francisco',399,'2010-11-04',4),
(920,'Estrada Suárez, Hugo',399,'2010-10-12',5),
(921,'Rojas Sánchez, Francisco',399,'2010-07-25',6),
(922,'Alvarado García, Hugo',399,'2010-04-07',7),
(923,'Montero Jiménez, Luis',399,'2010-10-23',8),
(924,'Gálvez Fernández, Alejandro',399,'2010-05-27',9),
(925,'Ayala García, Luis',399,'2010-12-26',10),
(926,'Estrada Suárez, Alejandro',399,'2010-08-15',11),
(927,'Solano García, Francisco',399,'2010-10-12',12),
(928,'Blanco Suárez, Hugo',399,'2010-03-06',13),
(929,'Miranda García, Alejandro',399,'2010-02-16',14),
(930,'Alarcón García, Luis',399,'2010-01-08',15),
(931,'Maldonado Jiménez, Alejandro',400,'2010-06-02',1),
(932,'Gálvez Jiménez, Arturo',400,'2010-11-19',2),
(933,'Pacheco Ramírez, Esteban',400,'2010-02-08',3),
(934,'Quiroga García, Martín',400,'2010-03-11',4),
(935,'Pineda Fernández, Ignacio',400,'2010-05-05',5),
(936,'Ferrer López, Felipe',400,'2010-08-18',6),
(937,'Castaño Pérez, Omar',400,'2010-01-08',7),
(938,'Mena Suárez, Héctor',400,'2010-12-04',8),
(939,'Jiménez Fernández, Edgar',400,'2010-06-01',9),
(940,'Cortés Sánchez, Julián',400,'2010-09-10',10),
(941,'Salinas García, Vicente',400,'2010-12-24',11),
(942,'Cordero López, Hernán',400,'2010-02-05',12),
(943,'Ramos Ramírez, Andrés',400,'2010-12-09',13),
(944,'Miranda Fernández, Alan',400,'2010-10-06',14),
(945,'Cabrera Suárez, Adrián',400,'2010-09-13',15),
(946,'Esteban García, Tomás',401,'2010-05-01',1),
(947,'Hurtado Pérez, Emiliano',401,'2010-08-26',2),
(948,'Domínguez Sánchez, Abel',401,'2010-08-16',3),
(949,'Ayala Fernández, Cristian',401,'2010-12-15',4),
(950,'Prieto López, Aníbal',401,'2010-09-09',5),
(951,'Andrade Ramírez, Elías',401,'2010-09-18',6),
(952,'Arce Jiménez, Marcos',401,'2010-05-03',7),
(953,'Zamora García, Braulio',401,'2010-02-28',8),
(954,'Vergara Suárez, Mario',401,'2010-01-12',9),
(955,'Godoy Fernández, Simón',401,'2010-04-12',10),
(956,'Peña Ramírez, Mauro',401,'2010-03-08',11),
(957,'Roldán Jiménez, Germán',401,'2010-08-19',12),
(958,'Orozco García, Néstor',401,'2010-05-06',13),
(959,'Caballero Sánchez, César',401,'2010-01-03',14),
(960,'Guevara Fernández, Roberto',401,'2010-05-03',15),
(961,'Montes Ramírez, Rodrigo',402,'2010-12-26',1),
(962,'Manrique Suárez, Joel',402,'2010-05-07',2),
(963,'Cuevas Jiménez, Salvador',402,'2010-10-02',3),
(964,'Fuentes García, Juan',402,'2010-07-11',4),
(965,'Quintana López, Emiliano',402,'2010-05-12',5),
(966,'Barrios Ramírez, Ernesto',402,'2010-04-03',6),
(967,'Delgadillo Fernández, Gabriel',402,'2010-06-16',7),
(968,'Velázquez Sánchez, Mario',402,'2010-09-09',8),
(969,'Sarmiento García, Fidel',402,'2010-08-18',9),
(970,'Lara Ramírez, Lucas',402,'2010-04-24',10),
(971,'Vázquez Suárez, Octavio',402,'2010-08-02',11),
(972,'Guzmán Jiménez, Horacio',402,'2010-10-05',12),
(973,'Palacios García, Mauro',402,'2010-08-18',13),
(974,'Vega Sánchez, Elian',402,'2010-11-04',14),
(975,'Márquez Ramírez, Cristóbal',402,'2010-12-25',15),
(976,'Ortiz Jiménez, Alonso',403,'2010-04-05',1),
(977,'Miranda Suárez, Elian',403,'2010-06-14',2),
(978,'Calderón García, Rubén',403,'2010-09-27',3),
(979,'Reyes Sánchez, Fabio',403,'2010-05-14',4),
(980,'Figueroa Ramírez, Rodrigo',403,'2010-02-05',5),
(981,'Valdez Jiménez, Vicente',403,'2010-01-03',6),
(982,'Estrada García, Armando',403,'2010-07-03',7),
(983,'Domínguez Suárez, José',403,'2010-12-27',8),
(984,'Carvajal Fernández, Mauro',403,'2010-01-08',9),
(985,'Orellana García, Adrián',403,'2010-02-04',10),
(986,'Navarro Jiménez, Benjamín',403,'2010-09-05',11),
(987,'Durán Suárez, Isaías',403,'2010-12-18',12),
(988,'Serrano García, Rubén',403,'2010-05-06',13),
(989,'Carmona Ramírez, Julián',403,'2010-11-20',14),
(990,'Medina Suárez, Fernando',403,'2010-06-23',15),
(991,'Salazar García, Óscar',404,'2010-04-28',1),
(992,'Guzmán Sánchez, Hugo',404,'2010-03-13',2),
(993,'Palomo Ramírez, Rodrigo',404,'2010-09-11',3),
(994,'Carrillo Jiménez, Esteban',404,'2010-03-12',4),
(995,'Santos Suárez, Marco',404,'2010-02-11',5),
(996,'Peña García, Daniel',404,'2010-08-04',6),
(997,'Benítez Sánchez, Andrés',404,'2010-07-13',7),
(998,'Pacheco Ramírez, Luis',404,'2010-01-26',8),
(999,'Romero Jiménez, Joaquín',404,'2010-05-08',9),
(1000,'Zambrano Suárez, Arturo',404,'2010-08-11',10),
(1001,'Lozano García, Samuel',404,'2010-10-05',11),
(1002,'Vargas Fernández, Eduardo',404,'2010-09-06',12),
(1003,'Marín Sánchez, Horacio',404,'2010-10-06',13),
(1004,'Cruz Ramírez, Héctor',404,'2010-10-25',14),
(1005,'Sandoval Jiménez, Ramiro',404,'2010-04-27',15),
(1006,'Fuentes García, Rafael',405,'2010-02-17',1),
(1007,'Estrada Fernández, Gustavo',405,'2010-05-16',2),
(1008,'Sosa Sánchez, Óscar',405,'2010-03-19',3),
(1009,'Herrera Ramírez, Adrián',405,'2010-02-08',4),
(1010,'Lara Jiménez, Álvaro',405,'2010-01-28',5),
(1011,'Salinas Suárez, Emiliano',405,'2010-09-16',6),
(1012,'Tapia García, Gustavo',405,'2010-05-11',7),
(1013,'Figueroa Fernández, Arturo',405,'2010-09-07',8),
(1014,'Rivera Sánchez, Isaías',405,'2010-11-26',9),
(1015,'Castillo Ramírez, Mateo',405,'2010-03-01',10),
(1016,'Méndez Jiménez, Valentín',405,'2010-03-11',11),
(1017,'Solano Suárez, Rafael',405,'2010-05-13',12),
(1018,'Reyes García, Leonardo',405,'2010-11-04',13),
(1019,'Vega Fernández, Santiago',405,'2010-06-02',14),
(1020,'Márquez Sánchez, Rubén',405,'2010-06-23',15),
(1021,'Guzmán Ramírez, Federico',406,'2010-04-17',1),
(1022,'Sánchez Jiménez, Ignacio',406,'2010-08-16',2),
(1023,'Ayala Suárez, Tomás',406,'2010-08-28',3),
(1024,'López García, Alejandro',406,'2010-04-22',4),
(1025,'Montero Fernández, Emiliano',406,'2010-07-18',5),
(1026,'Gálvez Sánchez, Alfredo',406,'2010-03-06',6),
(1027,'Palacios Ramírez, Martín',406,'2010-06-17',7),
(1028,'Morales Jiménez, Samuel',406,'2010-06-10',8),
(1029,'Cabrera Suárez, Elías',406,'2010-05-03',9),
(1030,'Espinoza García, Moisés',406,'2010-02-17',10),
(1031,'Reyes Fernández, Álvaro',406,'2010-09-09',11),
(1032,'Ferrer Suárez, Enrique',406,'2010-02-18',12),
(1033,'Robles Jiménez, Sergio',406,'2010-06-11',13),
(1034,'Arias García, Héctor',406,'2010-10-26',14),
(1035,'Bermúdez Fernández, Ulises',406,'2010-05-18',15),
(1036,'Godoy Jiménez, Víctor',407,'2010-01-01',1),
(1037,'Gutiérrez Sánchez, Cristian',407,'2010-08-25',2),
(1038,'Velázquez Ramírez, Francisco',407,'2010-10-11',3),
(1039,'Villanueva Jiménez, Felipe',407,'2010-07-25',4),
(1040,'Rosales Fernández, Ricardo',407,'2010-07-21',5),
(1041,'Alvarado García, Emiliano',407,'2010-05-10',6),
(1042,'Peña Suárez, Saúl',407,'2010-05-19',7),
(1043,'Medina Ramírez, Jorge',407,'2010-02-27',8),
(1044,'Maldonado Jiménez, Ramiro',407,'2010-03-15',9),
(1045,'Zambrano García, Efraín',407,'2010-04-14',10),
(1046,'Camacho Sánchez, Emanuel',407,'2010-11-19',11),
(1047,'Espinoza Fernández, Hugo',407,'2010-12-14',12),
(1048,'Sánchez Ramírez, Luis',407,'2010-12-17',13),
(1049,'Pineda Jiménez, Julián',407,'2010-09-16',14),
(1050,'Varela Suárez, Ezequiel',407,'2010-01-08',15),
(1051,'Rosales García, Federico',408,'2010-05-18',1),
(1052,'Escobar Ramírez, Luis',408,'2010-11-05',2),
(1053,'Aguilar Jiménez, Simón',408,'2010-08-13',3),
(1054,'Aguirre Fernández, Pablo',408,'2010-12-11',4),
(1055,'Pacheco García, Elías',408,'2010-08-08',5),
(1056,'Ortiz Suárez, César',408,'2010-08-25',6),
(1057,'Palacios Jiménez, Isaías',408,'2010-06-19',7),
(1058,'Benítez Ramírez, Néstor',408,'2010-01-01',8),
(1059,'Morales Suárez, Samuel',408,'2010-05-01',9),
(1060,'Alvarado Jiménez, Enrique',408,'2010-05-04',10),
(1061,'Pacheco García, Vicente',408,'2010-05-18',11),
(1062,'Mejía Fernández, Simón',408,'2010-06-17',12),
(1063,'Cuevas Sánchez, Emiliano',408,'2010-10-20',13),
(1064,'Serrano Ramírez, Carlos',408,'2010-08-09',14),
(1065,'Pérez Suárez, Fernando',408,'2010-02-17',15),
(1066,'Prieto García, Damián',409,'2010-06-15',1),
(1067,'Ayala Fernández, Rafael',409,'2010-04-12',2),
(1068,'Herrera Jiménez, Efraín',409,'2010-11-22',3),
(1069,'Torres Ramírez, Aníbal',409,'2010-12-25',4),
(1070,'Gálvez Jiménez, Abel',409,'2010-12-28',5),
(1071,'Herrera García, Manuel',409,'2010-08-04',6),
(1072,'Solís Suárez, Rubén',409,'2010-04-21',7),
(1073,'Cuevas Fernández, Gabriel',409,'2010-08-20',8),
(1074,'Villalobos Sánchez, Diego',409,'2010-07-04',9),
(1075,'Ríos Ramírez, Moisés',409,'2010-10-04',10),
(1076,'Espinoza Jiménez, Abelardo',409,'2010-06-25',11),
(1077,'Cabrera Suárez, Ignacio',409,'2010-07-16',12),
(1078,'Varela García, Samuel',409,'2010-08-26',13),
(1079,'Rosales Fernández, Isaías',409,'2010-08-21',14),
(1080,'Escobar Jiménez, Mauro',409,'2010-02-10',15),
(1081,'Aguilar Ramírez, Luis',410,'2010-01-23',1),
(1082,'Castaño Suárez, Emiliano',410,'2010-01-04',2),
(1083,'Cabrera García, Fernando',410,'2010-01-10',3),
(1084,'Pérez Sánchez, Isaac',410,'2010-08-21',4),
(1085,'Montero Fernández, Víctor',410,'2010-01-10',5),
(1086,'Valencia Ramírez, Francisco',410,'2010-02-18',6),
(1087,'Romero Suárez, Enrique',410,'2010-08-26',7),
(1088,'Fajardo García, Simón',410,'2010-02-06',8),
(1089,'Ferrer Fernández, Mario',410,'2010-08-23',9),
(1090,'Quintana Sánchez, Rafael',410,'2010-03-22',10),
(1091,'Villanueva Ramírez, Rodrigo',410,'2010-08-05',11),
(1092,'Naranjo Jiménez, Daniel',410,'2010-07-21',12),
(1093,'Ibáñez Suárez, Víctor',410,'2010-11-24',13),
(1094,'Cabrera Fernández, Hugo',410,'2010-06-02',14),
(1095,'Vega García, Efraín',410,'2010-08-16',15),
(1096,'Ramírez Sánchez, Alberto',411,'2010-07-17',1),
(1097,'Peña Suárez, Rubén',411,'2010-04-07',2),
(1098,'Medina García, Luis',411,'2010-02-26',3),
(1099,'Maldonado Fernández, Néstor',411,'2010-01-13',4),
(1100,'Zambrano Jiménez, Enrique',411,'2010-02-14',5),
(1101,'Camacho Suárez, Pablo',411,'2010-01-16',6),
(1102,'Ríos García, Vicente',411,'2010-02-02',7),
(1103,'Varela Fernández, Rubén',411,'2010-11-28',8),
(1104,'Aguilar Sánchez, Néstor',411,'2010-12-02',9),
(1105,'Aguirre Jiménez, Cristóbal',411,'2010-05-26',10),
(1106,'Pineda Ramírez, Samuel',411,'2010-12-23',11),
(1107,'Ortiz García, Abelardo',411,'2010-04-19',12),
(1108,'Palacios Suárez, Julián',411,'2010-09-02',13),
(1109,'Benítez Jiménez, Rafael',411,'2010-04-18',14),
(1110,'Morales Ramírez, Fernando',411,'2010-05-25',15),
(1111,'Alvarado Sánchez, Manuel',412,'2010-11-04',1),
(1112,'Pacheco Suárez, Enrique',412,'2010-08-20',2),
(1113,'Mejía García, Vicente',412,'2010-09-18',3),
(1114,'Cuevas Ramírez, Elías',412,'2010-08-07',4),
(1115,'Serrano Suárez, Abelardo',412,'2010-04-07',5),
(1116,'Pérez Fernández, Efraín',412,'2010-04-27',6),
(1117,'Prieto Sánchez, Samuel',412,'2010-01-02',7),
(1118,'Ayala Ramírez, Gabriel',412,'2010-07-27',8),
(1119,'Herrera Suárez, Mario',412,'2010-05-15',9),
(1120,'Torres García, Julián',412,'2010-11-12',10),
(1121,'Gálvez Ramírez, Néstor',412,'2010-10-18',11),
(1122,'Herrera Jiménez, Tomás',412,'2010-01-05',12),
(1123,'Solís Sánchez, Vicente',412,'2010-03-03',13),
(1124,'Cuevas Suárez, Federico',412,'2010-02-07',14),
(1125,'Villalobos García, César',412,'2010-08-11',15),
(1126,'Ríos Fernández, Samuel',413,'2010-04-22',1),
(1127,'Espinoza Suárez, Abelardo',413,'2010-05-08',2),
(1128,'Cabrera Ramírez, Fernando',413,'2010-12-07',3),
(1129,'Varela Jiménez, Néstor',413,'2010-11-15',4),
(1130,'Rosales Sánchez, Efraín',413,'2010-05-21',5),
(1131,'Aguilar Suárez, Ignacio',413,'2010-10-17',6),
(1132,'Castaño García, Simón',413,'2010-01-11',7),
(1133,'Cabrera Fernández, Rubén',413,'2010-02-12',8),
(1134,'Pérez Jiménez, Abelardo',413,'2010-07-25',9),
(1135,'Montero Ramírez, Mario',413,'2010-08-14',10),
(1136,'Valencia Suárez, Fernando',413,'2010-10-23',11),
(1137,'Roldán García, Efraín',413,'2010-09-04',12),
(1138,'Romero Sánchez, Abel',413,'2010-02-23',13),
(1139,'Fajardo Suárez, Gabriel',413,'2010-05-26',14),
(1140,'Ferrer Jiménez, Vicente',413,'2010-02-01',15),
(1141,'Quintana Ramírez, Rafael',414,'2010-05-24',1),
(1142,'Villanueva Suárez, Hugo',414,'2010-10-15',2),
(1143,'Naranjo García, Cristóbal',414,'2010-11-11',3),
(1144,'Ibáñez Jiménez, Rubén',414,'2010-07-11',4),
(1145,'Cabrera Ramírez, Hugo',414,'2010-02-14',5),
(1146,'Vega Suárez, Vicente',414,'2010-03-24',6),
(1147,'Ramírez García, Abelardo',414,'2010-04-21',7),
(1148,'Peña Sánchez, Federico',414,'2010-07-02',8),
(1149,'Medina Ramírez, Samuel',414,'2010-09-04',9),
(1150,'Maldonado Suárez, Enrique',414,'2010-11-22',10),
(1151,'Zambrano García, Simón',414,'2010-08-09',11),
(1152,'Camacho Ramírez, Abel',414,'2010-07-13',12),
(1153,'Ríos Suárez, Efraín',414,'2010-02-06',13),
(1154,'Varela García, Rubén',414,'2010-10-19',14),
(1155,'Aguilar Fernández, Samuel',414,'2010-11-14',15),
(1156,'Aguirre Jiménez, Néstor',415,'2010-09-10',1),
(1157,'Pineda Sánchez, Gabriel',415,'2010-01-15',2),
(1158,'Ortiz Ramírez, Fernando',415,'2010-10-17',3),
(1159,'Palacios Suárez, Tomás',415,'2010-10-10',4),
(1160,'Benítez García, Abelardo',415,'2010-11-16',5),
(1161,'Morales Jiménez, Vicente',415,'2010-02-10',6),
(1162,'Alvarado Ramírez, Rubén',415,'2010-09-08',7),
(1163,'Pacheco Suárez, Samuel',415,'2010-06-24',8),
(1164,'Mejía García, Abel',415,'2010-12-15',9),
(1165,'Serrano Ramírez, Néstor',415,'2010-11-05',10),
(1166,'Pérez Sánchez, Fernando',415,'2010-10-17',11),
(1167,'Prieto Suárez, Federico',415,'2010-06-06',12),
(1168,'Ayala García, Rubén',415,'2010-10-19',13),
(1169,'Herrera Ramírez, Abelardo',415,'2010-02-17',14),
(1170,'Torres Jiménez, Samuel',415,'2010-12-25',15),
(1171,'Gálvez Suárez, Vicente',416,'2010-05-28',1),
(1172,'Herrera Fernández, Gabriel',416,'2010-11-24',2),
(1173,'Solís Ramírez, Abel',416,'2010-12-26',3),
(1174,'Cuevas Suárez, Hugo',416,'2010-04-05',4),
(1175,'Villalobos García, Vicente',416,'2010-01-11',5),
(1176,'Ríos Sánchez, Gabriel',416,'2010-06-18',6),
(1177,'Espinoza Ramírez, Fernando',416,'2010-08-19',7),
(1178,'Cabrera Suárez, Federico',416,'2010-05-25',8),
(1179,'Varela Fernández, Abelardo',416,'2010-01-01',9),
(1180,'Rosales Ramírez, Gabriel',416,'2010-04-06',10),
(1181,'Escobar Suárez, Samuel',416,'2010-02-06',11),
(1182,'Aguilar García, Hugo',416,'2010-01-16',12),
(1183,'Castaño Ramírez, Vicente',416,'2010-09-13',13),
(1184,'Cabrera Sánchez, Fernando',416,'2010-03-15',14),
(1185,'Pérez Fernández, Abelardo',416,'2010-08-24',15),
(1186,'Montero Suárez, Gabriel',417,'2010-09-13',1),
(1187,'Valencia Ramírez, Rubén',417,'2010-01-12',2),
(1188,'Roldán Sánchez, Abel',417,'2010-09-20',3),
(1189,'Romero Fernández, Gabriel',417,'2010-12-22',4),
(1190,'Fajardo Suárez, Néstor',417,'2010-10-24',5),
(1191,'Ferrer Ramírez, Abelardo',417,'2010-04-02',6),
(1192,'Quintana Sánchez, Fernando',417,'2010-01-19',7),
(1193,'Villanueva García, Federico',417,'2010-03-06',8),
(1194,'Naranjo Suárez, Abel',417,'2010-03-19',9),
(1195,'Ibáñez Ramírez, Gabriel',417,'2010-03-07',10),
(1196,'Cabrera Sánchez, Hugo',417,'2010-06-02',11),
(1197,'Vega Ramírez, Abelardo',417,'2010-07-25',12),
(1198,'Ramírez Suárez, Vicente',417,'2010-11-19',13),
(1199,'Peña García, Gabriel',417,'2010-06-14',14),
(1200,'Medina Ramírez, Abel',417,'2010-03-11',15),
(1201,'Maldonado Suárez, Rubén',418,'2010-06-09',1),
(1202,'Zambrano Sánchez, Gabriel',418,'2010-05-18',2),
(1203,'Camacho Ramírez, Fernando',418,'2010-04-27',3),
(1204,'Ríos Suárez, Abelardo',418,'2010-12-07',4),
(1205,'Varela Jiménez, Vicente',418,'2010-04-06',5),
(1206,'Aguilar García, Abel',418,'2010-02-25',6),
(1207,'Aguirre Ramírez, Gabriel',418,'2010-04-04',7),
(1208,'Pineda Suárez, Rubén',418,'2010-12-19',8),
(1209,'Ortiz Sánchez, Fernando',418,'2010-04-16',9),
(1210,'Palacios Ramírez, Abelardo',418,'2010-03-05',10),
(1211,'Benítez Suárez, Gabriel',418,'2010-07-23',11),
(1212,'Morales García, Abel',418,'2010-10-25',12),
(1213,'Alvarado Sánchez, Vicente',418,'2010-10-10',13),
(1214,'Pacheco Ramírez, Hugo',418,'2010-12-18',14),
(1215,'Mejía Suárez, Gabriel',418,'2010-07-16',15),
(1216,'Cuevas Ramírez, Abelardo',419,'2010-10-15',1),
(1217,'Serrano Sánchez, Fernando',419,'2010-11-21',2),
(1218,'Pérez Jiménez, Vicente',419,'2010-04-18',3),
(1219,'Prieto Suárez, Abel',419,'2010-12-26',4),
(1220,'Ayala García, Gabriel',419,'2010-06-04',5),
(1221,'Herrera Ramírez, Federico',419,'2010-10-02',6),
(1222,'Torres Sánchez, Abelardo',419,'2010-10-05',7),
(1223,'Gálvez Jiménez, Vicente',419,'2010-08-18',8),
(1224,'Herrera Fernández, Abel',419,'2010-07-22',9),
(1225,'Solís Ramírez, Rubén',419,'2010-12-23',10),
(1226,'Cuevas García, Gabriel',419,'2010-02-02',11),
(1227,'Villalobos Suárez, Abelardo',419,'2010-10-16',12),
(1228,'Ríos Jiménez, Vicente',419,'2010-12-18',13),
(1229,'Espinoza Ramírez, Abel',419,'2010-01-25',14),
(1230,'Cabrera Sánchez, Gabriel',419,'2010-06-03',15),
(1231,'Varela Suárez, Abelardo',420,'2010-04-11',1),
(1232,'Rosales Jiménez, Vicente',420,'2010-04-06',2),
(1233,'Escobar Sánchez, Gabriel',420,'2010-08-26',3),
(1234,'Aguilar Ramírez, Abel',420,'2010-06-25',4),
(1235,'Castaño Suárez, Rubén',420,'2010-02-03',5),
(1236,'Cabrera García, Abelardo',420,'2010-06-27',6),
(1237,'Montero Suárez, Abel',420,'2010-08-22',7),
(1238,'Valencia Sánchez, Gabriel',420,'2010-05-20',8),
(1239,'Roldán Ramírez, Abelardo',420,'2010-09-25',9),
(1240,'Romero Suárez, Vicente',420,'2010-02-07',10),
(1241,'Fajardo Jiménez, Abel',420,'2010-11-09',11),
(1242,'Ferrer Ramírez, Rubén',420,'2010-09-26',12),
(1243,'Quintana Suárez, Gabriel',420,'2010-08-14',13),
(1244,'Villanueva Sánchez, Abelardo',420,'2010-09-11',14),
(1245,'Naranjo Jiménez, Vicente',420,'2010-09-01',15),
(1246,'Ibáñez Ramírez, Abel',421,'2010-02-08',1),
(1247,'Cabrera Suárez, Fernando',421,'2010-03-13',2),
(1248,'Vega Jiménez, Rubén',421,'2010-10-17',3),
(1249,'Ramírez Suárez, Gabriel',421,'2010-10-28',4),
(1250,'Peña Sánchez, Abelardo',421,'2010-02-25',5),
(1251,'Medina Ramírez, Vicente',421,'2010-09-11',6),
(1252,'Maldonado Suárez, Abel',421,'2010-01-16',7),
(1253,'Zambrano Jiménez, Gabriel',421,'2010-01-28',8),
(1254,'Camacho Ramírez, Abelardo',421,'2010-10-21',9),
(1255,'Ríos Suárez, Fernando',421,'2010-10-16',10),
(1256,'Aguilar Suárez, Gabriel',421,'2010-09-03',11),
(1257,'Aguirre Ramírez, Abel',421,'2010-10-15',12),
(1258,'Pineda Suárez, Vicente',421,'2010-04-09',13),
(1259,'Ortiz Jiménez, Gabriel',421,'2010-09-13',14),
(1260,'Palacios Sánchez, Abelardo',421,'2010-03-07',15),
(1261,'Benítez Ramírez, Fernando',422,'2010-06-15',1),
(1262,'Morales Suárez, Rubén',422,'2010-01-05',2),
(1263,'Alvarado Jiménez, Gabriel',422,'2010-07-09',3),
(1264,'Pacheco Suárez, Abelardo',422,'2010-01-15',4),
(1265,'Mejía Ramírez, Vicente',422,'2010-05-24',5),
(1266,'Cuevas Jiménez, Gabriel',422,'2010-04-10',6),
(1267,'Serrano Suárez, Abel',422,'2010-10-26',7),
(1268,'Pérez Ramírez, Rubén',422,'2010-12-20',8),
(1269,'Prieto Suárez, Gabriel',422,'2010-09-01',9),
(1270,'Ayala Sánchez, Abelardo',422,'2010-12-18',10),
(1271,'Herrera Ramírez, Vicente',422,'2010-08-21',11),
(1272,'Torres Jiménez, Abel',422,'2010-02-13',12),
(1273,'Gálvez Suárez, Gabriel',422,'2010-10-07',13),
(1274,'Solís Jiménez, Fernando',422,'2010-05-09',14),
(1275,'Cuevas Suárez, Rubén',422,'2010-05-06',15),
(1276,'Villalobos Ramírez, Gabriel',423,'2010-12-24',1),
(1277,'Ríos Sánchez, Abelardo',423,'2010-07-01',2),
(1278,'Espinoza Jiménez, Vicente',423,'2010-02-23',3),
(1279,'Cabrera Suárez, Abel',423,'2010-12-08',4),
(1280,'Varela Ramírez, Gabriel',423,'2010-05-06',5),
(1281,'Rosales Suárez, Abelardo',423,'2010-02-02',6),
(1282,'Escobar García, Vicente',423,'2010-03-04',7),
(1283,'Aguilar Ramírez, Gabriel',423,'2010-01-15',8),
(1284,'Castaño Suárez, Abel',423,'2010-12-18',9),
(1285,'Cabrera Jiménez, Rubén',423,'2010-12-15',10),
(1286,'Pérez Ramírez, Gabriel',423,'2010-06-08',11),
(1287,'Montero Suárez, Abelardo',423,'2010-01-06',12),
(1288,'Valencia Jiménez, Vicente',423,'2010-01-17',13),
(1289,'Roldán Ramírez, Abel',423,'2010-12-10',14),
(1290,'Romero Suárez, Gabriel',423,'2010-07-24',15),
(1291,'Fajardo Ramírez, Abelardo',424,'2010-12-28',1),
(1292,'Ferrer Suárez, Fernando',424,'2010-05-03',2),
(1293,'Quintana Jiménez, Rubén',424,'2010-12-09',3),
(1294,'Villanueva Ramírez, Gabriel',424,'2010-09-03',4),
(1295,'Naranjo Suárez, Abelardo',424,'2010-02-09',5),
(1296,'Ibáñez Ramírez, Vicente',424,'2010-08-01',6),
(1297,'Cabrera Jiménez, Abel',424,'2010-10-25',7),
(1298,'Vega Ramírez, Gabriel',424,'2010-03-12',8),
(1299,'Ramírez Suárez, Abelardo',424,'2010-05-23',9),
(1300,'Peña García, Vicente',424,'2010-03-27',10),
(1301,'Medina Ramírez, Gabriel',424,'2010-11-04',11),
(1302,'Zambrano Jiménez, Rubén',424,'2010-12-05',12),
(1303,'Camacho Ramírez, Gabriel',424,'2010-10-10',13),
(1304,'Aguirre Suárez, Abel',424,'2010-09-21',14),
(1305,'Pineda Jiménez, Fernando',424,'2010-08-06',15),
(1306,'Ortiz Ramírez, Gabriel',425,'2010-08-19',1),
(1307,'Palacios Suárez, Abelardo',425,'2010-07-11',2),
(1308,'Benítez Ramírez, Vicente',425,'2010-11-05',3),
(1309,'Morales Suárez, Gabriel',425,'2010-09-18',4),
(1310,'Alvarado Jiménez, Abel',425,'2010-01-04',5),
(1311,'Pacheco Ramírez, Rubén',425,'2010-08-16',6),
(1312,'Serrano Suárez, Vicente',425,'2010-10-02',7),
(1313,'Pérez Jiménez, Abel',425,'2010-08-04',8),
(1314,'Prieto Ramírez, Gabriel',425,'2010-07-17',9),
(1315,'Ayala Suárez, Abelardo',425,'2010-12-08',10),
(1316,'Herrera García, Vicente',425,'2010-04-04',11),
(1317,'Torres Ramírez, Gabriel',425,'2010-05-22',12),
(1318,'Gálvez Suárez, Abelardo',425,'2010-06-27',13),
(1319,'Herrera Jiménez, Abel',425,'2010-01-18',14),
(1320,'Solís Ramírez, Gabriel',425,'2010-11-10',15),
(1321,'Cuevas Suárez, Vicente',426,'2010-12-24',1),
(1322,'Villalobos García, Rubén',426,'2010-01-16',2),
(1323,'Ríos Sánchez, Abel',426,'2010-02-28',3),
(1324,'Espinoza Ramírez, Gabriel',426,'2010-09-25',4),
(1325,'Cabrera Suárez, Vicente',426,'2010-07-08',5),
(1326,'Varela Ramírez, Abelardo',426,'2010-03-15',6),
(1327,'Rosales Suárez, Gabriel',426,'2010-12-14',7),
(1328,'Escobar García, Abel',426,'2010-09-24',8),
(1329,'Aguilar Suárez, Rubén',426,'2010-11-20',9),
(1330,'Castaño Ramírez, Gabriel',426,'2010-05-13',10),
(1331,'Cabrera Jiménez, Abelardo',426,'2010-09-10',11),
(1332,'Pérez Suárez, Vicente',426,'2010-06-15',12),
(1333,'Montero Ramírez, Gabriel',426,'2010-12-09',13),
(1334,'Valencia Suárez, Abel',426,'2010-10-26',14),
(1335,'Roldán García, Rubén',426,'2010-09-20',15),
(1336,'Romero Ramírez, Gabriel',427,'2010-04-10',1),
(1337,'Fajardo Suárez, Abelardo',427,'2010-04-13',2),
(1338,'Quintana Ramírez, Abel',427,'2010-08-15',3),
(1339,'Villanueva Suárez, Gabriel',427,'2010-12-17',4),
(1340,'Naranjo Jiménez, Abelardo',427,'2010-05-12',5),
(1341,'Cabrera Suárez, Gabriel',427,'2010-04-09',6),
(1342,'Vega Jiménez, Abelardo',427,'2010-03-17',7),
(1343,'Ramírez Sánchez, Abel',427,'2010-01-03',8),
(1344,'Peña Ramírez, Gabriel',427,'2010-09-19',9),
(1345,'Medina Suárez, Vicente',427,'2010-09-02',10),
(1346,'Maldonado Jiménez, Abelardo',427,'2010-02-04',11),
(1347,'Zambrano Ramírez, Abel',427,'2010-12-06',12),
(1348,'Camacho Suárez, Gabriel',427,'2010-11-05',13),
(1349,'Ríos Jiménez, Abelardo',427,'2010-06-28',14),
(1350,'Varela Ramírez, Vicente',427,'2010-12-24',15),
(1351,'Aguirre Sánchez, Rubén',428,'2010-02-21',1),
(1352,'Pineda Ramírez, Abel',428,'2010-08-24',2),
(1353,'Ortiz Suárez, Gabriel',428,'2010-07-20',3),
(1354,'Benítez Jiménez, Vicente',428,'2010-08-12',4),
(1355,'Alvarado Ramírez, Abelardo',428,'2010-01-06',5),
(1356,'Pacheco Suárez, Rubén',428,'2010-10-08',6),
(1357,'Mejía Jiménez, Gabriel',428,'2010-09-21',7),
(1358,'Cuevas Ramírez, Abel',428,'2010-11-12',8),
(1359,'Pérez García, Gabriel',428,'2010-01-19',9),
(1360,'Prieto Ramírez, Abelardo',428,'2010-12-06',10),
(1361,'Ayala Suárez, Abel',428,'2010-04-22',11),
(1362,'Herrera Jiménez, Gabriel',428,'2010-09-05',12),
(1363,'Torres Suárez, Vicente',428,'2010-11-20',13),
(1364,'Gálvez Ramírez, Rubén',428,'2010-09-25',14),
(1365,'Herrera García, Gabriel',428,'2010-08-24',15),
(1366,'Solís Suárez, Abelardo',429,'2010-02-16',1),
(1367,'Villalobos Suárez, Gabriel',429,'2010-09-19',2),
(1368,'Cabrera Jiménez, Vicente',429,'2010-05-21',3),
(1369,'Varela Suárez, Gabriel',429,'2010-07-12',4),
(1370,'Rosales Ramírez, Abelardo',429,'2010-01-01',5),
(1371,'Escobar Suárez, Abel',429,'2010-05-13',6),
(1372,'Aguilar Jiménez, Rubén',429,'2010-06-16',7),
(1373,'Cabrera Suárez, Abelardo',429,'2010-01-13',8),
(1374,'Valencia Suárez, Abelardo',429,'2010-11-22',9),
(1375,'Roldán García, Vicente',429,'2010-10-13',10),
(1376,'Romero Suárez, Abel',429,'2010-03-23',11),
(1377,'Fajardo Ramírez, Gabriel',429,'2010-05-11',12),
(1378,'Ferrer Jiménez, Abelardo',429,'2010-09-18',13),
(1379,'Quintana Suárez, Abel',429,'2010-05-02',14),
(1380,'Ramírez Jiménez, Vicente',429,'2010-06-03',15),
(1381,'Peña Suárez, Abel',430,'2010-03-02',1),
(1382,'Maldonado Suárez, Abelardo',430,'2010-09-07',2),
(1383,'Zambrano García, Gabriel',430,'2010-01-16',3),
(1384,'Aguilar Jiménez, Abel',430,'2010-03-23',4),
(1385,'Aguirre Suárez, Rubén',430,'2010-04-06',5),
(1386,'Pineda Ramírez, Gabriel',430,'2010-06-25',6),
(1387,'Ortiz Suárez, Abelardo',430,'2010-05-06',7),
(1388,'Palacios Jiménez, Vicente',430,'2010-04-18',8),
(1389,'Benítez Ramírez, Abel',430,'2010-04-02',9),
(1390,'Alvarado Jiménez, Abelardo',430,'2010-06-03',10),
(1391,'Pacheco Suárez, Abel',430,'2010-10-04',11),
(1392,'Mejía Ramírez, Rubén',430,'2010-07-01',12),
(1393,'Cuevas Jiménez, Abelardo',430,'2010-04-20',13),
(1394,'Prieto Suárez, Abelardo',430,'2010-07-05',14),
(1395,'Ayala Jiménez, Gabriel',430,'2010-02-12',15),
(1396,'Roldán García, Álvaro',431,'2010-01-04',1),
(1397,'Romero Ramírez, Diego',431,'2010-12-15',2),
(1398,'Fajardo Jiménez, Carlos',431,'2010-12-02',3),
(1399,'Ferrer Fernández, José',431,'2010-06-04',4),
(1400,'Quintana Sánchez, Martín',431,'2010-11-16',5),
(1401,'Villanueva Suárez, Darío',431,'2010-07-09',6),
(1402,'Naranjo García, Lucas',431,'2010-10-25',7),
(1403,'Ibáñez Jiménez, David',431,'2010-05-26',8),
(1404,'Cabrera Ramírez, Manuel',431,'2010-03-03',9),
(1405,'Vega Suárez, Ignacio',431,'2010-12-07',10),
(1406,'Ramírez García, Juan',431,'2010-12-26',11),
(1407,'Peña Sánchez, Alberto',431,'2010-05-01',12),
(1408,'Medina Ramírez, Gonzalo',431,'2010-12-17',13),
(1409,'Maldonado Suárez, Emiliano',431,'2010-07-15',14),
(1410,'Zambrano Jiménez, Rodrigo',431,'2010-07-27',15),
(1411,'Camacho Ramírez, Juan',432,'2010-08-16',1),
(1412,'Ríos Suárez, Ernesto',432,'2010-09-06',2),
(1413,'Varela García, Arturo',432,'2010-01-27',3),
(1414,'Aguilar Sánchez, Gonzalo',432,'2010-12-25',4),
(1415,'Aguirre Jiménez, Jaime',432,'2010-04-26',5),
(1416,'Pineda Ramírez, Mauricio',432,'2010-06-01',6),
(1417,'Ortiz García, Ignacio',432,'2010-01-07',7),
(1418,'Palacios Suárez, Rodrigo',432,'2010-10-21',8),
(1419,'Benítez Jiménez, Mario',432,'2010-04-25',9),
(1420,'Morales Ramírez, Samuel',432,'2010-08-27',10),
(1421,'Alvarado Sánchez, Juan',432,'2010-03-26',11),
(1422,'Pacheco Suárez, Ariel',432,'2010-04-22',12),
(1423,'Mejía García, Mauro',432,'2010-12-02',13),
(1424,'Cuevas Ramírez, Cristóbal',432,'2010-06-28',14),
(1425,'Serrano Suárez, Manuel',432,'2010-03-13',15),
(1426,'Pérez Fernández, Alejandro',433,'2010-04-27',1),
(1427,'Prieto Sánchez, David',433,'2010-02-06',2),
(1428,'Ayala Ramírez, Alejandro',433,'2010-08-24',3),
(1429,'Herrera Suárez, Juan',433,'2010-03-12',4),
(1430,'Torres García, Esteban',433,'2010-08-01',5),
(1431,'Gálvez Ramírez, César',433,'2010-06-27',6),
(1432,'Herrera Jiménez, Jaime',433,'2010-12-18',7),
(1433,'Solís Sánchez, Pedro',433,'2010-07-02',8),
(1434,'Cuevas Suárez, Manuel',433,'2010-02-01',9),
(1435,'Villalobos García, Rodrigo',433,'2010-10-22',10),
(1436,'Ríos Fernández, Miguel',433,'2010-07-10',11),
(1437,'Espinoza Suárez, Jaime',433,'2010-03-02',12),
(1438,'Cabrera Ramírez, Juan',433,'2010-03-09',13),
(1439,'Varela Jiménez, Jaime',433,'2010-04-14',14),
(1440,'Rosales Sánchez, Pedro',433,'2010-03-12',15),
(1441,'Escobar Ramírez, Andrés',434,'2010-04-13',1),
(1442,'Aguilar Jiménez, Marcos',434,'2010-07-23',2),
(1443,'Castaño Suárez, Alejandro',434,'2010-04-14',3),
(1444,'Cabrera García, Mauricio',434,'2010-12-28',4),
(1445,'Pérez Sánchez, Alejandro',434,'2010-02-15',5),
(1446,'Montero Fernández, Jaime',434,'2010-11-11',6),
(1447,'Valencia Ramírez, Andrés',434,'2010-03-05',7),
(1448,'Roldán Jiménez, Ernesto',434,'2010-03-18',8),
(1449,'Romero Suárez, Alberto',434,'2010-07-06',9),
(1450,'Fajardo García, Mauricio',434,'2010-06-06',10),
(1451,'Ferrer Fernández, Manuel',434,'2010-06-02',11),
(1452,'Quintana Sánchez, Álvaro',434,'2010-07-06',12),
(1453,'Villanueva Ramírez, Darío',434,'2010-05-14',13),
(1454,'Naranjo Jiménez, Manuel',434,'2010-05-28',14),
(1455,'Ibáñez Suárez, Esteban',434,'2010-04-19',15),
(1456,'Cabrera Ramírez, Andrés',435,'2010-12-26',1),
(1457,'Vega García, Mario',435,'2010-09-05',2),
(1458,'Ramírez Sánchez, Manuel',435,'2010-02-01',3),
(1459,'Peña Suárez, Darío',435,'2010-05-06',4),
(1460,'Medina Ramírez, Jaime',435,'2010-11-15',5),
(1461,'Maldonado Fernández, Esteban',435,'2010-04-23',6),
(1462,'Zambrano Jiménez, Pedro',435,'2010-07-12',7),
(1463,'Camacho Suárez, Jaime',435,'2010-04-24',8),
(1464,'Ríos García, Manuel',435,'2010-11-09',9),
(1465,'Varela Fernández, Rodrigo',435,'2010-02-20',10),
(1466,'Aguilar Sánchez, Pedro',435,'2010-08-03',11),
(1467,'Aguirre Jiménez, Gonzalo',435,'2010-10-09',12),
(1468,'Pineda Ramírez, Jaime',435,'2010-09-20',13),
(1469,'Ortiz García, Mauricio',435,'2010-09-27',14),
(1470,'Palacios Suárez, Esteban',435,'2010-06-01',15),
(1471,'Benítez Jiménez, Jaime',436,'2010-09-05',1),
(1472,'Morales Ramírez, Manuel',436,'2010-07-14',2),
(1473,'Alvarado Sánchez, Darío',436,'2010-06-12',3),
(1474,'Pacheco Suárez, Manuel',436,'2010-06-02',4),
(1475,'Mejía García, Jaime',436,'2010-02-28',5),
(1476,'Cuevas Ramírez, Esteban',436,'2010-04-16',6),
(1477,'Serrano Suárez, Mauricio',436,'2010-01-22',7),
(1478,'Pérez Fernández, Manuel',436,'2010-03-09',8),
(1479,'Prieto Sánchez, Esteban',436,'2010-10-10',9),
(1480,'Ayala Ramírez, Ernesto',436,'2010-05-17',10),
(1481,'Herrera Suárez, Pedro',436,'2010-09-14',11),
(1482,'Torres García, Alejandro',436,'2010-10-11',12),
(1483,'Gálvez Ramírez, Alejandro',436,'2010-08-12',13),
(1484,'Herrera Jiménez, Manuel',436,'2010-12-18',14),
(1485,'Solís Sánchez, Esteban',436,'2010-10-11',15),
(1486,'Cuevas Suárez, Pedro',437,'2010-01-19',1),
(1487,'Villalobos García, Mauricio',437,'2010-12-02',2),
(1488,'Ríos Fernández, Manuel',437,'2010-04-02',3),
(1489,'Espinoza Suárez, Alejandro',437,'2010-12-01',4),
(1490,'Márquez López, Esteban',437,'2010-12-10',5),
(1491,'Rivas Fernández, Carlos',437,'2010-12-13',6),
(1492,'García Suárez, Pedro',437,'2010-03-02',7),
(1493,'Martínez Jiménez, David',437,'2010-02-11',8),
(1494,'Fernández Pérez, Juan',437,'2010-10-14',9),
(1495,'Torres Sánchez, Andrés',437,'2010-10-16',10),
(1496,'Morales Jiménez, Fernando',437,'2010-06-27',11),
(1497,'Paredes García, Ignacio',437,'2010-08-20',12),
(1498,'Álvarez Suárez, Miguel',437,'2010-03-21',13),
(1499,'Romero Ramírez, Jesús',437,'2010-04-13',14),
(1500,'Ramírez Fernández, Luis',437,'2010-08-08',15),
(1501,'Ortega Pérez, Raúl',438,'2010-08-13',1),
(1502,'Herrera Suárez, Nicolás',438,'2010-10-01',2),
(1503,'Gutiérrez Jiménez, Hugo',438,'2010-04-24',3),
(1504,'Campos García, Víctor',438,'2010-10-12',4),
(1505,'Soto Suárez, Adrián',438,'2010-11-02',5),
(1506,'Delgado Ramírez, Alejandro',438,'2010-08-10',6),
(1507,'Vega Fernández, Eduardo',438,'2010-04-06',7),
(1508,'Navarro Jiménez, Roberto',438,'2010-04-08',8),
(1509,'Ávila García, Sergio',438,'2010-10-28',9),
(1510,'Castro Suárez, Elías',438,'2010-01-27',10),
(1511,'Reyes Ramírez, Gustavo',438,'2010-04-17',11),
(1512,'Ortega Fernández, Guillermo',438,'2010-04-07',12),
(1513,'Méndez García, Ricardo',438,'2010-02-04',13),
(1514,'Salinas Suárez, Julián',438,'2010-08-20',14),
(1515,'Chávez Ramírez, Ángel',438,'2010-10-12',15),
(1516,'Galindo Suárez, Tomás',439,'2010-03-17',1),
(1517,'Luna Jiménez, Álvaro',439,'2010-07-08',2),
(1518,'Peña García, Jorge',439,'2010-06-03',3),
(1519,'Aguayo Suárez, César',439,'2010-04-02',4),
(1520,'Dávila Jiménez, Luis',439,'2010-05-02',5),
(1521,'Padilla Fernández, Iván',439,'2010-04-12',6),
(1522,'Navas Suárez, Mateo',439,'2010-06-23',7),
(1523,'Villarreal Jiménez, Andrés',439,'2010-04-17',8),
(1524,'Robles García, Adrián',439,'2010-06-15',9),
(1525,'Montero Suárez, Héctor',439,'2010-07-20',10),
(1526,'Ramos Fernández, Fabián',439,'2010-02-01',11),
(1527,'Pacheco Jiménez, Martín',439,'2010-04-13',12),
(1528,'Duarte García, Rodrigo',439,'2010-07-26',13),
(1529,'Perales Suárez, Marco',439,'2010-08-23',14),
(1530,'Meza Jiménez, Jorge',439,'2010-04-09',15),
(1531,'Montes Fernández, Gonzalo',440,'2010-01-28',1),
(1532,'Barrera Suárez, Emanuel',440,'2010-11-20',2),
(1533,'Ponce Jiménez, Víctor',440,'2010-12-14',3),
(1534,'Quiroz García, Sebastián',440,'2010-05-08',4),
(1535,'Escalante Suárez, David',440,'2010-11-25',5),
(1536,'Fonseca Jiménez, Luis',440,'2010-11-01',6),
(1537,'Arteaga Fernández, Arturo',440,'2010-03-18',7),
(1538,'Cárdenas Suárez, Esteban',440,'2010-09-20',8),
(1539,'Escobar Jiménez, Pablo',440,'2010-12-24',9),
(1540,'Tapia García, Benjamín',440,'2010-07-20',10),
(1541,'Vázquez Suárez, Isaías',440,'2010-12-11',11),
(1542,'Zúñiga Jiménez, Álvaro',440,'2010-01-24',12),
(1543,'Parra Fernández, Nicolás',440,'2010-07-19',13),
(1544,'Beltrán Suárez, Alejandro',440,'2010-06-10',14),
(1545,'Becerra Jiménez, Hugo',440,'2010-12-17',15),
(1546,'Barrera García, Ezequiel',441,'2010-02-21',1),
(1547,'Varela Suárez, Mateo',441,'2010-12-26',2),
(1548,'Serrano Jiménez, Leonardo',441,'2010-07-17',3),
(1549,'Rivas Fernández, Adrián',441,'2010-01-06',4),
(1550,'Ventura Suárez, Jaime',441,'2010-02-07',5),
(1551,'Palacios Jiménez, Emilio',441,'2010-06-09',6),
(1552,'Figueroa García, Samuel',441,'2010-08-21',7),
(1553,'Escamilla Suárez, Ernesto',441,'2010-11-10',8),
(1554,'Carmona Jiménez, Rafael',441,'2010-09-12',9),
(1555,'Domínguez Fernández, Diego',441,'2010-05-17',10),
(1556,'Franco Suárez, Marco',441,'2010-12-07',11),
(1557,'Castillo Jiménez, Ángel',441,'2010-11-25',12),
(1558,'Santillán García, Julián',441,'2010-01-17',13),
(1559,'Rosales Suárez, Raúl',441,'2010-07-03',14),
(1560,'Farías Jiménez, Francisco',441,'2010-07-14',15),
(1561,'Canales García, Rubén',442,'2010-09-28',1),
(1562,'Aparicio Suárez, Mario',442,'2010-03-01',2),
(1563,'Márquez Jiménez, Manuel',442,'2010-12-27',3),
(1564,'Paredes Fernández, Rodrigo',442,'2010-08-10',4),
(1565,'Carranza Suárez, Daniel',442,'2010-09-21',5),
(1566,'Jiménez García, Luis',442,'2010-11-08',6),
(1567,'Hernández Suárez, Francisco',442,'2010-03-11',7),
(1568,'Padilla Jiménez, Tomás',442,'2010-03-17',8),
(1569,'Guerrero Fernández, Jesús',442,'2010-07-17',9),
(1570,'Rubio Suárez, Gustavo',442,'2010-09-21',10),
(1571,'Orozco Jiménez, Martín',442,'2010-02-18',11),
(1572,'Cervantes Fernández, Sergio',442,'2010-03-21',12),
(1573,'Vázquez Jiménez, Adrián',442,'2010-03-28',13),
(1574,'Ramírez García, Raúl',442,'2010-09-05',14),
(1575,'Murillo Suárez, Ignacio',442,'2010-02-20',15),
(1576,'Reyes Jiménez, Álvaro',443,'2010-01-10',1),
(1577,'Ávila Fernández, Mateo',443,'2010-07-25',2),
(1578,'Esquivel Suárez, Óscar',443,'2010-10-12',3),
(1579,'Castañeda Jiménez, Hugo',443,'2010-10-19',4),
(1580,'Guzmán García, José',443,'2010-05-12',5),
(1581,'Ponce Suárez, César',443,'2010-07-25',6),
(1582,'Bautista Jiménez, Leonardo',443,'2010-06-18',7),
(1583,'Olmedo Fernández, Emiliano',443,'2010-05-23',8),
(1584,'Mejía Suárez, Miguel',443,'2010-05-18',9),
(1585,'Gil Jiménez, Cristóbal',443,'2010-10-05',10),
(1586,'Villarreal Fernández, Enrique',443,'2010-10-05',11),
(1587,'Rojas Suárez, Alberto',443,'2010-08-09',12),
(1588,'Rivas Jiménez, Pablo',443,'2010-10-02',13),
(1589,'Zavala Fernández, Eduardo',443,'2010-11-17',14),
(1590,'Arroyo Suárez, Mauricio',443,'2010-09-14',15),
(1591,'Camacho Jiménez, José',444,'2010-08-09',1),
(1592,'Alvarado Fernández, Andrés',444,'2010-08-07',2),
(1593,'Maldonado Suárez, Elías',444,'2010-10-18',3),
(1594,'Guerra Jiménez, Tomás',444,'2010-04-24',4),
(1595,'Valdés Fernández, Iván',444,'2010-05-16',5),
(1596,'Fuentes Suárez, Rafael',444,'2010-12-15',6),
(1597,'Rojas Jiménez, Adrián',444,'2010-05-03',7),
(1598,'Marín García, Guillermo',444,'2010-11-24',8),
(1599,'Castillo Suárez, Juan',444,'2010-04-24',9),
(1600,'Andrade Jiménez, Pedro',444,'2010-04-05',10),
(1601,'Cárdenas Fernández, Esteban',444,'2010-11-13',11),
(1602,'Peña Suárez, Carlos',444,'2010-08-23',12),
(1603,'Méndez Jiménez, Joaquín',444,'2010-09-08',13),
(1604,'Reyes García, Isaac',444,'2010-12-02',14),
(1605,'Vega Suárez, Darío',444,'2010-10-18',15),
(1606,'Guzmán Jiménez, Daniel',445,'2010-01-18',1),
(1607,'Aranda García, Enrique',445,'2010-11-14',2),
(1608,'Villalobos Suárez, Sebastián',445,'2010-07-19',3),
(1609,'Salinas Jiménez, Ramiro',445,'2010-12-27',4),
(1610,'Santiago Fernández, Nicolás',445,'2010-11-11',5),
(1611,'Escobar Suárez, Benjamín',445,'2010-01-07',6),
(1612,'Montoya Jiménez, Samuel',445,'2010-11-16',7),
(1613,'Aguilar García, Joaquín',445,'2010-09-10',8),
(1614,'Zamora Suárez, Luis',445,'2010-11-25',9),
(1615,'Ríos Jiménez, Emiliano',445,'2010-08-13',10),
(1616,'Cortés García, Alfredo',445,'2010-09-09',11),
(1617,'López Suárez, Eduardo',445,'2010-05-14',12),
(1618,'Ochoa Jiménez, Mario',445,'2010-01-19',13),
(1619,'Valenzuela García, Leonardo',445,'2010-09-16',14),
(1620,'Ortiz Jiménez, Abel',445,'2010-03-25',15),
(1621,'Sandoval García, César',446,'2010-06-06',1),
(1622,'Palacios Suárez, Andrés',446,'2010-03-11',2),
(1623,'Vargas Jiménez, Gonzalo',446,'2010-02-11',3),
(1624,'Romero García, Ignacio',446,'2010-02-19',4),
(1625,'Márquez Suárez, Roberto',446,'2010-03-04',5),
(1626,'Acosta Jiménez, Federico',446,'2010-09-09',6),
(1627,'Domínguez García, Mario',446,'2010-02-28',7),
(1628,'Torres Suárez, Alberto',446,'2010-02-04',8),
(1629,'Navarro Jiménez, Cristian',446,'2010-02-15',9),
(1630,'Álvarez Suárez, Manuel',446,'2010-10-03',10),
(1631,'Silva Jiménez, Esteban',446,'2010-11-22',11),
(1632,'Rivera Fernández, Isaac',446,'2010-09-08',12),
(1633,'Carmona Suárez, Ignacio',446,'2010-04-18',13),
(1634,'Estrada Jiménez, Salvador',446,'2010-05-17',14),
(1635,'Pizarro Fernández, Óscar',446,'2010-09-05',15),
(1636,'Roldán Suárez, Héctor',447,'2010-09-22',1),
(1637,'Pineda Jiménez, Aarón',447,'2010-10-11',2),
(1638,'Paredes Suárez, Diego',447,'2010-05-16',3),
(1639,'Delgado Jiménez, Rubén',447,'2010-04-21',4),
(1640,'Quintana Fernández, Mateo',447,'2010-09-13',5),
(1641,'Jiménez Suárez, Moisés',447,'2010-05-07',6),
(1642,'Sosa Jiménez, Álvaro',447,'2010-04-10',7),
(1643,'Miranda García, Aarón',447,'2010-08-03',8),
(1644,'Barrios Suárez, David',447,'2010-04-03',9),
(1645,'Rosales Jiménez, José',447,'2010-11-26',10),
(1646,'Zúñiga Fernández, Rafael',447,'2010-04-04',11),
(1647,'Montoya Suárez, Roberto',447,'2010-03-28',12),
(1648,'López Jiménez, Pedro',447,'2010-06-03',13),
(1649,'Díaz García, Ezequiel',447,'2010-09-08',14),
(1650,'Vázquez Suárez, Mauricio',447,'2010-08-18',15),
(1651,'Figueroa Jiménez, Samuel',448,'2010-04-01',1),
(1652,'Soto Fernández, Tomás',448,'2010-06-13',2),
(1653,'Navarro Suárez, Adrián',448,'2010-09-09',3),
(1654,'Delgado Jiménez, José',448,'2010-10-22',4),
(1655,'Guerra Suárez, Nicolás',448,'2010-08-17',5),
(1656,'Pineda Jiménez, Abel',448,'2010-06-26',6),
(1657,'Jiménez García, Héctor',448,'2010-10-15',7),
(1658,'Morales Suárez, Martín',448,'2010-10-27',8),
(1659,'Navas Jiménez, Ricardo',448,'2010-04-24',9),
(1660,'Luna Fernández, Julio',448,'2010-11-19',10),
(1661,'Zúñiga Suárez, Emilio',448,'2010-11-27',11),
(1662,'Ávila Jiménez, Alejandro',448,'2010-11-19',12),
(1663,'Castillo García, Fabián',448,'2010-12-28',13),
(1664,'Camacho Suárez, Mateo',448,'2010-07-19',14),
(1665,'Peña Jiménez, Salvador',448,'2010-12-01',15),
(1666,'Roldán García, Pablo',449,'2010-06-24',1),
(1667,'Ramírez Suárez, Julio',449,'2010-11-09',2),
(1668,'Vargas Jiménez, Esteban',449,'2010-09-08',3),
(1669,'Villanueva García, Rafael',449,'2010-02-28',4),
(1670,'Morales Suárez, Guillermo',449,'2010-06-03',5),
(1671,'Bautista Jiménez, Adrián',449,'2010-07-17',6),
(1672,'Soto Fernández, Samuel',449,'2010-06-18',7),
(1673,'Valdés Suárez, Benjamín',449,'2010-08-19',8),
(1674,'Rosales Jiménez, Marco',449,'2010-01-05',9),
(1675,'Delgado García, Leonardo',449,'2010-07-01',10),
(1676,'Quintana Suárez, Rodrigo',449,'2010-03-17',11),
(1677,'Ochoa Jiménez, Nicolás',449,'2010-04-07',12),
(1678,'Padilla Fernández, Adrián',449,'2010-01-04',13),
(1679,'Vázquez Suárez, Antonio',449,'2010-09-05',14),
(1680,'Galindo Jiménez, Alejandro',449,'2010-02-08',15),
(1681,'Camacho Suárez, César',450,'2010-04-10',1),
(1682,'Esquivel Jiménez, Mateo',450,'2010-09-22',2),
(1683,'López García, Abelardo',450,'2010-08-05',3),
(1684,'González Suárez, Juan',450,'2010-07-14',4),
(1685,'Medina Jiménez, Julián',450,'2010-06-10',5),
(1686,'Torres Suárez, Alfredo',450,'2010-03-04',6),
(1687,'Rivas Jiménez, Raúl',450,'2010-05-21',7),
(1688,'Mora Suárez, Manuel',450,'2010-09-25',8),
(1689,'Velázquez Jiménez, José',450,'2010-12-14',9),
(1690,'Ríos García, Andrés',450,'2010-05-13',10),
(1691,'Castillo Suárez, Esteban',450,'2010-05-14',11),
(1692,'Márquez Jiménez, Emilio',450,'2010-01-01',12),
(1693,'Méndez García, Álvaro',450,'2010-05-19',13),
(1694,'Mendoza Suárez, Fernando',450,'2010-07-06',14),
(1695,'Ríos Jiménez, Pedro',450,'2010-08-17',15),
(1696,'Medina Fernández, Julián',451,'2010-08-17',1),
(1697,'Muñoz Suárez, Federico',451,'2010-06-10',2),
(1698,'Ortega Jiménez, Daniel',451,'2010-04-10',3),
(1699,'Santiago García, Salvador',451,'2010-06-03',4),
(1700,'Padilla Suárez, Alberto',451,'2010-02-16',5),
(1701,'Solís Jiménez, Jesús',451,'2010-11-25',6),
(1702,'Mendoza Suárez, Mario',451,'2010-11-25',7),
(1703,'Castro Jiménez, Raúl',451,'2010-02-17',8),
(1704,'Aguirre Fernández, Julio',451,'2010-08-27',9),
(1705,'Guzmán Suárez, Miguel',451,'2010-07-15',10),
(1706,'Montes Jiménez, Martín',451,'2010-10-25',11),
(1707,'Vázquez García, Damián',451,'2010-04-22',12),
(1708,'Herrera Suárez, Adrián',451,'2010-06-08',13),
(1709,'Salazar Jiménez, Francisco',451,'2010-04-22',14),
(1710,'Paredes García, Gabriel',451,'2010-05-04',15),
(1711,'Gallegos Suárez, Daniel',452,'2010-10-05',1),
(1712,'Martínez Jiménez, Manuel',452,'2010-06-04',2),
(1713,'Montes Fernández, David',452,'2010-06-02',3),
(1714,'Campos Suárez, Esteban',452,'2010-07-04',4),
(1715,'Ponce Jiménez, José',452,'2010-09-10',5),
(1716,'Arévalo García, Nicolás',452,'2010-07-22',6),
(1717,'Zavala Suárez, Javier',452,'2010-07-18',7),
(1718,'Cordero Jiménez, Pedro',452,'2010-09-26',8),
(1719,'Estrada García, Carlos',452,'2010-06-09',9),
(1720,'López Suárez, Samuel',452,'2010-10-17',10),
(1721,'Ruiz Jiménez, Iván',452,'2010-09-19',11),
(1722,'Luna Fernández, Adrián',452,'2010-08-20',12),
(1723,'Ventura Jiménez, Juan',452,'2010-04-27',13),
(1724,'Castillo García, Alberto',452,'2010-12-05',14),
(1725,'Padilla Suárez, Julián',452,'2010-05-18',15),
(1726,'Ochoa Jiménez, Rubén',453,'2010-11-03',1),
(1727,'Marín García, Pedro',453,'2010-02-19',2),
(1728,'Gómez Suárez, Adrián',453,'2010-04-04',3),
(1729,'Meza Jiménez, David',453,'2010-11-28',4),
(1730,'Peña Fernández, Federico',453,'2010-02-10',5),
(1731,'Pineda Suárez, Alejandro',453,'2010-06-27',6),
(1732,'Mora Jiménez, Héctor',453,'2010-11-14',7),
(1733,'Dávila García, Gustavo',453,'2010-04-28',8),
(1734,'Galindo Suárez, Samuel',453,'2010-08-20',9),
(1735,'Herrera Jiménez, Emiliano',453,'2010-02-21',10),
(1736,'Ortega Fernández, José',453,'2010-02-16',11),
(1737,'Rivas Suárez, Nicolás',453,'2010-12-02',12),
(1738,'Duarte Jiménez, Luis',453,'2010-12-26',13),
(1739,'Miranda García, Jorge',453,'2010-06-23',14),
(1740,'Velasco Suárez, Benjamín',453,'2010-08-17',15),
(1741,'Fernández Jiménez, Ezequiel',454,'2010-09-11',1),
(1742,'Rubio García, César',454,'2010-12-13',2),
(1743,'Varela Suárez, Álvaro',454,'2010-11-08',3),
(1744,'Gutiérrez Jiménez, Rafael',454,'2010-05-20',4),
(1745,'Robles Fernández, Elías',454,'2010-02-04',5),
(1746,'Meza Suárez, David',454,'2010-01-07',6),
(1747,'Barrios Jiménez, Roberto',454,'2010-10-08',7),
(1748,'Esquivel García, Iván',454,'2010-03-26',8),
(1749,'Perales Suárez, Jorge',454,'2010-09-14',9),
(1750,'Méndez Jiménez, Samuel',454,'2010-07-04',10),
(1751,'Vega García, Gabriel',454,'2010-06-18',11),
(1752,'Ortega Suárez, Moisés',454,'2010-05-19',12),
(1753,'Marín Jiménez, Marcos',454,'2010-02-01',13),
(1754,'Hernández García, Javier',454,'2010-06-10',14),
(1755,'Aguilar Suárez, Daniel',454,'2010-04-23',15),
(1756,'Castillo Jiménez, Raúl',455,'2010-12-14',1),
(1757,'Domínguez García, Nicolás',455,'2010-11-15',2),
(1758,'Navas Suárez, Isaac',455,'2010-04-16',3),
(1759,'Santiago Jiménez, Arturo',455,'2010-11-04',4),
(1760,'Montes García, Juan',455,'2010-08-23',5),
(1761,'Gil Jiménez, Alfredo',455,'2010-12-05',6),
(1762,'Herrera García, Tomás',455,'2010-02-27',7),
(1763,'Núñez Suárez, Iván',455,'2010-06-19',8),
(1764,'Muñoz Jiménez, Samuel',455,'2010-12-15',9),
(1765,'Arévalo Fernández, Sergio',455,'2010-09-12',10),
(1766,'Gutiérrez Suárez, Jaime',455,'2010-01-22',11),
(1767,'Aguilar Jiménez, Mario',455,'2010-04-23',12),
(1768,'Hernández García, Julián',455,'2010-04-16',13),
(1769,'Ávila Suárez, Alberto',455,'2010-12-28',14),
(1770,'Ríos Jiménez, Damián',455,'2010-08-23',15),
(1771,'Campos García, Emiliano',456,'2010-09-17',1),
(1772,'García Suárez, Ezequiel',456,'2010-09-27',2),
(1773,'Gómez Jiménez, Mateo',456,'2010-01-05',3),
(1774,'Morales Fernández, Alejandro',456,'2010-03-25',4),
(1775,'Zavala Suárez, Marcos',456,'2010-10-19',5),
(1776,'Medina Jiménez, Andrés',456,'2010-04-07',6),
(1777,'Aranda García, Juan',456,'2010-10-28',7),
(1778,'Miranda Suárez, César',456,'2010-05-27',8),
(1779,'Carrillo Jiménez, Mateo',456,'2010-10-23',9),
(1780,'Díaz García, Héctor',456,'2010-08-28',10),
(1781,'Montes Suárez, Abel',456,'2010-11-22',11),
(1782,'Reyes Jiménez, Rubén',456,'2010-02-24',12),
(1783,'Muñoz García, Santiago',456,'2010-10-10',13),
(1784,'Peña Suárez, Federico',456,'2010-11-07',14),
(1785,'Valenzuela Jiménez, Benjamín',456,'2010-10-20',15),
(1786,'Mendoza Suárez, Tomás',457,'2010-02-16',1),
(1787,'Ortiz Jiménez, Alfredo',457,'2010-10-12',2),
(1788,'Duarte García, Ezequiel',457,'2010-04-24',3),
(1789,'Rivera Suárez, Daniel',457,'2010-09-16',4),
(1790,'Aranda Jiménez, Samuel',457,'2010-01-21',5),
(1791,'Campos Fernández, Isaac',457,'2010-03-16',6),
(1792,'Carrillo Suárez, Adrián',457,'2010-06-13',7),
(1793,'Figueroa Jiménez, Andrés',457,'2010-02-28',8),
(1794,'Guzmán García, Tomás',457,'2010-06-27',9),
(1795,'Ramírez Suárez, César',457,'2010-11-07',10),
(1796,'Robles Jiménez, Víctor',457,'2010-05-18',11),
(1797,'Chávez Fernández, Moisés',457,'2010-03-21',12),
(1798,'Rivas Suárez, Hugo',457,'2010-10-23',13),
(1799,'Arévalo Jiménez, Felipe',457,'2010-01-26',14),
(1800,'Domínguez García, Óscar',457,'2010-07-03',15),
(1801,'Herrera Suárez, Rafael',458,'2010-04-10',1),
(1802,'Gutiérrez Jiménez, Mateo',458,'2010-02-02',2),
(1803,'Vega García, Sebastián',458,'2010-12-25',3),
(1804,'Zúñiga Suárez, Andrés',458,'2010-01-16',4),
(1805,'Ochoa Jiménez, Damián',458,'2010-08-21',5),
(1806,'Sandoval García, Héctor',458,'2010-09-26',6),
(1807,'Mejía Suárez, Ezequiel',458,'2010-02-20',7),
(1808,'Montes Jiménez, Fernando',458,'2010-02-14',8),
(1809,'Miranda García, Marcos',458,'2010-02-28',9),
(1810,'Aguilar Suárez, Alberto',458,'2010-09-08',10),
(1811,'Fernández Jiménez, Gabriel',458,'2010-01-19',11),
(1812,'Rivera García, Alfredo',458,'2010-12-17',12),
(1813,'Guerrero Suárez, Francisco',458,'2010-03-15',13),
(1814,'Peña Jiménez, Hugo',458,'2010-12-12',14),
(1815,'Santiago Fernández, Eduardo',458,'2010-06-02',15),
(1816,'Vargas Suárez, Diego',459,'2010-08-27',1),
(1817,'Vargas Jiménez, Carlos',459,'2010-09-26',2),
(1818,'Torres García, Javier',459,'2010-03-25',3),
(1819,'Mora Suárez, Sebastián',459,'2010-12-16',4),
(1820,'Martínez Jiménez, Mario',459,'2010-01-13',5),
(1821,'Castillo Fernández, Santiago',459,'2010-12-21',6),
(1822,'Valdés Suárez, Héctor',459,'2010-12-09',7),
(1823,'Romero Jiménez, Jesús',459,'2010-03-20',8),
(1824,'Zúñiga García, Manuel',459,'2010-06-14',9),
(1825,'Pizarro Suárez, Alberto',459,'2010-04-07',10),
(1826,'Ramos Jiménez, Carlos',459,'2010-08-24',11),
(1827,'Palacios Fernández, Alejandro',459,'2010-01-03',12),
(1828,'Escamilla Suárez, Manuel',459,'2010-03-13',13),
(1829,'González Jiménez, Andrés',459,'2010-12-26',14),
(1830,'Herrera García, Emiliano',459,'2010-04-19',15),
(1831,'Domínguez Suárez, Alejandro',460,'2010-09-15',1),
(1832,'Rivera Jiménez, Luis',460,'2010-03-14',2),
(1833,'Vázquez García, Hugo',460,'2010-07-17',3),
(1834,'Montero Suárez, Marcos',460,'2010-06-02',4),
(1835,'Villalobos Jiménez, Raúl',460,'2010-06-09',5),
(1836,'Ramos García, Mateo',460,'2010-05-25',6),
(1837,'López Suárez, Emiliano',460,'2010-03-15',7),
(1838,'Padilla Jiménez, Guillermo',460,'2010-08-10',8),
(1839,'Cabrera García, Isaac',460,'2010-09-09',9),
(1840,'Palacios Suárez, Alfredo',460,'2010-01-21',10),
(1841,'López Jiménez, Alejandro',460,'2010-01-06',11),
(1842,'Serrano Fernández, Francisco',460,'2010-01-15',12),
(1843,'Díaz Suárez, Arturo',460,'2010-10-26',13),
(1844,'Moreno Jiménez, Adrián',460,'2010-01-09',14),
(1845,'Rodríguez García, César',460,'2010-11-27',15),
(1846,'Vázquez Suárez, José',461,'2010-07-06',1),
(1847,'Ruiz Jiménez, Carlos',461,'2010-10-14',2),
(1848,'Pacheco García, Hugo',461,'2010-08-12',3),
(1849,'Sosa Suárez, Moisés',461,'2010-05-07',4),
(1850,'Varela Jiménez, Federico',461,'2010-04-14',5),
(1851,'Tapia García, Sebastián',461,'2010-09-02',6),
(1852,'Guzmán Suárez, José',461,'2010-05-13',7),
(1853,'Cruz Jiménez, Diego',461,'2010-04-17',8),
(1854,'Benítez García, Alberto',461,'2010-04-06',9),
(1855,'Esquivel Suárez, Rubén',461,'2010-05-22',10),
(1856,'Torres Jiménez, Tomás',461,'2010-01-02',11),
(1857,'Lozano García, Fernando',461,'2010-09-02',12),
(1858,'Díaz Suárez, Raúl',461,'2010-02-03',13),
(1859,'Herrera Jiménez, Salvador',461,'2010-10-04',14),
(1860,'Delgado García, Julián',461,'2010-01-21',15),
(1861,'Aguilar Suárez, Jesús',462,'2010-01-13',1),
(1862,'Ortega Jiménez, Eduardo',462,'2010-05-08',2),
(1863,'Ortiz García, Martín',462,'2010-04-07',3),
(1864,'Luna Suárez, Federico',462,'2010-09-18',4),
(1865,'Figueroa Jiménez, Javier',462,'2010-11-28',5),
(1866,'Ramos García, Emiliano',462,'2010-05-18',6),
(1867,'Morales Suárez, Alfredo',462,'2010-07-11',7),
(1868,'Cabrera Jiménez, Mateo',462,'2010-03-24',8),
(1869,'Padilla García, Daniel',462,'2010-06-13',9),
(1870,'Meza Suárez, Leonardo',462,'2010-07-05',10),
(1871,'Cordero Jiménez, José',462,'2010-02-17',11),
(1872,'Miranda Fernández, Emiliano',462,'2010-06-16',12),
(1873,'Cortés Suárez, Sergio',462,'2010-12-10',13),
(1874,'Ramírez Jiménez, Adrián',462,'2010-12-19',14),
(1875,'Pacheco García, Miguel',462,'2010-03-04',15),
(1876,'Perales Suárez, Enrique',463,'2010-06-27',1),
(1877,'Salinas Jiménez, Alejandro',463,'2010-08-19',2),
(1878,'Silva Suárez, Esteban',463,'2010-09-16',3),
(1879,'Reyes Jiménez, Martín',463,'2010-02-12',4),
(1880,'Sosa García, Mateo',463,'2010-10-17',5),
(1881,'Montero Suárez, David',463,'2010-06-01',6),
(1882,'Guerrero Jiménez, Tomás',463,'2010-11-18',7),
(1883,'Peña García, Federico',463,'2010-01-24',8),
(1884,'Vega Suárez, Iván',463,'2010-01-12',9),
(1885,'Maldonado Jiménez, Moisés',463,'2010-11-18',10),
(1886,'Mendoza García, Ezequiel',463,'2010-06-15',11),
(1887,'Serrano Suárez, David',463,'2010-07-13',12),
(1888,'Torres Jiménez, Alejandro',463,'2010-12-27',13),
(1889,'Herrera Suárez, Javier',463,'2010-12-01',14),
(1890,'Esquivel Jiménez, Samuel',463,'2010-08-18',15),
(1891,'Salazar García, Jorge',464,'2010-07-17',1),
(1892,'Paredes Suárez, Mateo',464,'2010-03-25',2),
(1893,'Padilla Jiménez, Luis',464,'2010-01-18',3),
(1894,'Varela García, Daniel',464,'2010-01-14',4),
(1895,'Palacios Suárez, Iván',464,'2010-04-15',5),
(1896,'Pérez Jiménez, Fernando',464,'2010-12-22',6),
(1897,'Sandoval Suárez, Leonardo',464,'2010-04-07',7),
(1898,'Guerrero Jiménez, Elías',464,'2010-07-13',8),
(1899,'Figueroa García, César',464,'2010-07-16',9),
(1900,'Hernández Suárez, Samuel',464,'2010-11-23',10),
(1901,'Roldán Jiménez, Julio',464,'2010-09-21',11),
(1902,'Núñez García, Joaquín',464,'2010-11-19',12),
(1903,'Rivera Suárez, Juan',464,'2010-05-21',13),
(1904,'Esquivel Jiménez, Alfredo',464,'2010-01-08',14),
(1905,'Cabrera García, Nicolás',464,'2010-05-26',15),
(1906,'Castillo Suárez, Felipe',465,'2010-10-02',1),
(1907,'Medina Jiménez, Salvador',465,'2010-11-07',2),
(1908,'Ramos García, Damián',465,'2010-08-16',3),
(1909,'Figueroa Suárez, David',465,'2010-02-28',4),
(1910,'Delgado Jiménez, Elías',465,'2010-12-01',5),
(1911,'Mora García, Sergio',465,'2010-10-13',6),
(1912,'Padilla Suárez, Héctor',465,'2010-07-19',7),
(1913,'Vega Jiménez, Hugo',465,'2010-10-08',8),
(1914,'Salazar García, Iván',465,'2010-10-12',9),
(1915,'Pérez Suárez, Alfredo',465,'2010-05-04',10),
(1916,'Vega Jiménez, Isaac',465,'2010-07-05',11),
(1917,'Campos García, Aarón',465,'2010-10-19',12),
(1918,'Perales Suárez, Federico',465,'2010-04-25',13),
(1919,'Aranda Jiménez, Juan',465,'2010-08-23',14),
(1920,'Tapia Fernández, Emilio',465,'2010-06-05',15),
(1921,'Galindo Suárez, Felipe',466,'2010-02-12',1),
(1922,'Moreno Jiménez, Emilio',466,'2010-07-20',2),
(1923,'Herrera García, César',466,'2010-11-18',3),
(1924,'Márquez Suárez, Alfredo',466,'2010-05-03',4),
(1925,'Robles Jiménez, Gonzalo',466,'2010-10-03',5),
(1926,'Castillo García, Emilio',466,'2010-08-14',6),
(1927,'Ortega Suárez, Andrés',466,'2010-06-28',7),
(1928,'Romero Jiménez, Abel',466,'2010-10-13',8),
(1929,'Medina García, Alejandro',466,'2010-09-10',9),
(1930,'Hernández Suárez, Diego',466,'2010-10-27',10),
(1931,'Vega Jiménez, Esteban',466,'2010-02-15',11),
(1932,'Montes García, Gabriel',466,'2010-11-11',12),
(1933,'Ramírez Suárez, Salvador',466,'2010-01-05',13),
(1934,'Santiago Jiménez, Luis',466,'2010-10-27',14),
(1935,'Ortiz García, Iván',466,'2010-08-07',15),
(1936,'Núñez Suárez, Rodrigo',467,'2010-07-07',1),
(1937,'Silva Jiménez, Gonzalo',467,'2010-08-17',2),
(1938,'Montero García, Julián',467,'2010-04-10',3),
(1939,'Delgado Suárez, Esteban',467,'2010-05-14',4),
(1940,'Núñez Jiménez, Sergio',467,'2010-07-11',5),
(1941,'Pacheco García, Juan',467,'2010-03-24',6),
(1942,'Herrera Suárez, Rubén',467,'2010-05-16',7),
(1943,'Ponce Jiménez, Leonardo',467,'2010-01-14',8),
(1944,'Montoya García, Tomás',467,'2010-07-08',9),
(1945,'Ramos Suárez, Ezequiel',467,'2010-09-13',10),
(1946,'Santiago Jiménez, Andrés',467,'2010-07-19',11),
(1947,'Rodríguez García, Moisés',467,'2010-06-03',12),
(1948,'Guerrero Suárez, Alfredo',467,'2010-06-27',13),
(1949,'Romero Jiménez, Luis',467,'2010-04-22',14),
(1950,'Montes García, Esteban',467,'2010-10-25',15),
(1951,'Gil Suárez, Elías',468,'2010-12-17',1),
(1952,'Delgado Jiménez, Isaac',468,'2010-06-10',2),
(1953,'Morales García, Héctor',468,'2010-12-22',3),
(1954,'Márquez Jiménez, Iván',468,'2010-03-24',4),
(1955,'Ochoa García, Santiago',468,'2010-05-14',5),
(1956,'Aguilar Suárez, Esteban',468,'2010-09-09',6),
(1957,'Rodríguez Jiménez, Jesús',468,'2010-03-21',7),
(1958,'Duarte García, Benjamín',468,'2010-04-10',8),
(1959,'Villalobos Suárez, Mario',468,'2010-07-12',9),
(1960,'Varela Jiménez, Nicolás',468,'2010-03-17',10),
(1961,'Reyes García, Rubén',468,'2010-02-17',11),
(1962,'Fernández Suárez, Alfredo',468,'2010-11-12',12),
(1963,'Romero Jiménez, David',468,'2010-02-27',13),
(1964,'Díaz García, Federico',468,'2010-06-22',14),
(1965,'Vargas Suárez, Hugo',468,'2010-01-13',15),
(1966,'Gutiérrez Jiménez, Adrián',469,'2010-09-08',1),
(1967,'Mora García, Federico',469,'2010-02-06',2),
(1968,'Pérez Suárez, Ignacio',469,'2010-11-26',3),
(1969,'García Jiménez, Álvaro',469,'2010-02-02',4),
(1970,'Roldán Suárez, Andrés',469,'2010-02-14',5),
(1971,'Barrios Jiménez, Alejandro',469,'2010-02-13',6),
(1972,'Campos Fernández, Enrique',469,'2010-01-08',7),
(1973,'Duarte Suárez, Iván',469,'2010-06-18',8),
(1974,'Castro Jiménez, Daniel',469,'2010-05-16',9),
(1975,'Ortega García, Adrián',469,'2010-12-26',10),
(1976,'Mora Suárez, Jesús',469,'2010-09-17',11),
(1977,'Bautista Jiménez, Pablo',469,'2010-11-25',12),
(1978,'Gutiérrez García, Pedro',469,'2010-02-05',13),
(1979,'Pizarro Jiménez, Martín',469,'2010-04-10',14),
(1980,'Aguilar García, Elías',469,'2010-07-20',15),
(1981,'Santiago Suárez, Enrique',470,'2010-03-03',1),
(1982,'Paredes Jiménez, Adrián',470,'2010-05-22',2),
(1983,'Castro Fernández, Mauricio',470,'2010-02-20',3),
(1984,'Palacios Suárez, Emilio',470,'2010-04-01',4),
(1985,'Vázquez Jiménez, Felipe',470,'2010-12-21',5),
(1986,'Vega García, Sergio',470,'2010-01-04',6),
(1987,'Rivera Suárez, Rubén',470,'2010-07-23',7),
(1988,'Castillo Jiménez, Adrián',470,'2010-01-21',8),
(1989,'Gómez García, Carlos',470,'2010-08-22',9),
(1990,'Sánchez Suárez, Pablo',470,'2010-03-25',10),
(1991,'Torres Jiménez, Alfredo',470,'2010-11-20',11),
(1992,'Rodríguez García, Ezequiel',470,'2010-02-02',12),
(1993,'Valenzuela Suárez, Moisés',470,'2010-01-03',13),
(1994,'Valdés Jiménez, Isaac',470,'2010-01-10',14),
(1995,'Montoya García, Alfredo',470,'2010-09-09',15),
(1996,'Delgado Suárez, David',471,'2010-08-03',1),
(1997,'Guerrero Jiménez, Mauricio',471,'2010-06-22',2),
(1998,'Núñez García, Luis',471,'2010-01-05',3),
(1999,'Gutiérrez Suárez, Adrián',471,'2010-11-04',4),
(2000,'Zúñiga Jiménez, Julio',471,'2010-12-15',5),
(2001,'Ramos García, Eduardo',471,'2010-02-18',6),
(2002,'Carranza Suárez, Emilio',471,'2010-01-10',7),
(2003,'Rivera Jiménez, Marcos',471,'2010-12-19',8),
(2004,'Ramírez García, Héctor',471,'2010-03-27',9),
(2005,'Miranda Suárez, Adrián',471,'2010-10-12',10),
(2006,'Figueroa Jiménez, Moisés',471,'2010-02-14',11),
(2007,'López García, Mateo',471,'2010-11-17',12),
(2008,'Padilla Suárez, Rodrigo',471,'2010-06-04',13),
(2009,'Herrera García, Hugo',471,'2010-02-03',14),
(2010,'Esquivel Suárez, Mauricio',471,'2010-03-07',15),
(2011,'Camacho Jiménez, Raúl',472,'2010-04-07',1),
(2012,'Martínez Suárez, Iván',472,'2010-05-22',2),
(2013,'Reyes García, Joaquín',472,'2010-02-13',3),
(2014,'Guerrero Suárez, Rafael',472,'2010-12-17',4),
(2015,'Chávez Jiménez, César',472,'2010-03-05',5),
(2016,'Vázquez Fernández, Iván',472,'2010-05-05',6),
(2017,'Roldán Suárez, Alejandro',472,'2010-11-02',7),
(2018,'López Jiménez, Sergio',472,'2010-05-21',8),
(2019,'Paredes García, Federico',472,'2010-04-04',9),
(2020,'Guzmán Suárez, Juan',472,'2010-11-14',10),
(2021,'Ortiz Jiménez, Andrés',472,'2010-12-27',11),
(2022,'Salinas García, Mario',472,'2010-01-16',12),
(2023,'Solís Suárez, Adrián',472,'2010-10-12',13),
(2024,'Salinas Jiménez, Fernando',472,'2010-11-12',14),
(2025,'Valdés Suárez, Alejandro',472,'2010-09-09',15),
(2026,'Cortés Jiménez, Joaquín',473,'2010-10-27',1),
(2027,'Domínguez García, José',473,'2010-08-28',2),
(2028,'Soto Suárez, Pablo',473,'2010-05-08',3),
(2029,'Gómez Jiménez, Rodrigo',473,'2010-03-22',4),
(2030,'Vega Fernández, Federico',473,'2010-02-12',5),
(2031,'Castro Jiménez, Rubén',473,'2010-09-21',6),
(2032,'Rivera García, Mauricio',473,'2010-05-17',7),
(2033,'Ruiz Suárez, Jorge',473,'2010-12-22',8),
(2034,'Palacios Jiménez, Diego',473,'2010-09-04',9),
(2035,'Varela Fernández, Adrián',473,'2010-02-06',10),
(2036,'Moreno Suárez, David',473,'2010-05-03',11),
(2037,'Salazar Jiménez, Guillermo',473,'2010-11-11',12),
(2038,'Esquivel Suárez, Rafael',473,'2010-02-05',13),
(2039,'Hernández Jiménez, Emiliano',473,'2010-05-16',14),
(2040,'Padilla Fernández, José',473,'2010-01-10',15),
(2041,'Santiago Suárez, Eduardo',474,'2010-02-18',1),
(2042,'Pérez Jiménez, César',474,'2010-04-07',2),
(2043,'González García, Salvador',474,'2010-12-24',3),
(2044,'Méndez Suárez, Enrique',474,'2010-02-18',4),
(2045,'Villanueva Jiménez, Federico',474,'2010-05-10',5),
(2046,'Cárdenas Suárez, Benjamín',474,'2010-11-07',6),
(2047,'Delgado Jiménez, David',474,'2010-06-26',7),
(2048,'Escobar García, Gabriel',474,'2010-06-08',8),
(2049,'Ortiz Suárez, Elías',474,'2010-01-25',9),
(2050,'Campos Jiménez, Alfredo',474,'2010-02-21',10),
(2051,'Morales Suárez, Sergio',474,'2010-08-24',11),
(2052,'Paredes Jiménez, Rodrigo',474,'2010-07-14',12),
(2053,'Padilla Fernández, Jesús',474,'2010-11-10',13),
(2054,'Aguilar Suárez, Mauricio',474,'2010-07-27',14),
(2055,'Gil Jiménez, Emiliano',474,'2010-02-04',15),
(2056,'Díaz García, Gonzalo',475,'2010-01-17',1),
(2057,'Carrillo Suárez, Pablo',475,'2010-10-26',2),
(2058,'Salazar Jiménez, David',475,'2010-09-02',3),
(2059,'López García, Rafael',475,'2010-03-22',4),
(2060,'Roldán Suárez, Julián',475,'2010-01-28',5),
(2061,'Padilla Jiménez, Jorge',475,'2010-08-21',6),
(2062,'Santiago Fernández, Diego',475,'2010-01-14',7),
(2063,'Varela Suárez, Federico',475,'2010-07-04',8),
(2064,'Guzmán Jiménez, Alfredo',475,'2010-04-08',9),
(2065,'Valdés García, Francisco',475,'2010-03-08',10),
(2066,'Vargas Suárez, Gabriel',475,'2010-10-14',11),
(2067,'Herrera Jiménez, Iván',475,'2010-03-20',12),
(2068,'Villalobos García, Samuel',475,'2010-10-08',13),
(2069,'Ochoa Suárez, Hugo',475,'2010-03-16',14),
(2070,'Ávila Jiménez, Abel',475,'2010-07-08',15),
(2071,'Palacios Fernández, Mateo',476,'2010-08-16',1),
(2072,'Núñez Jiménez, Tomás',476,'2010-07-24',2),
(2073,'García Suárez, Alejandro',476,'2010-04-03',3),
(2074,'Silva Jiménez, Alberto',476,'2010-01-21',4),
(2075,'Ramírez García, Rafael',476,'2010-04-20',5),
(2076,'Campos Suárez, Pablo',476,'2010-09-04',6),
(2077,'Vargas Jiménez, Sebastián',476,'2010-06-09',7),
(2078,'Soto García, Elías',476,'2010-01-03',8),
(2079,'Martínez Suárez, Luis',476,'2010-10-10',9),
(2080,'Cortés Jiménez, Marcos',476,'2010-08-09',10),
(2081,'Mora García, Adrián',476,'2010-11-09',11),
(2082,'López Suárez, David',476,'2010-09-04',12),
(2083,'Aguilar Jiménez, Sergio',476,'2010-11-02',13),
(2084,'Salazar García, Julián',476,'2010-04-21',14),
(2085,'Ortiz Suárez, Hugo',476,'2010-03-26',15),
(2086,'Villanueva Jiménez, Rafael',477,'2010-03-06',1),
(2087,'Guerrero García, Iván',477,'2010-05-16',2),
(2088,'Campos Suárez, Salvador',477,'2010-01-13',3),
(2089,'Muñoz Jiménez, Federico',477,'2010-09-26',4),
(2090,'Medina García, Mateo',477,'2010-06-06',5),
(2091,'Rodríguez Suárez, Eduardo',477,'2010-09-07',6),
(2092,'Ramírez Jiménez, Salvador',477,'2010-09-22',7),
(2093,'Valdés García, Alberto',477,'2010-02-22',8),
(2094,'Fernández Suárez, Isaac',477,'2010-08-03',9),
(2095,'Ramos Pérez, Aníbal',477,'2010-06-05',10),
(2096,'Álvarez Suárez, Hugo',477,'2010-11-09',11),
(2097,'Morales Jiménez, David',477,'2010-05-28',12),
(2098,'Herrera Fernández, Julián',477,'2010-11-15',13),
(2099,'Vega Suárez, Abel',477,'2010-11-11',14),
(2100,'Delgado Jiménez, Óscar',477,'2010-10-04',15),
(2101,'Paredes García, Santiago',478,'2010-12-21',1),
(2102,'Navarro Suárez, Nicolás',478,'2010-09-26',2),
(2103,'Hernández Jiménez, Ricardo',478,'2010-07-03',3),
(2104,'García Suárez, Gonzalo',478,'2010-11-20',4),
(2105,'Soto Jiménez, Moisés',478,'2010-02-06',5),
(2106,'Pacheco García, Adrián',478,'2010-05-16',6),
(2107,'Ríos Suárez, Cristian',478,'2010-05-09',7),
(2108,'Estrada Jiménez, Mateo',478,'2010-07-20',8),
(2109,'Pineda García, Marcos',478,'2010-10-11',9),
(2110,'Ramírez Suárez, Alberto',478,'2010-09-22',10),
(2111,'Robles Jiménez, Salvador',478,'2010-01-15',11),
(2112,'Ruiz Fernández, Emilio',478,'2010-02-06',12),
(2113,'Ortega Suárez, Francisco',478,'2010-08-07',13),
(2114,'Reyes Jiménez, Fabio',478,'2010-11-27',14),
(2115,'Mejía García, Diego',478,'2010-05-01',15),
(2116,'Méndez Suárez, Samuel',479,'2010-06-14',1),
(2117,'Campos Jiménez, Hugo',479,'2010-09-25',2),
(2118,'Villalobos García, Manuel',479,'2010-08-26',3),
(2119,'Cabrera Suárez, Jaime',479,'2010-05-10',4),
(2120,'López Jiménez, Víctor',479,'2010-05-26',5),
(2121,'Hernández Suárez, Pedro',479,'2010-06-26',6),
(2122,'Medina Jiménez, Elías',479,'2010-04-26',7),
(2123,'González García, Tomás',479,'2010-12-27',8),
(2124,'Sánchez Suárez, Ernesto',479,'2010-08-19',9),
(2125,'Valdés Jiménez, Emilio',479,'2010-09-22',10),
(2126,'Delgado García, Hernán',479,'2010-09-04',11),
(2127,'Pérez Suárez, Damián',479,'2010-06-07',12),
(2128,'Ortega Jiménez, Héctor',479,'2010-11-19',13),
(2129,'Herrera Suárez, Santiago',479,'2010-04-24',14),
(2130,'Castillo Jiménez, Julio',479,'2010-02-08',15),
(2131,'Vega Fernández, Rubén',480,'2010-04-20',1),
(2132,'Ramírez Suárez, Federico',480,'2010-08-02',2),
(2133,'Torres Jiménez, Ezequiel',480,'2010-04-23',3),
(2134,'Gutiérrez Suárez, Hugo',480,'2010-11-18',4),
(2135,'Varela Jiménez, Arturo',480,'2010-11-20',5),
(2136,'Cortés García, Elías',480,'2010-10-28',6),
(2137,'Esquivel Suárez, Manuel',480,'2010-01-14',7),
(2138,'Morales Jiménez, Iván',480,'2010-03-11',8),
(2139,'Palacios Fernández, Isaac',480,'2010-11-11',9),
(2140,'Rivas Suárez, Emiliano',480,'2010-12-03',10),
(2141,'Vargas Jiménez, Damián',480,'2010-03-23',11),
(2142,'Castillo García, Ignacio',480,'2010-03-26',12),
(2143,'Santiago Jiménez, Mateo',480,'2010-05-09',13),
(2144,'Gutiérrez García, Jorge',480,'2010-03-14',14),
(2145,'Ramos Suárez, Enrique',480,'2010-09-11',15),
(2146,'Cabrera Jiménez, Javier',481,'2010-08-03',1),
(2147,'Ponce García, Carlos',481,'2010-06-23',2),
(2148,'Valdez Suárez, José',481,'2010-03-07',3),
(2149,'Vega Jiménez, Mateo',481,'2010-10-22',4),
(2150,'Ávila García, Alberto',481,'2010-07-02',5),
(2151,'Márquez Suárez, Iván',481,'2010-01-20',6),
(2152,'González Jiménez, Tomás',481,'2010-12-24',7),
(2153,'Herrera García, Roberto',481,'2010-07-28',8),
(2154,'Palacios Suárez, Cristian',481,'2010-08-11',9),
(2155,'Morales Jiménez, Andrés',481,'2010-03-07',10),
(2156,'Sánchez García, Benjamín',481,'2010-10-22',11),
(2157,'Mendoza Suárez, David',481,'2010-12-27',12),
(2158,'López Jiménez, Guillermo',481,'2010-03-21',13),
(2159,'Roldán Suárez, Nicolás',481,'2010-07-02',14),
(2160,'Ortiz Suárez, Elian',481,'2010-11-10',15),
(2161,'Gutiérrez Jiménez, Fernando',482,'2010-09-26',1),
(2162,'Ramos García, Juan',482,'2010-12-07',2),
(2163,'Peña Jiménez, Santiago',482,'2010-06-25',3),
(2164,'Vargas Suárez, Mateo',482,'2010-12-28',4),
(2165,'Delgado Jiménez, Guillermo',482,'2010-02-27',5),
(2166,'Castillo García, Esteban',482,'2010-01-14',6),
(2167,'López Suárez, Tomás',482,'2010-02-08',7),
(2168,'Pérez Jiménez, Isaac',482,'2010-07-16',8),
(2169,'Soto Fernández, Gonzalo',482,'2010-06-24',9),
(2170,'Torres García, Daniel',482,'2010-11-09',10),
(2171,'Ramírez Suárez, Javier',482,'2010-04-25',11),
(2172,'Montes Jiménez, Elian',482,'2010-01-04',12),
(2173,'Padilla García, Samuel',482,'2010-08-08',13),
(2174,'Núñez Suárez, Emilio',482,'2010-12-21',14),
(2175,'Carrillo Jiménez, Jorge',482,'2010-04-03',15),
(2176,'Ramírez Jiménez, Fernando',483,'2010-01-02',1),
(2177,'Solís Suárez, Gabriel',483,'2010-10-15',2),
(2178,'Navarro Jiménez, Manuel',483,'2010-09-23',3),
(2179,'García Suárez, Mateo',483,'2010-02-24',4),
(2180,'Pérez Jiménez, Julián',483,'2010-04-08',5),
(2181,'Aguilar Fernández, Carlos',483,'2010-01-08',6),
(2182,'Martínez Suárez, Elías',483,'2010-01-12',7),
(2183,'Miranda Jiménez, Antonio',483,'2010-05-21',8),
(2184,'Padilla García, Iván',483,'2010-12-27',9),
(2185,'Muñoz Suárez, David',483,'2010-12-05',10),
(2186,'Gálvez García, Rafael',483,'2010-04-05',11),
(2187,'Delgado Suárez, Martín',483,'2010-04-26',12),
(2188,'Vega Jiménez, César',483,'2010-12-12',13),
(2189,'Morales García, Mario',483,'2010-10-10',14),
(2190,'Núñez Jiménez, Mateo',483,'2010-02-20',15),
(2191,'Roldán García, Luis',484,'2010-08-25',1),
(2192,'Vargas García, Eduardo',484,'2010-02-08',2),
(2193,'Gómez Suárez, Benjamín',484,'2010-03-23',3),
(2194,'Ortega Jiménez, José',484,'2010-11-14',4),
(2195,'Pérez García, Iván',484,'2010-10-28',5),
(2196,'Guerrero Suárez, Sergio',484,'2010-08-10',6),
(2197,'Montes Jiménez, Samuel',484,'2010-09-19',7),
(2198,'Muñoz García, Guillermo',484,'2010-08-18',8),
(2199,'Solís Suárez, Federico',484,'2010-05-27',9),
(2200,'Gómez Jiménez, Luis',484,'2010-10-06',10),
(2201,'Padilla García, Raúl',484,'2010-06-18',11),
(2202,'Aguilar Suárez, Mario',484,'2010-09-26',12),
(2203,'Castillo Jiménez, Rubén',484,'2010-11-21',13),
(2204,'Vargas Suárez, Alejandro',484,'2010-07-23',14),
(2205,'Herrera Jiménez, Emilio',484,'2010-01-23',15),
(2206,'Martínez Suárez, Pablo',485,'2010-09-09',1),
(2207,'Vega García, Salvador',485,'2010-12-09',2),
(2208,'Mora Jiménez, Eduardo',485,'2010-11-14',3),
(2209,'Rivas Suárez, Francisco',485,'2010-04-02',4),
(2210,'Delgado García, Cristian',485,'2010-02-24',5),
(2211,'Santiago Jiménez, Jorge',485,'2010-10-07',6),
(2212,'Soto Suárez, Andrés',485,'2010-03-06',7),
(2213,'Morales Jiménez, Guillermo',485,'2010-06-24',8),
(2214,'Ramírez García, Adrián',485,'2010-09-06',9),
(2215,'Ortiz Suárez, Ezequiel',485,'2010-02-15',10),
(2216,'Gutiérrez Jiménez, Samuel',485,'2010-03-27',11),
(2217,'Campos García, Mauricio',485,'2010-02-26',12),
(2218,'Figueroa Suárez, Roberto',485,'2010-11-14',13),
(2219,'Ramos Jiménez, Federico',485,'2010-10-17',14),
(2220,'Peña García, Alfredo',485,'2010-09-06',15),
(2221,'Cabrera Jiménez, Salvador',486,'2010-04-24',1),
(2222,'Álvarez Suárez, Fernando',486,'2010-06-01',2),
(2223,'Santiago García, Héctor',486,'2010-02-25',3),
(2224,'Castillo Suárez, Tomás',486,'2010-04-19',4),
(2225,'Campos Jiménez, Enrique',486,'2010-10-14',5),
(2226,'López Suárez, Andrés',486,'2010-11-17',6),
(2227,'Gutiérrez Jiménez, Pablo',486,'2010-02-27',7),
(2228,'Castillo García, Ezequiel',486,'2010-05-10',8),
(2229,'Romero Suárez, Carlos',486,'2010-11-12',9),
(2230,'Pérez Jiménez, Álvaro',486,'2010-05-25',10),
(2231,'Gálvez García, Ricardo',486,'2010-02-27',11),
(2232,'Vargas Suárez, Rodrigo',486,'2010-02-28',12),
(2233,'González Jiménez, Federico',486,'2010-09-25',13),
(2234,'Montes García, Mario',486,'2010-08-16',14),
(2235,'Salazar Suárez, Héctor',486,'2010-07-10',15),
(2236,'Padilla Jiménez, César',487,'2010-04-22',1),
(2237,'Figueroa García, Eduardo',487,'2010-03-21',2),
(2238,'Reyes Suárez, Marcos',487,'2010-04-09',3),
(2239,'Morales Jiménez, Alfredo',487,'2010-11-23',4),
(2240,'Delgado Suárez, Isaac',487,'2010-12-07',5),
(2241,'Gutiérrez García, Emiliano',487,'2010-10-27',6),
(2242,'Vega Jiménez, Andrés',487,'2010-10-22',7),
(2243,'Ruiz García, Elías',487,'2010-03-26',8),
(2244,'Herrera Suárez, Roberto',487,'2010-07-04',9),
(2245,'Campos Jiménez, Sebastián',487,'2010-02-23',10),
(2246,'Ponce García, Mauricio',487,'2010-04-16',11),
(2247,'Aguilar Jiménez, Nicolás',487,'2010-12-01',12),
(2248,'Guerrero Suárez, Iván',487,'2010-12-01',13),
(2249,'Ramírez Jiménez, David',487,'2010-03-08',14),
(2250,'Ramos García, Antonio',487,'2010-12-09',15),
(2251,'López Suárez, Martín',488,'2010-01-23',1),
(2252,'Núñez Jiménez, Emiliano',488,'2010-09-17',2),
(2253,'Santiago Suárez, Luis',488,'2010-12-04',3),
(2254,'Vargas Jiménez, Gabriel',488,'2010-12-27',4),
(2255,'Ramos García, Raúl',488,'2010-05-23',5),
(2256,'Peña Jiménez, Joaquín',488,'2010-12-14',6),
(2257,'Delgado Suárez, Ricardo',488,'2010-09-03',7),
(2258,'Padilla Jiménez, Sebastián',488,'2010-10-05',8),
(2259,'Valdés Suárez, Federico',488,'2010-10-03',9),
(2260,'Cortés Jiménez, Hugo',488,'2010-11-19',10),
(2261,'Paredes García, Carlos',488,'2010-05-03',11),
(2262,'Reyes Suárez, Pedro',488,'2010-05-20',12),
(2263,'Ramírez Jiménez, Martín',488,'2010-11-25',13),
(2264,'Vega García, Emilio',488,'2010-11-20',14),
(2265,'Valdez Jiménez, Rodrigo',488,'2010-03-23',15),
(2266,'Fernández Suárez, Adrián',489,'2010-02-17',1),
(2267,'Morales Jiménez, Esteban',489,'2010-04-23',2),
(2268,'Álvarez García, Santiago',489,'2010-07-22',3),
(2269,'Roldán Suárez, Iván',489,'2010-09-02',4),
(2270,'Castillo García, Francisco',489,'2010-03-05',5),
(2271,'Gutiérrez Suárez, Emilio',489,'2010-05-20',6),
(2272,'Ríos Jiménez, Rubén',489,'2010-05-13',7),
(2273,'Pérez García, Héctor',489,'2010-05-17',8),
(2274,'Torres Suárez, Alejandro',489,'2010-02-12',9),
(2275,'Figueroa Jiménez, Abel',489,'2010-01-09',10),
(2276,'Vargas García, Felipe',489,'2010-08-11',11),
(2277,'Solís Jiménez, Adrián',489,'2010-05-25',12),
(2278,'Márquez Suárez, Emilio',489,'2010-07-28',13),
(2279,'Vega García, Rubén',489,'2010-09-16',14),
(2280,'Campos Suárez, Ezequiel',489,'2010-09-17',15),
(2281,'Padilla Jiménez, Raúl',490,'2010-06-12',1),
(2282,'Carranza Suárez, Abel',490,'2010-04-04',2),
(2283,'Núñez García, Jesús',490,'2010-09-28',3),
(2284,'Ramos Suárez, Elías',490,'2010-12-18',4),
(2285,'Gutiérrez Jiménez, Santiago',490,'2010-06-12',5),
(2286,'Mora Suárez, Luis',490,'2010-04-22',6),
(2287,'Medina García, Adrián',490,'2010-10-26',7),
(2288,'Robles Suárez, Mateo',490,'2010-07-06',8),
(2289,'Gómez Jiménez, Francisco',490,'2010-09-03',9),
(2290,'Paredes García, Manuel',490,'2010-11-12',10),
(2291,'Vargas Suárez, Cristian',490,'2010-06-25',11),
(2292,'Herrera Jiménez, Miguel',490,'2010-06-01',12),
(2293,'Pérez García, Elian',490,'2010-03-08',13),
(2294,'López Suárez, Sergio',490,'2010-03-08',14),
(2295,'Medina Jiménez, Rubén',490,'2010-03-04',15),
(2296,'Solís García, Adrián',491,'2010-03-22',1),
(2297,'Ramírez Suárez, Juan',491,'2010-09-13',2),
(2298,'Carranza Jiménez, Alejandro',491,'2010-09-08',3),
(2299,'Santiago García, Mateo',491,'2010-04-02',4),
(2300,'López Suárez, Hugo',491,'2010-03-16',5),
(2301,'Campos Jiménez, Nicolás',491,'2010-12-19',6),
(2302,'Vega García, Francisco',491,'2010-08-02',7),
(2303,'Pérez Jiménez, Rodrigo',491,'2010-12-14',8),
(2304,'Ramírez Suárez, Luis',491,'2010-07-19',9),
(2305,'Mendoza Jiménez, Tomás',491,'2010-02-05',10),
(2306,'Gómez García, César',491,'2010-09-18',11),
(2307,'Morales Suárez, Héctor',491,'2010-04-04',12),
(2308,'García Jiménez, Gabriel',491,'2010-01-12',13),
(2309,'Vargas Suárez, Manuel',491,'2010-08-15',14),
(2310,'Ramos Jiménez, Enrique',491,'2010-07-11',15),
(2311,'Campos García, Raúl',492,'2010-03-08',1),
(2312,'Pérez Jiménez, Emiliano',492,'2010-12-04',2),
(2313,'Márquez Suárez, Santiago',492,'2010-01-23',3),
(2314,'Vega Jiménez, Adrián',492,'2010-11-21',4),
(2315,'Martínez García, Salvador',492,'2010-10-25',5),
(2316,'Rodríguez Suárez, Adrián',492,'2010-08-25',6),
(2317,'Ramírez Jiménez, Pablo',492,'2010-12-18',7),
(2318,'Aguilar Suárez, Abel',492,'2010-11-16',8),
(2319,'Pérez García, Mauricio',492,'2010-12-04',9),
(2320,'Hernández Jiménez, Iván',492,'2010-09-21',10),
(2321,'Gutiérrez Suárez, Luis',492,'2010-10-22',11),
(2322,'Delgado Jiménez, Carlos',492,'2010-01-07',12),
(2323,'Castillo Suárez, Raúl',492,'2010-02-21',13),
(2324,'Torres Jiménez, Mateo',492,'2010-08-12',14),
(2325,'Ramírez García, Manuel',492,'2010-11-01',15),
(2326,'Pacheco Suárez, Mario',493,'2010-12-05',1),
(2327,'Gutiérrez Jiménez, Gabriel',493,'2010-09-18',2),
(2328,'Carranza García, Iván',493,'2010-03-10',3),
(2329,'Núñez Suárez, Alberto',493,'2010-04-20',4),
(2330,'Valdés Jiménez, Adrián',493,'2010-07-20',5),
(2331,'Álvarez García, Guillermo',493,'2010-01-08',6),
(2332,'Soto Suárez, Jesús',493,'2010-03-03',7),
(2333,'Ortiz Jiménez, Santiago',493,'2010-07-18',8),
(2334,'Paredes García, Abelardo',493,'2010-02-21',9),
(2335,'Reyes Jiménez, Andrés',493,'2010-04-02',10),
(2336,'Vega Jiménez, Antonio',493,'2010-02-03',11),
(2337,'Martínez Jiménez, Alejandro',493,'2010-08-06',12),
(2338,'Robles García, Tomás',493,'2010-05-13',13),
(2339,'Gutiérrez Suárez, Sergio',493,'2010-02-09',14),
(2340,'López Jiménez, Joaquín',493,'2010-03-01',15),
(2341,'Vargas Suárez, Emilio',494,'2010-03-25',1),
(2342,'Roldán García, Mauricio',494,'2010-08-21',2),
(2343,'Ramírez Jiménez, Alejandro',494,'2010-07-06',3),
(2344,'Ponce Suárez, Rafael',494,'2010-06-14',4),
(2345,'Mora García, Javier',494,'2010-11-27',5),
(2346,'Martínez Jiménez, Felipe',494,'2010-11-08',6),
(2347,'González Suárez, Ignacio',494,'2010-07-06',7),
(2348,'Vargas García, Emiliano',494,'2010-08-18',8),
(2349,'Reyes Jiménez, Federico',494,'2010-09-23',9),
(2350,'Salazar Suárez, Hugo',494,'2010-07-15',10),
(2351,'Torres García, Emilio',494,'2010-11-11',11),
(2352,'Vega Suárez, Alejandro',494,'2010-05-27',12),
(2353,'Herrera Jiménez, César',494,'2010-06-26',13),
(2354,'Santiago García, Isaac',494,'2010-11-28',14),
(2355,'Delgado Jiménez, Adrián',494,'2010-10-10',15),
(2356,'Padilla Suárez, Luis',495,'2010-06-10',1),
(2357,'Márquez Suárez, Jesús',495,'2010-10-25',2),
(2358,'Ramírez García, Sergio',495,'2010-07-22',3),
(2359,'Valdés Suárez, Emilio',495,'2010-10-25',4),
(2360,'Núñez Jiménez, Federico',495,'2010-07-14',5),
(2361,'Hernández García, Alejandro',495,'2010-01-20',6),
(2362,'Robles Suárez, Héctor',495,'2010-10-28',7),
(2363,'Vargas Jiménez, Rodrigo',495,'2010-03-26',8),
(2364,'Campos Suárez, Jorge',495,'2010-04-20',9),
(2365,'Vega García, Eduardo',495,'2010-01-18',10),
(2366,'Delgado Jiménez, Gabriel',495,'2010-07-25',11),
(2367,'Pérez Suárez, Emilio',495,'2010-11-16',12),
(2368,'Roldán Jiménez, Ezequiel',495,'2010-06-27',13),
(2369,'Morales García, Alfredo',495,'2010-02-11',14),
(2370,'Núñez Suárez, David',495,'2010-08-06',15),
(2371,'Medina Jiménez, Adrián',496,'2010-11-16',1),
(2372,'Cortés García, Santiago',496,'2010-06-21',2),
(2373,'Vargas Suárez, Andrés',496,'2010-11-25',3),
(2374,'López Jiménez, César',496,'2010-07-25',4),
(2375,'Carranza García, Emiliano',496,'2010-12-02',5),
(2376,'Soto Suárez, Rubén',496,'2010-09-05',6),
(2377,'Campos Jiménez, Eduardo',496,'2010-02-01',7),
(2378,'Pérez García, Abel',496,'2010-05-18',8),
(2379,'Valdés Suárez, Alfredo',496,'2010-04-14',9),
(2380,'Ramírez Jiménez, Ezequiel',496,'2010-07-15',10),
(2381,'Solís García, Mateo',496,'2010-09-20',11),
(2382,'Guerrero Suárez, Raúl',496,'2010-02-28',12),
(2383,'Padilla Jiménez, Federico',496,'2010-09-11',13),
(2384,'Vargas Suárez, Joaquín',496,'2010-01-24',14),
(2385,'Delgado Jiménez, Sebastián',496,'2010-11-18',15),
(2386,'Mora García, Alfredo',497,'2010-11-11',1),
(2387,'Campos Suárez, César',497,'2010-02-27',2),
(2388,'Gutiérrez Jiménez, Julián',497,'2010-10-07',3),
(2389,'Martínez García, Guillermo',497,'2010-05-26',4),
(2390,'Medina Suárez, Mateo',497,'2010-12-09',5),
(2391,'Martínez García, Nicolás',497,'2010-01-02',6),
(2392,'Ortiz Jiménez, Mauricio',497,'2010-12-26',7),
(2393,'Paredes Suárez, Isaac',497,'2010-09-28',8),
(2394,'Vega García, Federico',497,'2010-11-18',9),
(2395,'Solís Jiménez, Iván',497,'2010-11-11',10),
(2396,'Gutiérrez Suárez, Alfredo',497,'2010-04-25',11),
(2397,'Reyes Jiménez, Guillermo',497,'2010-09-21',12),
(2398,'Paredes García, Alejandro',497,'2010-06-13',13),
(2399,'Roldán Suárez, Juan',497,'2010-09-28',14),
(2400,'Mora Suárez, Jorge',497,'2010-01-03',15),
(2401,'Carranza Jiménez, Adrián',498,'2010-01-18',1),
(2402,'Pineda García, Gabriel',498,'2010-05-03',2),
(2403,'Figueroa Suárez, Alfredo',498,'2010-04-21',3),
(2404,'Padilla Jiménez, Iván',498,'2010-07-14',4),
(2405,'García Jiménez, Mauricio',498,'2010-09-13',5),
(2406,'Vega Suárez, Francisco',498,'2010-11-15',6),
(2407,'Ramírez García, Joaquín',498,'2010-05-24',7),
(2408,'Sánchez Suárez, Mario',498,'2010-01-08',8),
(2409,'Núñez Jiménez, Rubén',498,'2010-04-10',9),
(2410,'Martínez García, Fernando',498,'2010-07-01',10),
(2411,'Ortiz Suárez, Felipe',498,'2010-02-06',11),
(2412,'Guerrero Jiménez, Mateo',498,'2010-08-01',12),
(2413,'Padilla Suárez, Eduardo',498,'2010-09-20',13),
(2414,'Carranza Jiménez, Marcos',498,'2010-04-14',14),
(2415,'Pérez García, Alfredo',498,'2010-08-12',15),
(2416,'Vargas Jiménez, Julio',499,'2010-02-16',1),
(2417,'Padilla García, Martín',499,'2010-04-18',2),
(2418,'Mora Suárez, Francisco',499,'2010-10-18',3),
(2419,'Cortés Jiménez, Mauricio',499,'2010-11-06',4),
(2420,'Santiago García, Felipe',499,'2010-06-12',5),
(2421,'Vega Suárez, Emilio',499,'2010-02-11',6),
(2422,'Figueroa Jiménez, Francisco',499,'2010-10-04',7),
(2423,'Carranza García, Jorge',499,'2010-08-16',8),
(2424,'Ramírez Suárez, Abel',499,'2010-08-23',9),
(2425,'Delgado Jiménez, Federico',499,'2010-12-17',10),
(2426,'Valdés García, Rubén',499,'2010-11-13',11),
(2427,'Vargas Jiménez, Juan',499,'2010-10-16',12),
(2428,'Mora Suárez, David',499,'2010-02-26',13),
(2429,'Paredes García, Abel',499,'2010-08-12',14),
(2430,'Ramírez Jiménez, Mario',499,'2010-10-20',15),
(2431,'Guerrero Suárez, Federico',500,'2010-08-07',1),
(2432,'Santiago García, Andrés',500,'2010-01-25',2),
(2433,'Ortiz Suárez, Alejandro',500,'2010-09-08',3),
(2434,'Vargas Jiménez, Santiago',500,'2010-05-02',4),
(2435,'Mora García, Antonio',500,'2010-05-19',5),
(2436,'Campos Jiménez, Miguel',500,'2010-10-12',6),
(2437,'Ramírez García, Mateo',500,'2010-06-08',7),
(2438,'Carranza Jiménez, Iván',500,'2010-04-19',8),
(2439,'Medina García, Abelardo',500,'2010-08-08',9),
(2440,'Campos Jiménez, Gabriel',500,'2010-07-06',10),
(2441,'Mora García, Fernando',500,'2010-04-07',11),
(2442,'Carranza Suárez, Mateo',500,'2010-01-21',12),
(2443,'Santiago Jiménez, Rubén',500,'2010-04-05',13),
(2444,'Vega Suárez, Luis',500,'2010-06-19',14),
(2445,'Padilla Suárez, Francisco',500,'2010-08-28',15),
(2446,'Mora Jiménez, Andrés',501,'2010-01-03',1),
(2447,'Paredes García, Rodrigo',501,'2010-03-17',2),
(2448,'Ramírez Jiménez, Julián',501,'2010-06-06',3),
(2449,'Medina García, Rafael',501,'2010-03-16',4),
(2450,'Pérez Suárez, Rubén',501,'2010-12-22',5),
(2451,'Ramírez Jiménez, Gabriel',501,'2010-12-28',6),
(2452,'Guerrero Suárez, Pedro',501,'2010-07-01',7),
(2453,'Ortiz Suárez, Rodrigo',501,'2010-07-07',8),
(2454,'Vargas Jiménez, Abel',501,'2010-09-26',9),
(2455,'Mora Suárez, Gabriel',501,'2010-12-19',10),
(2456,'Campos García, Sergio',501,'2010-12-19',11),
(2457,'Paredes Suárez, Mario',501,'2010-11-23',12),
(2458,'Figueroa Jiménez, Nicolás',501,'2010-09-10',13),
(2459,'Carranza Suárez, Raúl',501,'2010-11-03',14),
(2460,'Medina Jiménez, Juan',501,'2010-08-09',15),
(2461,'Vargas García, César',502,'2010-03-26',1),
(2462,'Ramírez Suárez, Isaac',502,'2010-05-20',2),
(2463,'Santiago García, Alfredo',502,'2010-03-12',3),
(2464,'Vega Jiménez, Tomás',502,'2010-06-09',4),
(2465,'Mora García, Samuel',502,'2010-02-20',5),
(2466,'Vargas Suárez, Rubén',502,'2010-08-19',6),
(2467,'Ramírez Jiménez, Elías',502,'2010-11-10',7),
(2468,'Paredes García, Tomás',502,'2010-09-08',8),
(2469,'Campos Suárez, Mateo',502,'2010-09-11',9),
(2470,'Santiago Jiménez, Sergio',502,'2010-01-28',10),
(2471,'Vega Suárez, Adrián',502,'2010-11-22',11),
(2472,'Guerrero Jiménez, Alejandro',502,'2010-05-02',12),
(2473,'Santiago García, Juan',502,'2010-03-07',13),
(2474,'Ortiz Suárez, Mauricio',502,'2010-09-11',14),
(2475,'Vargas Jiménez, Alejandro',502,'2010-03-04',15),
(2476,'Paredes Suárez, Emiliano',503,'2010-04-03',1),
(2477,'Ramírez Jiménez, Isaac',503,'2010-10-26',2),
(2478,'Delgado García, Mario',503,'2010-08-05',3),
(2479,'Vega Suárez, Benjamín',503,'2010-06-04',4),
(2480,'Vargas Jiménez, Samuel',503,'2010-08-08',5),
(2481,'Santiago García, Rafael',503,'2010-10-22',6),
(2482,'Guerrero Suárez, Hugo',503,'2010-09-16',7),
(2483,'Vega Jiménez, David',503,'2010-02-19',8),
(2484,'Mora García, Luis',503,'2010-06-12',9),
(2485,'Santiago Jiménez, Fernando',503,'2010-02-08',10),
(2486,'Ramírez Jiménez, Luis',503,'2010-10-17',11),
(2487,'Santiago García, Cristian',503,'2010-09-18',12),
(2488,'Paredes Jiménez, Federico',503,'2010-09-25',13),
(2489,'Vega Suárez, Emiliano',503,'2010-03-12',14),
(2490,'Santiago Jiménez, Salvador',503,'2010-04-18',15),
(2491,'Guerrero García, Adrián',504,'2010-12-09',1),
(2492,'Santiago Suárez, Mateo',504,'2010-12-24',2),
(2493,'Vargas Jiménez, Rubén',504,'2010-09-17',3),
(2494,'Paredes Suárez, Rubén',504,'2010-02-06',4),
(2495,'Campos García, Abel',504,'2010-03-11',5),
(2496,'Santiago Suárez, Hugo',504,'2010-05-14',6),
(2497,'Vega Jiménez, Emilio',504,'2010-05-05',7),
(2498,'Vargas García, Alfredo',504,'2010-07-13',8),
(2499,'Vega Jiménez, Alfredo',504,'2010-06-04',9),
(2500,'Santiago García, Rubén',504,'2010-01-16',10),
(2501,'Vargas Suárez, Alfredo',504,'2010-12-14',11),
(2502,'Ramírez Jiménez, Iván',504,'2010-03-22',12),
(2503,'Paredes Suárez, David',504,'2010-02-11',13),
(2504,'Santiago Jiménez, Federico',504,'2010-10-25',14),
(2505,'Guerrero Suárez, Mateo',504,'2010-11-11',15),
(2506,'Santiago García, Emilio',505,'2010-05-03',1),
(2507,'Vargas Jiménez, Adrián',505,'2010-07-19',2),
(2508,'Mora Suárez, Alejandro',505,'2010-06-19',3),
(2509,'Campos Suárez, Abelardo',505,'2010-11-18',4),
(2510,'Santiago Jiménez, David',505,'2010-09-02',5),
(2511,'Vega García, Iván',505,'2010-08-06',6),
(2512,'Santiago García, Adrián',505,'2010-08-03',7),
(2513,'Guerrero Jiménez, Samuel',505,'2010-11-04',8),
(2514,'Santiago Suárez, Elías',505,'2010-01-27',9),
(2515,'Vega Jiménez, Gabriel',505,'2010-01-13',10),
(2516,'Mora García, Eduardo',505,'2010-07-15',11),
(2517,'Vargas Suárez, Daniel',505,'2010-01-03',12),
(2518,'Ramírez Jiménez, Benjamín',505,'2010-04-05',13),
(2519,'Santiago Jiménez, Tomás',505,'2010-02-22',14),
(2520,'Paredes Suárez, Alfredo',505,'2010-01-06',15),
(2521,'Vega Suárez, Federico',506,'2010-04-08',1),
(2522,'Guerrero Jiménez, Luis',506,'2010-02-13',2),
(2523,'Santiago Suárez, Jorge',506,'2010-07-02',3),
(2524,'Vargas García, Sebastián',506,'2010-12-07',4),
(2525,'Mora Suárez, Julio',506,'2010-05-23',5),
(2526,'Ramírez Jiménez, Mateo',506,'2010-05-15',6),
(2527,'Campos Suárez, Alfredo',506,'2010-01-13',7),
(2528,'Vega Jiménez, Martín',506,'2010-03-03',8),
(2529,'Santiago Jiménez, Alejandro',506,'2010-06-23',9),
(2530,'Guerrero Suárez, José',506,'2010-07-13',10),
(2531,'Vega Jiménez, Mario',506,'2010-01-09',11),
(2532,'Mora Suárez, Federico',506,'2010-08-13',12),
(2533,'Santiago García, Tomás',506,'2010-04-04',13),
(2534,'Santiago García, Mauricio',506,'2010-01-27',14),
(2535,'Paredes Suárez, Samuel',506,'2010-10-08',15),
(2536,'Vega Jiménez, Elías',507,'2010-09-15',1),
(2537,'Santiago Jiménez, José',507,'2010-09-23',2),
(2538,'Guerrero García, Antonio',507,'2010-12-05',3),
(2539,'Santiago Suárez, Rubén',507,'2010-06-08',4),
(2540,'Vargas Jiménez, David',507,'2010-10-01',5),
(2541,'Santiago Jiménez, Iván',507,'2010-12-27',6),
(2542,'Paredes García, Jesús',507,'2010-11-09',7),
(2543,'Ramírez Jiménez, Emiliano',507,'2010-05-17',8),
(2544,'Campos Suárez, Julio',507,'2010-02-14',9),
(2545,'Santiago García, Hugo',507,'2010-01-11',10),
(2546,'Vega Suárez, Mario',507,'2010-10-21',11),
(2547,'Vargas García, Federico',507,'2010-01-07',12),
(2548,'Santiago Jiménez, Rafael',507,'2010-06-24',13),
(2549,'Guerrero Suárez, Julio',507,'2010-02-25',14),
(2550,'Santiago García, Sebastián',507,'2010-11-21',15),
(2551,'Vega Jiménez, Federico',508,'2010-01-26',1),
(2552,'Mora Suárez, Mauricio',508,'2010-02-15',2),
(2553,'Santiago García, Manuel',508,'2010-08-03',3),
(2554,'Vargas Suárez, Mario',508,'2010-02-12',4),
(2555,'Ramírez Jiménez, Julio',508,'2010-10-04',5),
(2556,'Santiago Jiménez, Enrique',508,'2010-04-04',6),
(2557,'Paredes Suárez, Raúl',508,'2010-01-28',7),
(2558,'Vega Jiménez, Santiago',508,'2010-05-23',8),
(2559,'Santiago García, Daniel',508,'2010-11-16',9),
(2560,'Guerrero Suárez, Alejandro',508,'2010-08-12',10),
(2561,'Santiago Suárez, Francisco',508,'2010-10-25',11),
(2562,'Vargas Jiménez, Alfredo',508,'2010-01-27',12),
(2563,'Santiago Jiménez, Marcos',508,'2010-05-28',13),
(2564,'Paredes García, Sergio',508,'2010-08-13',14),
(2565,'Campos Suárez, David',508,'2010-10-10',15),
(2566,'Vega Suárez, Salvador',509,'2010-10-12',1),
(2567,'Vargas García, Enrique',509,'2010-05-08',2),
(2568,'Santiago Jiménez, Rodrigo',509,'2010-09-15',3),
(2569,'Guerrero Suárez, Fernando',509,'2010-02-17',4),
(2570,'Santiago García, Damián',509,'2010-02-24',5),
(2571,'Mora Suárez, Andrés',509,'2010-05-25',6),
(2572,'Santiago García, Elías',509,'2010-12-07',7),
(2573,'Vargas Suárez, Juan',509,'2010-08-16',8),
(2574,'Santiago Jiménez, Hugo',509,'2010-04-02',9),
(2575,'Vega Jiménez, Luis',509,'2010-04-05',10),
(2576,'Santiago García, Jorge',509,'2010-01-28',11),
(2577,'Guerrero Suárez, Samuel',509,'2010-06-07',12),
(2578,'Santiago Suárez, Rodrigo',509,'2010-04-12',13),
(2579,'Vargas Jiménez, Mario',509,'2010-07-10',14),
(2580,'Mora García, Julio',509,'2010-09-10',15),
(2581,'Santiago Jiménez, Gabriel',510,'2010-06-20',1),
(2582,'Paredes García, Javier',510,'2010-05-10',2),
(2583,'Campos Suárez, José',510,'2010-06-10',3),
(2584,'Santiago García, Marcos',510,'2010-12-03',4),
(2585,'Vega Suárez, Elías',510,'2010-06-05',5),
(2586,'Vargas García, Mauricio',510,'2010-05-22',6),
(2587,'Guerrero Suárez, Abelardo',510,'2010-07-19',7),
(2588,'Vega Jiménez, Juan',510,'2010-12-03',8),
(2589,'Mora Suárez, Benjamín',510,'2010-02-19',9),
(2590,'Santiago García, Antonio',510,'2010-01-15',10),
(2591,'Vargas Suárez, Enrique',510,'2010-07-13',11),
(2592,'Ramírez Jiménez, Mauricio',510,'2010-10-12',12),
(2593,'Santiago Jiménez, Ezequiel',510,'2010-06-13',13),
(2594,'Paredes Suárez, Elías',510,'2010-05-16',14),
(2595,'Vega Jiménez, Marcos',510,'2010-09-03',15),
(2596,'Santiago García, Pablo',511,'2010-09-24',1),
(2597,'Guerrero Suárez, Gabriel',511,'2010-09-13',2),
(2598,'Santiago Suárez, Adrián',511,'2010-01-15',3),
(2599,'Vargas Jiménez, Federico',511,'2010-04-20',4),
(2600,'Mora García, Damián',511,'2010-10-08',5),
(2601,'Paredes García, Adrián',511,'2010-11-28',6),
(2602,'Ramírez Jiménez, Alfredo',511,'2010-07-15',7),
(2603,'Campos Suárez, Martín',511,'2010-11-07',8),
(2604,'Santiago García, Francisco',511,'2010-01-28',9),
(2605,'Vega Suárez, Santiago',511,'2010-08-11',10),
(2606,'Vargas García, Elías',511,'2010-07-17',11),
(2607,'Guerrero Suárez, Luis',511,'2010-01-26',12),
(2608,'Santiago García, Iván',511,'2010-07-25',13),
(2609,'Vega Jiménez, Eduardo',511,'2010-03-13',14),
(2610,'Mora Suárez, Hugo',511,'2010-12-14',15),
(2611,'Santiago García, José',512,'2010-11-24',1),
(2612,'Vargas Suárez, Salvador',512,'2010-06-24',2),
(2613,'Ramírez Jiménez, Santiago',512,'2010-05-25',3),
(2614,'Santiago Jiménez, Abel',512,'2010-10-04',4),
(2615,'Paredes Suárez, Marcos',512,'2010-05-13',5),
(2616,'Santiago García, Federico',512,'2010-03-18',6),
(2617,'Guerrero Suárez, Enrique',512,'2010-01-27',7),
(2618,'Santiago Suárez, David',512,'2010-08-10',8),
(2619,'Mora García, Manuel',512,'2010-03-24',9),
(2620,'Santiago Jiménez, Francisco',512,'2010-04-27',10),
(2621,'Paredes García, Luis',512,'2010-11-07',11),
(2622,'Ramírez Jiménez, Juan',512,'2010-04-06',12),
(2623,'Campos Suárez, Adrián',512,'2010-01-07',13),
(2624,'Santiago García, Gabriel',512,'2010-12-06',14),
(2625,'Vega Suárez, Mauricio',512,'2010-09-02',15),
(2626,'Vargas García, Rubén',513,'2010-12-10',1),
(2627,'Santiago Jiménez, Manuel',513,'2010-01-20',2),
(2628,'Guerrero Suárez, Tomás',513,'2010-01-24',3),
(2629,'Santiago García, Carlos',513,'2010-04-05',4),
(2630,'Mora Suárez, Mateo',513,'2010-04-25',5),
(2631,'Santiago García, Guillermo',513,'2010-07-13',6),
(2632,'Vargas Suárez, Samuel',513,'2010-09-16',7),
(2633,'Ramírez Jiménez, Daniel',513,'2010-02-19',8),
(2634,'Santiago Jiménez, Martín',513,'2010-02-01',9),
(2635,'Paredes Suárez, Sergio',513,'2010-07-02',10),
(2636,'Santiago García, Rodrigo',513,'2010-08-26',11),
(2637,'Guerrero Suárez, Emiliano',513,'2010-04-07',12),
(2638,'Santiago Suárez, Mauricio',513,'2010-11-07',13),
(2639,'Vargas Jiménez, Antonio',513,'2010-05-28',14),
(2640,'Mora García, Emilio',513,'2010-06-25',15),
(2641,'Santiago Jiménez, Abelardo',514,'2010-02-13',1),
(2642,'Ramírez Jiménez, Carlos',514,'2010-02-18',2),
(2643,'Campos Suárez, Hugo',514,'2010-11-28',3),
(2644,'Santiago García, Esteban',514,'2010-11-12',4),
(2645,'Vargas García, Sergio',514,'2010-02-25',5),
(2646,'Soto Ramírez, Esteban',514,'2010-08-20',6),
(2647,'Vega Jiménez, Arturo',514,'2010-02-07',7),
(2648,'Morales García, Rodrigo',514,'2010-06-01',8),
(2649,'Ríos Suárez, Leonardo',514,'2010-02-07',9),
(2650,'Valdez Jiménez, Marcos',514,'2010-01-08',10),
(2651,'Gutiérrez Suárez, Carlos',514,'2010-03-02',11),
(2652,'Herrera Jiménez, Diego',514,'2010-06-13',12),
(2653,'Mendoza García, Fernando',514,'2010-05-19',13),
(2654,'Soto Suárez, Alfredo',514,'2010-10-15',14),
(2655,'Guzmán Jiménez, Santiago',514,'2010-10-05',15),
(2656,'Navarro Fernández, Alejandro',515,'2010-04-14',1),
(2657,'Ramírez Suárez, Víctor',515,'2010-02-24',2),
(2658,'Ortiz Jiménez, Miguel',515,'2010-05-15',3),
(2659,'Morales Suárez, Adrián',515,'2010-03-18',4),
(2660,'Vargas Jiménez, Guillermo',515,'2010-04-12',5),
(2661,'Delgado García, Benjamín',515,'2010-11-25',6),
(2662,'Soto Suárez, Alejandro',515,'2010-03-15',7),
(2663,'López Jiménez, Fernando',515,'2010-10-12',8),
(2664,'Guerrero Fernández, Raúl',515,'2010-10-04',9),
(2665,'Pérez Suárez, Iván',515,'2010-10-10',10),
(2666,'Varela Jiménez, Alfredo',515,'2010-11-02',11),
(2667,'Castro García, Hugo',515,'2010-10-25',12),
(2668,'Peña Suárez, Elías',515,'2010-09-17',13),
(2669,'Robles Jiménez, Mateo',515,'2010-04-19',14),
(2670,'Mendoza Fernández, Joaquín',515,'2010-06-12',15),
(2671,'Torres Suárez, Mario',516,'2010-06-08',1),
(2672,'Vega Jiménez, Ernesto',516,'2010-05-21',2),
(2673,'Rivas García, Martín',516,'2010-09-18',3),
(2674,'Rodríguez Suárez, Juan',516,'2010-08-14',4),
(2675,'Morales Jiménez, Carlos',516,'2010-12-22',5),
(2676,'Medina Jiménez, Roberto',516,'2010-04-12',6),
(2677,'Ramos García, César',516,'2010-02-26',7),
(2678,'Vázquez Suárez, Fernando',516,'2010-02-04',8),
(2679,'Hernández Jiménez, Pedro',516,'2010-12-17',9),
(2680,'Romero Fernández, José',516,'2010-12-06',10),
(2681,'Sánchez Suárez, Rodrigo',516,'2010-03-05',11),
(2682,'Gutiérrez Jiménez, Nicolás',516,'2010-02-13',12),
(2683,'Pacheco Suárez, Rafael',516,'2010-02-27',13),
(2684,'Márquez Jiménez, Benjamín',516,'2010-06-04',14),
(2685,'Ortega García, Antonio',516,'2010-08-11',15),
(2686,'Morales Suárez, Ricardo',517,'2010-12-11',1),
(2687,'Medina Jiménez, Mateo',517,'2010-04-18',2),
(2688,'Vargas Suárez, Javier',517,'2010-11-18',3),
(2689,'Herrera García, Mario',517,'2010-09-22',4),
(2690,'Soto Suárez, Federico',517,'2010-10-07',5),
(2691,'Ruiz Jiménez, Alejandro',517,'2010-09-05',6),
(2692,'Delgado García, Daniel',517,'2010-02-05',7),
(2693,'Ramírez Suárez, Manuel',517,'2010-11-09',8),
(2694,'Aguilar Jiménez, Emiliano',517,'2010-03-04',9),
(2695,'Pérez Suárez, Alejandro',517,'2010-03-27',10),
(2696,'Gutiérrez Suárez, Juan',517,'2010-08-21',11),
(2697,'López Jiménez, Alfredo',517,'2010-06-20',12),
(2698,'Morales García, Vicente',517,'2010-06-08',13),
(2699,'Hernández Suárez, Gustavo',517,'2010-12-19',14),
(2700,'Ortega Jiménez, Samuel',517,'2010-04-06',15),
(2701,'Vega García, Rafael',518,'2010-12-03',1),
(2702,'Castillo Suárez, Sergio',518,'2010-06-06',2),
(2703,'Pérez Jiménez, Pablo',518,'2010-09-22',3),
(2704,'Delgado García, Francisco',518,'2010-08-12',4),
(2705,'Vargas Suárez, Raúl',518,'2010-09-20',5),
(2706,'Torres Jiménez, Hugo',518,'2010-08-16',6),
(2707,'Mendoza García, Alberto',518,'2010-12-04',7),
(2708,'Morales Jiménez, Gabriel',518,'2010-12-07',8),
(2709,'Vega Jiménez, Carlos',518,'2010-11-18',9),
(2710,'Soto García, Andrés',518,'2010-05-09',10),
(2711,'Pacheco Suárez, Gabriel',518,'2010-05-03',11),
(2712,'Hernández Jiménez, Alfredo',518,'2010-03-02',12),
(2713,'Robles Fernández, Luis',518,'2010-11-26',13),
(2714,'Morales Suárez, Diego',518,'2010-11-20',14),
(2715,'Ortiz Jiménez, Federico',518,'2010-08-05',15),
(2716,'Varela García, Andrés',519,'2010-02-07',1),
(2717,'Rivas Suárez, Antonio',519,'2010-01-21',2),
(2718,'Mendoza Jiménez, César',519,'2010-10-15',3),
(2719,'Herrera Suárez, Alfredo',519,'2010-12-15',4),
(2720,'Navarro García, Joaquín',519,'2010-04-20',5),
(2721,'Morales Jiménez, Julio',519,'2010-02-08',6),
(2722,'Medina Suárez, José',519,'2010-12-12',7),
(2723,'Soto Jiménez, Hugo',519,'2010-02-06',8),
(2724,'Delgado García, Rodrigo',519,'2010-07-13',9),
(2725,'Vargas Suárez, David',519,'2010-03-08',10),
(2726,'Gutiérrez Jiménez, Alejandro',519,'2010-01-17',11),
(2727,'Morales García, Emiliano',519,'2010-12-24',12),
(2728,'Mendoza Suárez, Pedro',519,'2010-07-10',13),
(2729,'Torres García, Gabriel',519,'2010-05-11',14),
(2730,'Robles Suárez, Fernando',519,'2010-12-08',15),
(2731,'López Jiménez, Eduardo',520,'2010-08-09',1),
(2732,'Delgado García, Sergio',520,'2010-02-01',2),
(2733,'Soto Suárez, Ricardo',520,'2010-06-11',3),
(2734,'Gutiérrez Jiménez, Juan',520,'2010-07-20',4),
(2735,'Vázquez Suárez, Alfredo',520,'2010-08-26',5),
(2736,'Morales Jiménez, Alberto',520,'2010-11-06',6),
(2737,'Vargas García, Gabriel',520,'2010-05-13',7),
(2738,'Torres Jiménez, Daniel',520,'2010-01-11',8),
(2739,'Medina Suárez, Rafael',520,'2010-12-23',9),
(2740,'Ortiz Jiménez, Alejandro',520,'2010-01-23',10),
(2741,'Herrera García, Esteban',520,'2010-01-28',11),
(2742,'Soto Suárez, Mario',520,'2010-10-22',12),
(2743,'Delgado Jiménez, Raúl',520,'2010-06-01',13),
(2744,'Robles García, Sebastián',520,'2010-10-25',14),
(2745,'Varela Jiménez, Ricardo',520,'2010-03-07',15),
(2746,'Pacheco García, Santiago',521,'2010-12-26',1),
(2747,'Rivas Suárez, Mateo',521,'2010-09-24',2),
(2748,'Mendoza Jiménez, Hugo',521,'2010-02-11',3),
(2749,'Vega Jiménez, Pedro',521,'2010-11-09',4),
(2750,'López Suárez, Adrián',521,'2010-06-06',5),
(2751,'Morales Jiménez, Luis',521,'2010-12-21',6),
(2752,'Medina García, Antonio',521,'2010-09-24',7),
(2753,'Soto Jiménez, Alfredo',521,'2010-09-01',8),
(2754,'Delgado García, César',521,'2010-12-04',9),
(2755,'Gutiérrez Suárez, Fernando',521,'2010-09-16',10),
(2756,'Vargas Suárez, Santiago',521,'2010-01-26',11),
(2757,'Torres Jiménez, Benjamín',521,'2010-04-21',12),
(2758,'Robles Suárez, Manuel',521,'2010-07-22',13),
(2759,'Pérez García, Carlos',521,'2010-09-10',14),
(2760,'Varela Suárez, Roberto',521,'2010-02-14',15),
(2761,'Morales Jiménez, Mateo',522,'2010-04-13',1),
(2762,'Delgado García, Juan',522,'2010-06-23',2),
(2763,'Ramírez Suárez, David',522,'2010-07-16',3),
(2764,'Pacheco Jiménez, Emiliano',522,'2010-03-24',4),
(2765,'Medina Suárez, Pablo',522,'2010-04-04',5),
(2766,'Vargas García, José',522,'2010-03-03',6),
(2767,'Mendoza Jiménez, Ricardo',522,'2010-10-06',7),
(2768,'Morales Suárez, Javier',522,'2010-09-09',8),
(2769,'Delgado García, Rubén',522,'2010-06-19',9),
(2770,'Pérez Suárez, Tomás',522,'2010-11-22',10),
(2771,'Vega Jiménez, Mauricio',522,'2010-09-01',11),
(2772,'Gutiérrez Suárez, Rafael',522,'2010-08-02',12),
(2773,'Soto Jiménez, Mario',522,'2010-10-19',13),
(2774,'Ortiz García, Alejandro',522,'2010-11-16',14),
(2775,'Torres Jiménez, Federico',522,'2010-11-12',15),
(2776,'Morales García, Sergio',523,'2010-12-26',1),
(2777,'Robles Fernández, Rodrigo',523,'2010-02-21',2),
(2778,'Pérez García, Emiliano',523,'2010-03-15',3),
(2779,'Varela Jiménez, Hugo',523,'2010-05-22',4),
(2780,'Vega Suárez, David',523,'2010-10-26',5),
(2781,'Mendoza Jiménez, Santiago',523,'2010-06-26',6),
(2782,'Delgado García, Mauricio',523,'2010-03-07',7),
(2783,'Medina Suárez, Federico',523,'2010-09-26',8),
(2784,'Morales Jiménez, Ricardo',523,'2010-02-01',9),
(2785,'Pacheco Jiménez, Mario',523,'2010-01-24',10),
(2786,'Pérez García, Salvador',523,'2010-06-06',11),
(2787,'Ramírez Suárez, Esteban',523,'2010-02-16',12),
(2788,'Morales Suárez, Mateo',523,'2010-04-26',13),
(2789,'López Jiménez, Héctor',523,'2010-08-07',14),
(2790,'Mendoza Jiménez, Julio',523,'2010-04-19',15),
(2791,'Varela García, Carlos',524,'2010-06-15',1),
(2792,'Soto Jiménez, Fernando',524,'2010-04-28',2),
(2793,'Torres García, Mario',524,'2010-09-01',3),
(2794,'Gutiérrez Suárez, Sebastián',524,'2010-03-16',4),
(2795,'Delgado Jiménez, Mauricio',524,'2010-10-01',5),
(2796,'Morales García, Alberto',524,'2010-07-15',6),
(2797,'Medina Suárez, Raúl',524,'2010-06-26',7),
(2798,'Pacheco Jiménez, Ricardo',524,'2010-04-18',8),
(2799,'Herrera García, Rafael',524,'2010-06-05',9),
(2800,'Vega Suárez, César',524,'2010-09-17',10),
(2801,'López Jiménez, Raúl',524,'2010-12-07',11),
(2802,'Ramírez Suárez, Antonio',524,'2010-12-18',12),
(2803,'Soto Suárez, Gabriel',524,'2010-08-02',13),
(2804,'Pérez García, Pablo',524,'2010-11-20',14),
(2805,'Varela Jiménez, Benjamín',524,'2010-05-06',15),
(2806,'Delgado Jiménez, Juan',525,'2010-05-12',1),
(2807,'Gutiérrez Suárez, Mario',525,'2010-07-23',2),
(2808,'Torres García, José',525,'2010-11-04',3),
(2809,'Vega Jiménez, Sergio',525,'2010-09-20',4),
(2810,'Mendoza Jiménez, Alfredo',525,'2010-07-04',5),
(2811,'Morales García, Juan',525,'2010-09-19',6),
(2812,'Medina Suárez, Daniel',525,'2010-11-23',7),
(2813,'Soto Jiménez, Mateo',525,'2010-10-10',8),
(2814,'Robles Fernández, Alfredo',525,'2010-03-07',9),
(2815,'Herrera García, Fernando',525,'2010-12-15',10),
(2816,'Morales Jiménez, Manuel',525,'2010-04-22',11),
(2817,'López Jiménez, Andrés',525,'2010-04-07',12),
(2818,'Pacheco García, Raúl',525,'2010-08-25',13),
(2819,'Soto Suárez, Antonio',525,'2010-06-21',14),
(2820,'Delgado Jiménez, Eduardo',525,'2010-02-23',15),
(2821,'Ramírez Suárez, Hugo',526,'2010-02-12',1),
(2822,'Gutiérrez Jiménez, Sebastián',526,'2010-10-19',2),
(2823,'Vega Jiménez, José',526,'2010-08-26',3),
(2824,'Morales Suárez, Esteban',526,'2010-02-28',4),
(2825,'Varela Jiménez, Pablo',526,'2010-08-02',5),
(2826,'Medina Suárez, Mario',526,'2010-07-26',6),
(2827,'Soto Jiménez, Julio',526,'2010-11-23',7),
(2828,'Torres García, Federico',526,'2010-11-06',8),
(2829,'Robles Fernández, Eduardo',526,'2010-07-07',9),
(2830,'Pérez Suárez, Daniel',526,'2010-05-04',10),
(2831,'Mendoza Jiménez, Emiliano',526,'2010-04-16',11),
(2832,'López Jiménez, Antonio',526,'2010-08-18',12),
(2833,'Delgado García, Miguel',526,'2010-12-15',13),
(2834,'Soto Suárez, Luis',526,'2010-10-24',14),
(2835,'Gutiérrez Jiménez, Alfredo',526,'2010-12-09',15),
(2836,'Pérez García, Tomás',527,'2010-03-08',1),
(2837,'Herrera García, Iván',527,'2010-11-27',2),
(2838,'Pacheco Jiménez, César',527,'2010-03-06',3),
(2839,'Medina Suárez, Juan',527,'2010-12-17',4),
(2840,'Torres García, Samuel',527,'2010-07-10',5),
(2841,'Morales Suárez, José',527,'2010-06-28',6),
(2842,'Robles Fernández, Gabriel',527,'2010-08-17',7),
(2843,'Soto Jiménez, Adrián',527,'2010-02-15',8),
(2844,'Delgado Jiménez, Luis',527,'2010-05-24',9),
(2845,'Ramírez Suárez, Alejandro',527,'2010-08-25',10),
(2846,'Gutiérrez Suárez, Rubén',527,'2010-03-02',11),
(2847,'Pérez García, Enrique',527,'2010-05-03',12),
(2848,'Vega Jiménez, Raúl',527,'2010-11-12',13),
(2849,'Medina Suárez, Sebastián',527,'2010-09-23',14),
(2850,'Torres García, Andrés',527,'2010-03-25',15),
(2851,'Soto Suárez, Raúl',528,'2010-08-28',1),
(2852,'Pacheco Jiménez, Alfredo',528,'2010-04-19',2),
(2853,'Mendoza Jiménez, Fernando',528,'2010-10-23',3),
(2854,'Pérez García, Alejandro',528,'2010-10-01',4),
(2855,'Delgado Jiménez, Mateo',528,'2010-06-07',5),
(2856,'Robles Fernández, Samuel',528,'2010-10-03',6),
(2857,'Ramírez Suárez, Héctor',528,'2010-07-12',7),
(2858,'Gutiérrez Jiménez, Federico',528,'2010-09-28',8),
(2859,'Pérez Suárez, Mario',528,'2010-03-25',9),
(2860,'Vega Jiménez, Pablo',528,'2010-12-11',10),
(2861,'Medina Suárez, Carlos',528,'2010-02-28',11),
(2862,'Morales Jiménez, Sebastián',528,'2010-01-13',12),
(2863,'Torres García, Raúl',528,'2010-09-17',13),
(2864,'Pacheco Jiménez, David',528,'2010-07-22',14),
(2865,'Mendoza Jiménez, Alejandro',528,'2010-04-07',15),
(2866,'Vega Jiménez, Roberto',529,'2010-12-09',1),
(2867,'Pérez García, Manuel',529,'2010-05-09',2),
(2868,'Vega Suárez, Fernando',529,'2010-11-14',3),
(2869,'Herrera García, Rubén',529,'2010-06-28',4),
(2870,'Medina Suárez, Pedro',529,'2010-02-18',5),
(2871,'Morales Jiménez, Hugo',529,'2010-10-11',6),
(2872,'Torres García, Mateo',529,'2010-08-15',7),
(2873,'Soto Suárez, Fernando',529,'2010-03-11',8),
(2874,'Mendoza Jiménez, Rubén',529,'2010-08-04',9),
(2875,'Delgado Jiménez, Daniel',529,'2010-10-15',10),
(2876,'Gutiérrez Jiménez, José',529,'2010-01-27',11),
(2877,'Pérez García, Adrián',529,'2010-07-19',12),
(2878,'Herrera García, Alfredo',529,'2010-09-18',13),
(2879,'Medina Suárez, Santiago',529,'2010-08-23',14),
(2880,'Soto Suárez, Sebastián',529,'2010-04-11',15),
(2881,'Pacheco Jiménez, Manuel',530,'2010-01-28',1),
(2882,'Mendoza Jiménez, Antonio',530,'2010-11-19',2),
(2883,'Vega Jiménez, Sebastián',530,'2010-10-25',3),
(2884,'Delgado Jiménez, Iván',530,'2010-04-05',4),
(2885,'Ramírez Suárez, Adrián',530,'2010-01-02',5),
(2886,'Gutiérrez Jiménez, Antonio',530,'2010-01-23',6),
(2887,'Herrera García, Emilio',530,'2010-07-17',7),
(2888,'Medina Suárez, Hugo',530,'2010-04-21',8),
(2889,'Morales Jiménez, Javier',530,'2010-10-12',9),
(2890,'Torres García, Alfredo',530,'2010-07-01',10),
(2891,'Pacheco Jiménez, Emilio',530,'2010-04-02',11),
(2892,'Mendoza Jiménez, Enrique',530,'2010-03-14',12),
(2893,'Vega Jiménez, Cristian',530,'2010-11-02',13),
(2894,'Delgado Jiménez, Alfredo',530,'2010-12-15',14),
(2895,'Ramírez Suárez, Santiago',530,'2010-12-24',15),
(2896,'Gutiérrez Jiménez, Raúl',531,'2010-12-26',1),
(2897,'Pérez García, Francisco',531,'2010-05-06',2),
(2898,'Herrera García, Santiago',531,'2010-06-12',3),
(2899,'Medina Suárez, Jorge',531,'2010-03-07',4),
(2900,'Torres García, Ricardo',531,'2010-08-19',5),
(2901,'Soto Suárez, Mauricio',531,'2010-04-06',6),
(2902,'Mendoza Jiménez, Raúl',531,'2010-07-03',7),
(2903,'Vega Jiménez, Abel',531,'2010-05-26',8),
(2904,'Delgado Jiménez, Andrés',531,'2010-10-10',9),
(2905,'Ramírez Suárez, Rubén',531,'2010-02-01',10),
(2906,'Pérez García, Samuel',531,'2010-03-26',11),
(2907,'Herrera García, Alejandro',531,'2010-07-26',12),
(2908,'Medina Suárez, Martín',531,'2010-11-18',13),
(2909,'Torres García, Salvador',531,'2010-10-16',14),
(2910,'Soto Suárez, César',531,'2010-10-24',15),
(2911,'Pacheco Jiménez, Jorge',532,'2010-05-08',1),
(2912,'Mendoza Jiménez, Samuel',532,'2010-03-25',2),
(2913,'Ramírez Suárez, Mauricio',532,'2010-08-08',3),
(2914,'Gutiérrez Jiménez, Iván',532,'2010-11-02',4),
(2915,'Vega Jiménez, Rafael',532,'2010-07-06',5),
(2916,'Herrera García, Martín',532,'2010-04-22',6),
(2917,'Medina Suárez, Adrián',532,'2010-11-28',7),
(2918,'Morales Jiménez, Antonio',532,'2010-11-24',8),
(2919,'Torres García, Nicolás',532,'2010-08-23',9),
(2920,'Soto Suárez, José',532,'2010-06-02',10),
(2921,'Mendoza Jiménez, Luis',532,'2010-07-07',11),
(2922,'Ramírez Suárez, Pedro',532,'2010-11-26',12),
(2923,'Gutiérrez Jiménez, Manuel',532,'2010-03-03',13),
(2924,'Vega Jiménez, Enrique',532,'2010-07-15',14),
(2925,'Herrera García, Nicolás',532,'2010-07-06',15),
(2926,'Medina Suárez, Alfredo',533,'2010-02-09',1),
(2927,'Torres García, Alberto',533,'2010-05-25',2),
(2928,'Soto Suárez, Emilio',533,'2010-06-05',3),
(2929,'Vega Jiménez, Alejandro',533,'2010-04-15',4),
(2930,'Delgado Jiménez, Tomás',533,'2010-04-23',5),
(2931,'Pérez García, Roberto',533,'2010-01-20',6),
(2932,'Vega Jiménez, Jorge',533,'2010-04-18',7),
(2933,'Herrera García, Guillermo',533,'2010-09-27',8),
(2934,'Medina Suárez, Emilio',533,'2010-02-27',9),
(2935,'Morales Jiménez, Mauricio',533,'2010-08-20',10),
(2936,'Torres García, Carlos',533,'2010-05-28',11),
(2937,'Soto Suárez, Rafael',533,'2010-03-05',12),
(2938,'Pacheco Jiménez, Daniel',533,'2010-10-19',13),
(2939,'Vega Jiménez, Samuel',533,'2010-07-10',14),
(2940,'Ramírez Suárez, Emilio',533,'2010-08-05',15),
(2941,'Gutiérrez Jiménez, David',534,'2010-01-02',1),
(2942,'Morales Jiménez, Mario',534,'2010-08-24',2),
(2943,'Pacheco Jiménez, Iván',534,'2010-04-12',3),
(2944,'Mendoza Jiménez, Pablo',534,'2010-01-24',4),
(2945,'Delgado Jiménez, Antonio',534,'2010-06-09',5),
(2946,'Ramírez Suárez, José',534,'2010-07-24',6),
(2947,'Herrera García, José',534,'2010-04-23',7),
(2948,'Morales Jiménez, Raúl',534,'2010-08-04',8),
(2949,'Torres García, Iván',534,'2010-11-13',9),
(2950,'Pacheco Jiménez, Elías',534,'2010-09-03',10),
(2951,'Ramírez Suárez, Samuel',534,'2010-12-27',11),
(2952,'Herrera García, Daniel',534,'2010-11-18',12),
(2953,'Pacheco Jiménez, Sebastián',534,'2010-05-25',13),
(2954,'Mendoza Jiménez, Esteban',534,'2010-08-07',14),
(2955,'Delgado Jiménez, Javier',534,'2010-03-05',15),
(2956,'Ramírez Suárez, Mateo',535,'2010-06-02',1),
(2957,'Gutiérrez Jiménez, Emilio',535,'2010-08-07',2),
(2958,'Herrera García, Rodrigo',535,'2010-09-09',3),
(2959,'Torres García, Jorge',535,'2010-04-20',4),
(2960,'Soto Suárez, Salvador',535,'2010-01-21',5),
(2961,'Mendoza Jiménez, David',535,'2010-01-04',6),
(2962,'Gutiérrez Jiménez, César',535,'2010-08-27',7),
(2963,'Herrera García, Luis',535,'2010-03-15',8),
(2964,'Mendoza Jiménez, Mario',535,'2010-04-20',9),
(2965,'Delgado Jiménez, Santiago',535,'2010-05-14',10),
(2966,'Mendoza Jiménez, Manuel',535,'2010-07-25',11),
(2967,'Delgado Jiménez, Emilio',535,'2010-08-18',12),
(2968,'Ramírez Suárez, Fernando',535,'2010-10-10',13),
(2969,'Pérez García, Jorge',535,'2010-02-02',14),
(2970,'Vega Jiménez, Salvador',535,'2010-03-17',15),
(2971,'Medina Suárez, Rodrigo',536,'2010-01-10',1),
(2972,'Mendoza Jiménez, Pedro',536,'2010-06-08',2),
(2973,'Ramírez Suárez, Sebastián',536,'2010-03-18',3),
(2974,'Pérez García, Mario',536,'2010-03-15',4),
(2975,'Medina Suárez, Emiliano',536,'2010-06-01',5),
(2976,'Soto Suárez, Mateo',536,'2010-09-26',6),
(2977,'Ramírez Suárez, Carlos',536,'2010-11-17',7),
(2978,'Vega Jiménez, Nicolás',536,'2010-12-25',8),
(2979,'Morales Jiménez, Jorge',536,'2010-04-16',9),
(2980,'Torres García, Hugo',536,'2010-08-23',10),
(2981,'Soto Suárez, Santiago',536,'2010-01-02',11),
(2982,'Pacheco Jiménez, Gabriel',536,'2010-12-05',12),
(2983,'Delgado Jiménez, Benjamín',536,'2010-02-09',13),
(2984,'Medina Suárez, Ricardo',536,'2010-05-25',14),
(2985,'Torres García, Rubén',536,'2010-04-07',15),
(2986,'Ramírez Suárez, Raúl',537,'2010-11-28',1),
(2987,'Pérez García, Antonio',537,'2010-07-10',2),
(2988,'Herrera García, Jorge',537,'2010-01-16',3),
(2989,'Medina Suárez, Mauricio',537,'2010-10-12',4),
(2990,'Torres García, Adrián',537,'2010-10-28',5),
(2991,'Pacheco Jiménez, Javier',537,'2010-09-26',6),
(2992,'Gutiérrez Jiménez, Francisco',537,'2010-07-10',7),
(2993,'Pérez García, César',537,'2010-11-08',8),
(2994,'Morales Jiménez, Emilio',537,'2010-12-20',9),
(2995,'Mendoza Jiménez, Emilio',537,'2010-10-01',10),
(2996,'Delgado Jiménez, Mario',537,'2010-10-26',11),
(2997,'Ramírez Suárez, Tomás',537,'2010-01-06',12),
(2998,'Pérez García, Hugo',537,'2010-09-18',13),
(2999,'Herrera García, Raúl',537,'2010-09-02',14),
(3000,'Medina Suárez, Samuel',537,'2010-11-05',15),
(3001,'Morales Jiménez, Nicolás',538,'2010-12-12',1),
(3002,'Pacheco Jiménez, Mateo',538,'2010-03-21',2),
(3003,'Mendoza Jiménez, Adrián',538,'2010-04-02',3),
(3004,'Delgado Jiménez, Sergio',538,'2010-05-26',4),
(3005,'Ramírez Suárez, Alfredo',538,'2010-02-07',5),
(3006,'Gutiérrez Jiménez, Mauricio',538,'2010-02-09',6),
(3007,'Pérez García, Raúl',538,'2010-06-02',7),
(3008,'Torres García, Antonio',538,'2010-09-01',8),
(3009,'Pacheco Jiménez, Santiago',538,'2010-10-07',9),
(3010,'Gutiérrez Jiménez, Julio',538,'2010-07-12',10),
(3011,'Pérez García, José',538,'2010-07-24',11),
(3012,'Soto Suárez, Tomás',538,'2010-11-01',12),
(3013,'Vega Jiménez, Rodrigo',538,'2010-02-06',13),
(3014,'Ramírez Suárez, Enrique',538,'2010-02-04',14),
(3015,'Herrera García, Mateo',538,'2010-02-10',15),
(3016,'Torres García, Santiago',539,'2010-10-09',1),
(3017,'Soto Suárez, Samuel',539,'2010-10-16',2),
(3018,'Pacheco Jiménez, Juan',539,'2010-02-08',3),
(3019,'Ramírez Suárez, Nicolás',539,'2010-05-17',4),
(3020,'Pérez García, Emilio',539,'2010-05-19',5),
(3021,'Morales Jiménez, Federico',539,'2010-10-02',6),
(3022,'Torres García, Mauricio',539,'2010-10-26',7),
(3023,'Varela Ramírez, Lucas',539,'2010-07-16',8),
(3024,'Solís Fernández, Adrián',539,'2010-02-19',9),
(3025,'Navarro Suárez, Federico',539,'2010-06-19',10),
(3026,'Chávez Jiménez, David',539,'2010-05-11',11),
(3027,'Esquivel García, Andrés',539,'2010-12-13',12),
(3028,'Torres Suárez, Marco',539,'2010-06-22',13),
(3029,'Peña Ramírez, Alejandro',539,'2010-03-17',14),
(3030,'Medina Jiménez, Cristian',539,'2010-06-24',15),
(3031,'Castillo Suárez, Jorge',540,'2010-04-28',1),
(3032,'Soto Jiménez, Tomás',540,'2010-10-21',2),
(3033,'Morales García, Carlos',540,'2010-04-16',3),
(3034,'Ortiz Suárez, Pedro',540,'2010-10-11',4),
(3035,'Pérez Fernández, Sebastián',540,'2010-09-07',5),
(3036,'Ramírez Suárez, Diego',540,'2010-07-15',6),
(3037,'Herrera García, Francisco',540,'2010-09-01',7),
(3038,'Vega Suárez, Antonio',540,'2010-05-03',8),
(3039,'Gómez Ramírez, Isaac',540,'2010-08-15',9),
(3040,'Vázquez Suárez, Jesús',540,'2010-08-22',10),
(3041,'Morales Jiménez, Damián',540,'2010-12-28',11),
(3042,'García Suárez, Nicolás',540,'2010-05-18',12),
(3043,'Méndez Jiménez, Benjamín',540,'2010-05-27',13),
(3044,'Solís García, Fernando',540,'2010-12-04',14),
(3045,'Pacheco Suárez, Javier',540,'2010-07-12',15),
(3046,'Hernández Jiménez, Miguel',541,'2010-02-17',1),
(3047,'Álvarez Suárez, Samuel',541,'2010-11-04',2),
(3048,'Ramos Jiménez, Gonzalo',541,'2010-04-12',3),
(3049,'Vargas García, Alberto',541,'2010-10-25',4),
(3050,'Herrera Suárez, Raúl',541,'2010-03-20',5),
(3051,'Pérez Fernández, Luis',541,'2010-09-22',6),
(3052,'Morales Jiménez, Roberto',541,'2010-04-05',7),
(3053,'Vega García, Alfredo',541,'2010-01-14',8),
(3054,'Vargas Suárez, Jaime',541,'2010-11-17',9),
(3055,'Ortega Jiménez, Carlos',541,'2010-02-25',10),
(3056,'Solís Ramírez, Alfredo',541,'2010-07-03',11),
(3057,'Varela Jiménez, Julián',541,'2010-08-11',12),
(3058,'Medina García, Emiliano',541,'2010-09-16',13),
(3059,'Gutiérrez Suárez, Ezequiel',541,'2010-02-18',14),
(3060,'Hernández Jiménez, Gabriel',541,'2010-01-20',15),
(3061,'Soto Jiménez, Joaquín',542,'2010-03-26',1),
(3062,'Chávez Ramírez, Ricardo',542,'2010-07-10',2),
(3063,'Ortiz Suárez, Emilio',542,'2010-12-11',3),
(3064,'Pérez Fernández, Antonio',542,'2010-10-18',4),
(3065,'López Jiménez, Sebastián',542,'2010-02-15',5),
(3066,'Gómez Ramírez, Tomás',542,'2010-01-19',6),
(3067,'Vázquez Suárez, Cristian',542,'2010-08-16',7),
(3068,'García Suárez, Julio',542,'2010-06-03',8),
(3069,'Méndez Jiménez, Leonardo',542,'2010-11-13',9),
(3070,'Solís García, Martín',542,'2010-07-14',10),
(3071,'Pacheco Suárez, Raúl',542,'2010-12-14',11),
(3072,'Hernández Jiménez, Sergio',542,'2010-03-16',12),
(3073,'Álvarez Suárez, Guillermo',542,'2010-11-15',13),
(3074,'Ramos Jiménez, Abel',542,'2010-06-06',14),
(3075,'Vargas García, Joaquín',542,'2010-06-28',15),
(3076,'Herrera Suárez, César',543,'2010-02-16',1),
(3077,'Pérez Fernández, Raúl',543,'2010-12-01',2),
(3078,'Vega García, Vicente',543,'2010-12-27',3),
(3079,'Vargas Suárez, Pablo',543,'2010-06-25',4),
(3080,'Ortega Jiménez, Hugo',543,'2010-06-13',5),
(3081,'Solís Ramírez, José',543,'2010-07-02',6),
(3082,'Robles Suárez, Ángel',543,'2010-12-08',7),
(3083,'Medina García, Salvador',543,'2010-04-05',8),
(3084,'Gutiérrez Suárez, Marco',543,'2010-02-21',9),
(3085,'Hernández Jiménez, Rafael',543,'2010-09-03',10),
(3086,'Vega Suárez, Sergio',543,'2010-04-04',11),
(3087,'Soto Jiménez, Hernán',543,'2010-05-16',12),
(3088,'Chávez Ramírez, Alfredo',543,'2010-02-22',13),
(3089,'Ortiz Suárez, Gustavo',543,'2010-10-18',14),
(3090,'Pérez Fernández, Mateo',543,'2010-10-26',15),
(3091,'Herrera García, Ignacio',544,'2010-09-27',1),
(3092,'López Jiménez, Carlos',544,'2010-02-13',2),
(3093,'Gómez Ramírez, Raúl',544,'2010-10-22',3),
(3094,'Vázquez Suárez, Emanuel',544,'2010-12-17',4),
(3095,'Morales Jiménez, Héctor',544,'2010-07-06',5),
(3096,'García Suárez, Armando',544,'2010-12-24',6),
(3097,'Méndez Jiménez, Felipe',544,'2010-02-22',7),
(3098,'Solís García, Juan',544,'2010-03-18',8),
(3099,'Pacheco Suárez, Adrián',544,'2010-10-28',9),
(3100,'Hernández Jiménez, Jorge',544,'2010-08-04',10),
(3101,'Álvarez Suárez, Óscar',544,'2010-01-14',11),
(3102,'Ramos Jiménez, Tomás',544,'2010-09-08',12),
(3103,'Vargas García, Gonzalo',544,'2010-03-10',13),
(3104,'Herrera Suárez, Esteban',544,'2010-12-18',14),
(3105,'Mendoza Jiménez, Abel',544,'2010-06-02',15),
(3106,'Pérez Fernández, Ricardo',545,'2010-02-18',1),
(3107,'Vargas Suárez, Esteban',545,'2010-03-25',2),
(3108,'Ortega Jiménez, Mauricio',545,'2010-08-02',3),
(3109,'Solís Ramírez, Luis',545,'2010-04-24',4),
(3110,'Robles Suárez, Francisco',545,'2010-08-01',5),
(3111,'Varela Jiménez, Roberto',545,'2010-08-23',6),
(3112,'Medina García, Tomás',545,'2010-08-20',7),
(3113,'Gutiérrez Suárez, Samuel',545,'2010-09-22',8),
(3114,'Hernández Jiménez, Esteban',545,'2010-06-11',9),
(3115,'Vega Suárez, Juan',545,'2010-01-28',10),
(3116,'Soto Jiménez, Abel',545,'2010-02-12',11),
(3117,'Chávez Ramírez, Damián',545,'2010-01-20',12),
(3118,'Ortiz Suárez, Rubén',545,'2010-08-16',13),
(3119,'Pérez Fernández, Gabriel',545,'2010-07-04',14),
(3120,'Ramírez Suárez, Jorge',545,'2010-02-23',15),
(3121,'Delgado Jiménez, Emanuel',546,'2010-06-02',1),
(3122,'Herrera García, Mauricio',546,'2010-05-15',2),
(3123,'Vega Suárez, Manuel',546,'2010-02-15',3),
(3124,'Gómez Ramírez, Benjamín',546,'2010-10-05',4),
(3125,'García Suárez, Andrés',546,'2010-02-01',5),
(3126,'Méndez Jiménez, Abel',546,'2010-07-07',6),
(3127,'Solís García, Sebastián',546,'2010-06-01',7),
(3128,'Pacheco Suárez, Vicente',546,'2010-02-04',8),
(3129,'Hernández Jiménez, Raúl',546,'2010-06-15',9),
(3130,'Álvarez Suárez, Andrés',546,'2010-12-15',10),
(3131,'Ramos Jiménez, Javier',546,'2010-06-19',11),
(3132,'Herrera Suárez, Jesús',546,'2010-02-05',12),
(3133,'Mendoza Jiménez, Sergio',546,'2010-08-02',13),
(3134,'Pérez Fernández, Felipe',546,'2010-07-09',14),
(3135,'Morales Jiménez, Emiliano',546,'2010-07-13',15),
(3136,'Vega García, Ernesto',547,'2010-04-10',1),
(3137,'Vargas Suárez, Jorge',547,'2010-07-01',2),
(3138,'Ortega Jiménez, Adrián',547,'2010-03-09',3),
(3139,'Solís Ramírez, Hugo',547,'2010-06-22',4),
(3140,'Robles Suárez, Ricardo',547,'2010-11-03',5),
(3141,'Varela Jiménez, Diego',547,'2010-11-13',6),
(3142,'Medina García, Pedro',547,'2010-11-23',7),
(3143,'Hernández Jiménez, Lucas',547,'2010-12-10',8),
(3144,'Vega Suárez, José',547,'2010-03-27',9),
(3145,'Soto Jiménez, Ricardo',547,'2010-06-27',10),
(3146,'Chávez Ramírez, Guillermo',547,'2010-04-11',11),
(3147,'Ortiz Suárez, Marcos',547,'2010-01-08',12),
(3148,'Pérez Fernández, César',547,'2010-06-21',13),
(3149,'Herrera García, Elías',547,'2010-04-12',14),
(3150,'Vega Suárez, Raúl',547,'2010-11-26',15),
(3151,'López Jiménez, Enrique',548,'2010-07-18',1),
(3152,'Gómez Ramírez, Jorge',548,'2010-09-23',2),
(3153,'Vázquez Suárez, Pedro',548,'2010-01-26',3),
(3154,'García Suárez, Rafael',548,'2010-01-28',4),
(3155,'Méndez Jiménez, Mario',548,'2010-01-17',5),
(3156,'Solís García, Javier',548,'2010-11-28',6),
(3157,'Pacheco Suárez, Carlos',548,'2010-03-04',7),
(3158,'Hernández Jiménez, Abel',548,'2010-04-02',8),
(3159,'Álvarez Suárez, Tomás',548,'2010-10-16',9),
(3160,'Ramos Jiménez, Luis',548,'2010-01-14',10),
(3161,'Vargas García, Samuel',548,'2010-07-08',11),
(3162,'Herrera Suárez, Gonzalo',548,'2010-08-02',12),
(3163,'Mendoza Jiménez, Nicolás',548,'2010-10-26',13),
(3164,'Pérez Fernández, Adrián',548,'2010-08-05',14),
(3165,'Morales Jiménez, Cristian',548,'2010-01-01',15),
(3166,'Vega García, Roberto',549,'2010-05-08',1),
(3167,'Ortega Jiménez, Rubén',549,'2010-03-20',2),
(3168,'Solís Ramírez, Iván',549,'2010-09-28',3),
(3169,'Robles Suárez, Benjamín',549,'2010-09-08',4),
(3170,'Varela Jiménez, Samuel',549,'2010-07-03',5),
(3171,'Medina García, Nicolás',549,'2010-12-15',6),
(3172,'Vega Suárez, Tomás',549,'2010-02-11',7),
(3173,'Soto Jiménez, Samuel',549,'2010-10-07',8),
(3174,'Chávez Ramírez, Andrés',549,'2010-03-16',9),
(3175,'Pérez Fernández, Ezequiel',549,'2010-01-08',10),
(3176,'Ramírez Suárez, Sergio',549,'2010-05-06',11),
(3177,'Delgado Jiménez, Pedro',549,'2010-10-09',12),
(3178,'Vega Suárez, Martín',549,'2010-07-24',13),
(3179,'Gómez Ramírez, Emiliano',549,'2010-08-03',14),
(3180,'Vázquez Suárez, Raúl',549,'2010-05-26',15),
(3181,'Morales Jiménez, Armando',550,'2010-11-09',1),
(3182,'García Suárez, Fernando',550,'2010-11-06',2),
(3183,'Méndez Jiménez, Roberto',550,'2010-10-13',3),
(3184,'Solís García, Raúl',550,'2010-08-20',4),
(3185,'Pacheco Suárez, Héctor',550,'2010-10-06',5),
(3186,'Hernández Jiménez, Daniel',550,'2010-04-10',6),
(3187,'Álvarez Suárez, Emiliano',550,'2010-08-09',7),
(3188,'Ramos Jiménez, Esteban',550,'2010-06-21',8),
(3189,'Vargas García, Iván',550,'2010-10-14',9),
(3190,'Herrera Suárez, Mateo',550,'2010-11-10',10),
(3191,'Mendoza Jiménez, Francisco',550,'2010-12-27',11),
(3192,'Pérez Fernández, Salvador',550,'2010-01-01',12),
(3193,'Morales Jiménez, Daniel',550,'2010-01-13',13),
(3194,'Vega García, Pablo',550,'2010-07-07',14),
(3195,'Ortega Jiménez, Raúl',550,'2010-10-09',15),
(3196,'Solís Ramírez, Sergio',551,'2010-02-16',1),
(3197,'Robles Suárez, Jorge',551,'2010-10-28',2),
(3198,'Varela Jiménez, Adrián',551,'2010-03-06',3),
(3199,'Medina García, Sebastián',551,'2010-11-23',4),
(3200,'Gutiérrez Suárez, Antonio',551,'2010-07-16',5),
(3201,'Hernández Jiménez, Felipe',551,'2010-11-06',6),
(3202,'Soto Jiménez, Elías',551,'2010-03-03',7),
(3203,'Chávez Ramírez, Adrián',551,'2010-09-13',8),
(3204,'Ortiz Suárez, Francisco',551,'2010-04-28',9),
(3205,'Delgado Jiménez, Martín',551,'2010-08-08',10),
(3206,'Herrera García, Isaac',551,'2010-10-01',11),
(3207,'Vega Suárez, Andrés',551,'2010-05-14',12),
(3208,'Gómez Ramírez, Jesús',551,'2010-02-13',13),
(3209,'Vázquez Suárez, Álvaro',551,'2010-10-07',14),
(3210,'Morales Jiménez, Gonzalo',551,'2010-12-21',15),
(3211,'García Suárez, Enrique',552,'2010-05-23',1),
(3212,'Méndez Jiménez, Sebastián',552,'2010-07-10',2),
(3213,'Solís García, Samuel',552,'2010-04-16',3),
(3214,'Hernández Jiménez, José',552,'2010-11-26',4),
(3215,'Álvarez Suárez, Iván',552,'2010-09-16',5),
(3216,'Ramos Jiménez, Mateo',552,'2010-08-17',6),
(3217,'Vargas García, Nicolás',552,'2010-03-27',7),
(3218,'Herrera Suárez, Pablo',552,'2010-04-24',8),
(3219,'Mendoza Jiménez, Gabriel',552,'2010-05-16',9),
(3220,'Vega García, César',552,'2010-02-06',10),
(3221,'Ortega Jiménez, Gabriel',552,'2010-04-05',11),
(3222,'Solís Ramírez, Eduardo',552,'2010-04-03',12),
(3223,'Robles Suárez, Salvador',552,'2010-11-14',13),
(3224,'Varela Jiménez, Ignacio',552,'2010-09-03',14),
(3225,'Medina García, Raúl',552,'2010-06-13',15),
(3226,'Gutiérrez Suárez, Mateo',553,'2010-05-11',1),
(3227,'Soto Jiménez, Daniel',553,'2010-12-13',2),
(3228,'Chávez Ramírez, Elian',553,'2010-09-07',3),
(3229,'Ortiz Suárez, Mateo',553,'2010-11-18',4),
(3230,'Pérez Fernández, Pedro',553,'2010-12-20',5),
(3231,'Vega Suárez, Jorge',553,'2010-05-10',6),
(3232,'López Jiménez, Nicolás',553,'2010-08-26',7),
(3233,'Gómez Ramírez, Álvaro',553,'2010-02-15',8),
(3234,'Vázquez Suárez, Guillermo',553,'2010-01-20',9),
(3235,'García Suárez, Alfredo',553,'2010-03-18',10),
(3236,'Méndez Jiménez, Eduardo',553,'2010-12-11',11),
(3237,'Pacheco Suárez, Isaac',553,'2010-09-27',12),
(3238,'Hernández Jiménez, Marco',553,'2010-12-04',13),
(3239,'Álvarez Suárez, Gustavo',553,'2010-10-21',14),
(3240,'Ramos Jiménez, Daniel',553,'2010-08-04',15),
(3241,'Mendoza Jiménez, José',554,'2010-11-28',1),
(3242,'Pérez Fernández, Santiago',554,'2010-02-06',2),
(3243,'Vargas Suárez, Julio',554,'2010-08-23',3),
(3244,'Ortega Jiménez, David',554,'2010-10-06',4),
(3245,'Solís Ramírez, Raúl',554,'2010-11-28',5),
(3246,'Robles Suárez, Cristian',554,'2010-10-17',6),
(3247,'Varela Jiménez, Luis',554,'2010-11-25',7),
(3248,'Hernández Jiménez, Martín',554,'2010-07-05',8),
(3249,'Chávez Ramírez, Benjamín',554,'2010-07-02',9),
(3250,'Pérez Fernández, Emiliano',554,'2010-01-02',10),
(3251,'Ramírez Suárez, Mario',554,'2010-12-08',11),
(3252,'Vega Suárez, Javier',554,'2010-04-06',12),
(3253,'López Jiménez, Elías',554,'2010-12-27',13),
(3254,'Gómez Ramírez, Mateo',554,'2010-01-21',14),
(3255,'Vázquez Suárez, Sergio',554,'2010-09-19',15),
(3256,'Morales Jiménez, Alejandro',555,'2010-12-13',1),
(3257,'García Suárez, Samuel',555,'2010-05-28',2),
(3258,'Méndez Jiménez, Juan',555,'2010-02-05',3),
(3259,'Solís García, Alfredo',555,'2010-04-13',4),
(3260,'Pacheco Suárez, Lucas',555,'2010-01-27',5),
(3261,'Hernández Jiménez, Adrián',555,'2010-06-09',6),
(3262,'Álvarez Suárez, Alejandro',555,'2010-12-25',7),
(3263,'Ramos Jiménez, Nicolás',555,'2010-11-14',8),
(3264,'Vargas García, Roberto',555,'2010-07-05',9),
(3265,'Herrera Suárez, Luis',555,'2010-10-23',10),
(3266,'Mendoza Jiménez, Vicente',555,'2010-05-24',11),
(3267,'Pérez Fernández, Pablo',555,'2010-11-27',12),
(3268,'Morales Jiménez, Elías',555,'2010-12-25',13),
(3269,'Vargas Suárez, Tomás',555,'2010-11-05',14),
(3270,'Ortega Jiménez, Alfredo',555,'2010-09-20',15),
(3271,'Solís Ramírez, Pablo',556,'2010-02-23',1),
(3272,'Robles Suárez, Alfredo',556,'2010-12-10',2),
(3273,'Varela Jiménez, Francisco',556,'2010-10-27',3),
(3274,'Medina García, Mario',556,'2010-11-05',4),
(3275,'Gutiérrez Suárez, Enrique',556,'2010-01-09',5),
(3276,'Soto Jiménez, Mauricio',556,'2010-01-21',6),
(3277,'Chávez Ramírez, Lucas',556,'2010-06-17',7),
(3278,'Pérez Fernández, Alfredo',556,'2010-10-18',8),
(3279,'Vega Suárez, Rubén',556,'2010-07-27',9),
(3280,'López Jiménez, Tomás',556,'2010-05-05',10),
(3281,'Gómez Ramírez, Federico',556,'2010-09-05',11),
(3282,'Vázquez Suárez, Alejandro',556,'2010-01-11',12),
(3283,'Morales Jiménez, Elian',556,'2010-06-22',13),
(3284,'García Suárez, Isaac',556,'2010-04-05',14),
(3285,'Méndez Jiménez, Rafael',556,'2010-05-12',15),
(3286,'Solís García, Hugo',557,'2010-04-06',1),
(3287,'Pacheco Suárez, Benjamín',557,'2010-05-10',2),
(3288,'Hernández Jiménez, Sebastián',557,'2010-03-28',3),
(3289,'Álvarez Suárez, Antonio',557,'2010-10-07',4),
(3290,'Ramos Jiménez, Pablo',557,'2010-10-09',5),
(3291,'Herrera Suárez, Emilio',557,'2010-05-04',6),
(3292,'Mendoza Jiménez, Damián',557,'2010-03-25',7),
(3293,'Vega García, Damián',557,'2010-07-18',8),
(3294,'Vargas Suárez, Nicolás',557,'2010-11-06',9),
(3295,'Ortega Jiménez, Nicolás',557,'2010-12-17',10),
(3296,'Robles Suárez, Juan',557,'2010-07-09',11),
(3297,'Varela Jiménez, Raúl',557,'2010-03-20',12),
(3298,'Medina García, Alfredo',557,'2010-06-16',13),
(3299,'Soto Jiménez, Sebastián',557,'2010-11-23',14),
(3300,'Chávez Ramírez, Mateo',557,'2010-09-09',15),
(3301,'Ortiz Suárez, Iván',558,'2010-01-15',1),
(3302,'Pérez Fernández, Nicolás',558,'2010-08-13',2),
(3303,'Herrera García, Andrés',558,'2010-11-22',3),
(3304,'López Jiménez, Francisco',558,'2010-11-20',4),
(3305,'Gómez Ramírez, Ignacio',558,'2010-04-07',5),
(3306,'Vázquez Suárez, Hugo',558,'2010-08-19',6),
(3307,'García Suárez, Lucas',558,'2010-07-12',7),
(3308,'Méndez Jiménez, Gabriel',558,'2010-05-02',8),
(3309,'Solís García, Ricardo',558,'2010-06-15',9),
(3310,'Pacheco Suárez, Antonio',558,'2010-04-13',10),
(3311,'Hernández Jiménez, Emilio',558,'2010-11-23',11),
(3312,'Álvarez Suárez, Víctor',558,'2010-01-01',12),
(3313,'Ramos Jiménez, Eduardo',558,'2010-01-22',13),
(3314,'Vargas García, Adrián',558,'2010-10-18',14),
(3315,'Herrera Suárez, José',558,'2010-08-14',15),
(3316,'Pérez Fernández, Tomás',559,'2010-04-02',1),
(3317,'Vega García, Mateo',559,'2010-06-12',2),
(3318,'Vargas Suárez, Isaac',559,'2010-12-27',3),
(3319,'Ortega Jiménez, Abel',559,'2010-07-09',4),
(3320,'Solís Ramírez, Leonardo',559,'2010-09-15',5),
(3321,'Robles Suárez, Eduardo',559,'2010-11-01',6),
(3322,'Medina García, Iván',559,'2010-02-01',7),
(3323,'Gutiérrez Suárez, Elías',559,'2010-03-04',8),
(3324,'Hernández Jiménez, Alejandro',559,'2010-07-14',9),
(3325,'Soto Jiménez, Carlos',559,'2010-05-21',10),
(3326,'Chávez Ramírez, Elías',559,'2010-09-25',11),
(3327,'Ortiz Suárez, Adrián',559,'2010-03-15',12),
(3328,'Pérez Fernández, Diego',559,'2010-08-03',13),
(3329,'Vega Suárez, Marcos',559,'2010-11-06',14),
(3330,'López Jiménez, Javier',559,'2010-05-19',15),
(3331,'Gómez Ramírez, Adrián',560,'2010-07-25',1),
(3332,'Vázquez Suárez, Elías',560,'2010-02-26',2),
(3333,'García Suárez, Salvador',560,'2010-12-03',3),
(3334,'Méndez Jiménez, Alfredo',560,'2010-01-13',4),
(3335,'Pacheco Suárez, Ricardo',560,'2010-06-20',5),
(3336,'Hernández Jiménez, Rubén',560,'2010-03-05',6),
(3337,'Álvarez Suárez, Daniel',560,'2010-09-19',7),
(3338,'Ramos Jiménez, Hugo',560,'2010-11-26',8),
(3339,'Vargas García, Esteban',560,'2010-01-21',9),
(3340,'Herrera Suárez, Ignacio',560,'2010-06-01',10),
(3341,'Pérez Fernández, Julio',560,'2010-01-03',11),
(3342,'Morales Jiménez, Enrique',560,'2010-05-24',12),
(3343,'Vega García, Jaime',560,'2010-11-08',13),
(3344,'Ortega Jiménez, Jorge',560,'2010-07-02',14),
(3345,'Robles Suárez, Daniel',560,'2010-10-20',15),
(3346,'Medina García, Jorge',561,'2010-11-28',1),
(3347,'Gutiérrez Suárez, Miguel',561,'2010-12-25',2),
(3348,'Vega Suárez, Eduardo',561,'2010-04-07',3),
(3349,'Soto Jiménez, Francisco',561,'2010-12-24',4),
(3350,'Chávez Ramírez, Gustavo',561,'2010-04-15',5),
(3351,'Ortiz Suárez, Pablo',561,'2010-11-23',6),
(3352,'Pérez Fernández, Marcos',561,'2010-10-23',7),
(3353,'Herrera García, Gonzalo',561,'2010-04-11',8),
(3354,'López Jiménez, Iván',561,'2010-07-05',9),
(3355,'Gómez Ramírez, Sebastián',561,'2010-06-15',10),
(3356,'Vázquez Suárez, Nicolás',561,'2010-11-20',11),
(3357,'García Suárez, Antonio',561,'2010-10-08',12),
(3358,'Méndez Jiménez, Antonio',561,'2010-02-08',13),
(3359,'Solís García, Ezequiel',561,'2010-03-15',14),
(3360,'Pacheco Suárez, Francisco',561,'2010-12-06',15),
(3361,'Álvarez Suárez, Mauricio',562,'2010-11-05',1),
(3362,'Ramos Jiménez, Raúl',562,'2010-11-25',2),
(3363,'Vargas García, Pablo',562,'2010-01-07',3),
(3364,'Pérez Fernández, Emanuel',562,'2010-12-15',4),
(3365,'Vega García, Isaac',562,'2010-05-02',5),
(3366,'Vargas Suárez, Abel',562,'2010-04-18',6),
(3367,'Ortega Jiménez, Ricardo',562,'2010-05-12',7),
(3368,'Solís Ramírez, Esteban',562,'2010-09-11',8),
(3369,'Robles Suárez, Enrique',562,'2010-03-21',9),
(3370,'Medina García, Carlos',562,'2010-06-08',10),
(3371,'Gutiérrez Suárez, Vicente',562,'2010-06-23',11),
(3372,'Vega Suárez, Hugo',562,'2010-03-18',12),
(3373,'Soto Jiménez, Roberto',562,'2010-08-08',13),
(3374,'Ortiz Suárez, Andrés',562,'2010-09-19',14),
(3375,'Delgado Jiménez, Lucas',562,'2010-11-04',15),
(3376,'Gómez Ramírez, Alejandro',563,'2010-05-20',1),
(3377,'Vázquez Suárez, Benjamín',563,'2010-09-23',2),
(3378,'Morales Jiménez, Gustavo',563,'2010-01-01',3),
(3379,'Méndez Jiménez, Pedro',563,'2010-02-20',4),
(3380,'Solís García, Isaac',563,'2010-05-24',5),
(3381,'Pacheco Suárez, Mateo',563,'2010-12-14',6),
(3382,'Hernández Jiménez, David',563,'2010-12-02',7),
(3383,'Ramos Jiménez, Andrés',563,'2010-05-21',8),
(3384,'Vargas García, Santiago',563,'2010-05-25',9),
(3385,'Mendoza Jiménez, Isaac',563,'2010-01-03',10),
(3386,'Morales Jiménez, Álvaro',563,'2010-07-13',11),
(3387,'Vega García, Nicolás',563,'2010-03-14',12),
(3388,'Vargas Suárez, Héctor',563,'2010-10-04',13),
(3389,'Solís Ramírez, Samuel',563,'2010-07-06',14),
(3390,'Robles Suárez, Mauricio',563,'2010-10-18',15),
(3391,'Varela Jiménez, Sebastián',564,'2010-03-04',1),
(3392,'Gutiérrez Suárez, Raúl',564,'2010-04-16',2),
(3393,'Vega Suárez, Joaquín',564,'2010-10-04',3),
(3394,'Soto Jiménez, Jorge',564,'2010-02-03',4),
(3395,'Chávez Ramírez, Sebastián',564,'2010-06-18',5),
(3396,'Ortiz Suárez, Emanuel',564,'2010-09-02',6),
(3397,'Pérez Fernández, Enrique',564,'2010-10-27',7),
(3398,'Herrera García, Sergio',564,'2010-05-12',8),
(3399,'Vega Suárez, Samuel',564,'2010-10-15',9),
(3400,'López Jiménez, Felipe',564,'2010-05-26',10),
(3401,'Gómez Ramírez, Hugo',564,'2010-07-02',11),
(3402,'Vázquez Suárez, Ricardo',564,'2010-11-17',12),
(3403,'García Suárez, Raúl',564,'2010-11-26',13),
(3404,'Méndez Jiménez, Salvador',564,'2010-08-09',14),
(3405,'Solís García, Mario',564,'2010-11-09',15),
(3406,'Hernández Jiménez, Samuel',565,'2010-10-17',1),
(3407,'Álvarez Suárez, Francisco',565,'2010-02-28',2),
(3408,'Herrera Suárez, Daniel',565,'2010-06-23',3),
(3409,'Vargas Suárez, Lucas',565,'2010-08-23',4),
(3410,'Ortega Jiménez, Emanuel',565,'2010-09-08',5),
(3411,'Solís Ramírez, Mario',565,'2010-07-08',6),
(3412,'Robles Suárez, Tomás',565,'2010-03-11',7),
(3413,'Varela Jiménez, Andrés',565,'2010-10-12',8),
(3414,'Hernández Jiménez, Juan',565,'2010-01-13',9),
(3415,'Vega Suárez, Abelardo',565,'2010-03-18',10),
(3416,'Chávez Ramírez, José',565,'2010-05-17',11),
(3417,'Ortiz Suárez, Fernando',565,'2010-02-01',12),
(3418,'Pérez Fernández, Mauricio',565,'2010-03-22',13),
(3419,'Herrera García, Juan',565,'2010-12-11',14),
(3420,'López Jiménez, Daniel',565,'2010-12-22',15),
(3421,'Gómez Ramírez, Vicente',566,'2010-08-08',1),
(3422,'Vázquez Suárez, Jorge',566,'2010-08-03',2),
(3423,'García Suárez, Héctor',566,'2010-09-21',3),
(3424,'Méndez Jiménez, Julio',566,'2010-08-02',4),
(3425,'Solís García, Nicolás',566,'2010-01-09',5),
(3426,'Pacheco Suárez, Jaime',566,'2010-12-23',6),
(3427,'Hernández Jiménez, Francisco',566,'2010-04-01',7),
(3428,'Álvarez Suárez, Jesús',566,'2010-07-27',8),
(3429,'Ramos Jiménez, Martín',566,'2010-03-24',9),
(3430,'Herrera Suárez, Lucas',566,'2010-10-02',10),
(3431,'Mendoza Jiménez, Mateo',566,'2010-09-28',11),
(3432,'Pérez Fernández, Hugo',566,'2010-07-06',12),
(3433,'Morales Jiménez, José',566,'2010-12-28',13),
(3434,'Vega García, Santiago',566,'2010-04-23',14),
(3435,'Ortega Jiménez, Vicente',566,'2010-07-13',15),
(3436,'Solís Ramírez, Jorge',567,'2010-04-24',1),
(3437,'Robles Suárez, Iván',567,'2010-04-18',2),
(3438,'Varela Jiménez, David',567,'2010-03-09',3),
(3439,'Hernández Jiménez, Luis',567,'2010-09-02',4),
(3440,'Soto Jiménez, Javier',567,'2010-09-19',5),
(3441,'Chávez Ramírez, Raúl',567,'2010-08-15',6),
(3442,'Pérez Fernández, Rodrigo',567,'2010-11-20',7),
(3443,'Vázquez Suárez, Arturo',567,'2010-08-12',8),
(3444,'Morales Jiménez, Martín',567,'2010-04-11',9),
(3445,'García Suárez, Santiago',567,'2010-11-05',10),
(3446,'Méndez Jiménez, Andrés',567,'2010-09-09',11),
(3447,'Solís García, Gabriel',567,'2010-10-12',12),
(3448,'Pacheco Suárez, Daniel',567,'2010-05-17',13),
(3449,'Álvarez Suárez, Jorge',567,'2010-09-28',14),
(3450,'Pérez Fernández, Federico',567,'2010-09-02',15),
(3451,'Vargas Suárez, Francisco',568,'2010-11-26',1),
(3452,'Ortega Jiménez, Antonio',568,'2010-02-25',2),
(3453,'Robles Suárez, Carlos',568,'2010-03-10',3),
(3454,'Varela Jiménez, Fernando',568,'2010-02-01',4),
(3455,'Medina García, Hugo',568,'2010-07-21',5),
(3456,'Gutiérrez Suárez, Jorge',568,'2010-10-10',6),
(3457,'Hernández Jiménez, Eduardo',568,'2010-10-01',7),
(3458,'Ortiz Suárez, Abel',568,'2010-08-02',8),
(3459,'Ramírez Suárez, Elías',568,'2010-11-12',9),
(3460,'Herrera García, Ricardo',568,'2010-01-11',10),
(3461,'Vega Suárez, Isaac',568,'2010-07-01',11),
(3462,'Gómez Ramírez, Gustavo',568,'2010-09-20',12),
(3463,'Vázquez Suárez, Elian',568,'2010-09-15',13),
(3464,'García Suárez, Gabriel',568,'2010-09-09',14),
(3465,'Méndez Jiménez, Hugo',568,'2010-08-11',15),
(3466,'Solís García, César',569,'2010-11-21',1),
(3467,'Castillo Fernández, Mateo',569,'2010-11-05',2),
(3468,'Varela Jiménez, Juan',569,'2010-03-04',3),
(3469,'Morales García, Nicolás',569,'2010-10-26',4),
(3470,'López Suárez, Federico',569,'2010-08-26',5),
(3471,'Delgado Jiménez, Francisco',569,'2010-09-11',6),
(3472,'Gutiérrez Ramírez, Andrés',569,'2010-07-26',7),
(3473,'Ortiz Suárez, Manuel',569,'2010-06-10',8),
(3474,'Soto Jiménez, Iván',569,'2010-08-24',9),
(3475,'Herrera García, Pedro',569,'2010-07-04',10),
(3476,'Pérez Ramírez, Benjamín',569,'2010-10-16',11),
(3477,'Rivas Suárez, Mario',569,'2010-04-19',12),
(3478,'Mendoza Jiménez, Rafael',569,'2010-11-15',13),
(3479,'Vázquez García, Tomás',569,'2010-09-22',14),
(3480,'Ortega Suárez, Samuel',569,'2010-01-07',15),
(3481,'Hernández Jiménez, Mario',570,'2010-08-14',1),
(3482,'Morales Fernández, Raúl',570,'2010-09-05',2),
(3483,'Ramírez Suárez, Lucas',570,'2010-07-19',3),
(3484,'García Suárez, Eduardo',570,'2010-11-25',4),
(3485,'Torres Jiménez, Gonzalo',570,'2010-11-11',5),
(3486,'Solís Fernández, Fernando',570,'2010-08-10',6),
(3487,'Gálvez Jiménez, Luis',570,'2010-06-19',7),
(3488,'Varela Suárez, Pablo',570,'2010-03-28',8),
(3489,'Delgado García, Hugo',570,'2010-08-03',9),
(3490,'Pineda Jiménez, Javier',570,'2010-04-08',10),
(3491,'Vargas Jiménez, José',570,'2010-02-27',11),
(3492,'Mendoza García, Ignacio',570,'2010-05-05',12),
(3493,'Pérez Jiménez, Marcos',570,'2010-03-22',13),
(3494,'Castillo Suárez, Miguel',570,'2010-04-05',14),
(3495,'Robles García, Emiliano',570,'2010-04-13',15),
(3496,'Ortega Ramírez, Mateo',571,'2010-06-05',1),
(3497,'Hernández Suárez, Damián',571,'2010-01-24',2),
(3498,'Ramírez Fernández, Carlos',571,'2010-04-10',3),
(3499,'Vázquez García, Alfredo',571,'2010-02-19',4),
(3500,'Ortiz Jiménez, Rubén',571,'2010-01-18',5),
(3501,'Soto Ramírez, Diego',571,'2010-03-18',6),
(3502,'Medina Suárez, Antonio',571,'2010-04-12',7),
(3503,'Gálvez Jiménez, Samuel',571,'2010-08-08',8),
(3504,'Torres García, Lucas',571,'2010-03-20',9),
(3505,'Varela Ramírez, Andrés',571,'2010-10-23',10),
(3506,'Gutiérrez Suárez, Julián',571,'2010-09-18',11),
(3507,'Álvarez Jiménez, Mario',571,'2010-02-01',12),
(3508,'Mendoza Fernández, Luis',571,'2010-12-01',13),
(3509,'Pérez Suárez, Pablo',571,'2010-04-05',14),
(3510,'Castillo Jiménez, Antonio',571,'2010-05-26',15),
(3511,'Rivas Suárez, Pedro',572,'2010-06-15',1),
(3512,'Robles Jiménez, Nicolás',572,'2010-06-25',2),
(3513,'Vega Fernández, Emilio',572,'2010-07-07',3),
(3514,'Ramírez Jiménez, Andrés',572,'2010-05-02',4),
(3515,'García Suárez, Iván',572,'2010-11-25',5),
(3516,'Torres Ramírez, Hugo',572,'2010-07-01',6),
(3517,'Solís Jiménez, Raúl',572,'2010-05-03',7),
(3518,'Delgado Suárez, Mauricio',572,'2010-12-11',8),
(3519,'Herrera Jiménez, Marcos',572,'2010-03-26',9),
(3520,'Varela García, Emiliano',572,'2010-08-27',10),
(3521,'Pineda Jiménez, Alfredo',572,'2010-09-20',11),
(3522,'Vargas Jiménez, Lucas',572,'2010-01-17',12),
(3523,'Mendoza García, Sebastián',572,'2010-10-06',13),
(3524,'Castillo Suárez, Andrés',572,'2010-05-10',14),
(3525,'Robles García, Hugo',572,'2010-06-15',15),
(3526,'Ortega Ramírez, Jorge',573,'2010-03-14',1),
(3527,'Vázquez García, Javier',573,'2010-08-26',2),
(3528,'Soto Ramírez, Mario',573,'2010-05-01',3),
(3529,'Medina Suárez, Iván',573,'2010-07-01',4),
(3530,'Gálvez Jiménez, Enrique',573,'2010-12-23',5),
(3531,'Varela Ramírez, Mario',573,'2010-07-15',6),
(3532,'Álvarez Jiménez, Luis',573,'2010-06-20',7),
(3533,'Mendoza Fernández, Javier',573,'2010-11-14',8),
(3534,'Pérez Suárez, Ricardo',573,'2010-08-19',9),
(3535,'Castillo Jiménez, Hugo',573,'2010-12-24',10),
(3536,'Rivas Suárez, Juan',573,'2010-04-10',11),
(3537,'Morales García, Gabriel',573,'2010-03-14',12),
(3538,'Robles Jiménez, José',573,'2010-12-03',13),
(3539,'Vega Fernández, Andrés',573,'2010-10-14',14),
(3540,'Ramírez Jiménez, Emilio',573,'2010-12-24',15),
(3541,'García Suárez, Mario',574,'2010-11-08',1),
(3542,'Torres Ramírez, Federico',574,'2010-11-03',2),
(3543,'Solís Jiménez, Gabriel',574,'2010-10-13',3),
(3544,'Delgado Suárez, Raúl',574,'2010-03-17',4),
(3545,'Herrera Jiménez, Alfredo',574,'2010-05-13',5),
(3546,'Varela García, Pedro',574,'2010-02-10',6),
(3547,'Pineda Jiménez, Francisco',574,'2010-10-12',7),
(3548,'Gutiérrez Suárez, Andrés',574,'2010-10-21',8),
(3549,'Vargas Jiménez, Raúl',574,'2010-09-22',9),
(3550,'Mendoza García, Ricardo',574,'2010-10-24',10),
(3551,'Pérez Jiménez, Santiago',574,'2010-05-12',11),
(3552,'Castillo Suárez, Javier',574,'2010-03-04',12),
(3553,'Robles García, Antonio',574,'2010-09-15',13),
(3554,'Morales Jiménez, Diego',574,'2010-06-16',14),
(3555,'Ortega Ramírez, Emilio',574,'2010-05-20',15),
(3556,'Hernández Suárez, Iván',575,'2010-08-21',1),
(3557,'Ramírez Fernández, David',575,'2010-05-02',2),
(3558,'Vázquez García, José',575,'2010-10-06',3),
(3559,'Ortiz Jiménez, Damián',575,'2010-06-03',4),
(3560,'Soto Ramírez, Enrique',575,'2010-08-07',5),
(3561,'Delgado Jiménez, Julián',575,'2010-08-05',6),
(3562,'Medina Suárez, Roberto',575,'2010-11-08',7),
(3563,'Gálvez Jiménez, Tomás',575,'2010-11-08',8),
(3564,'Torres García, Marcos',575,'2010-12-09',9),
(3565,'Varela Ramírez, Javier',575,'2010-09-13',10),
(3566,'Gutiérrez Suárez, Pablo',575,'2010-05-15',11),
(3567,'Álvarez Jiménez, Gabriel',575,'2010-02-02',12),
(3568,'Mendoza Fernández, Marcos',575,'2010-02-28',13),
(3569,'Pérez Suárez, Emiliano',575,'2010-04-11',14),
(3570,'Castillo Jiménez, Pablo',575,'2010-10-24',15),
(3571,'Rivas Suárez, Ricardo',576,'2010-08-19',1),
(3572,'Morales García, Luis',576,'2010-09-26',2),
(3573,'Robles Jiménez, Iván',576,'2010-03-18',3),
(3574,'Vega Fernández, Hugo',576,'2010-08-24',4),
(3575,'Ramírez Jiménez, Francisco',576,'2010-03-01',5),
(3576,'García Suárez, Daniel',576,'2010-12-27',6),
(3577,'Torres Ramírez, Santiago',576,'2010-01-18',7),
(3578,'Solís Jiménez, Andrés',576,'2010-11-28',8),
(3579,'Herrera Jiménez, Hugo',576,'2010-09-03',9),
(3580,'Varela García, Santiago',576,'2010-04-17',10),
(3581,'Pineda Jiménez, Eduardo',576,'2010-12-04',11),
(3582,'Álvarez Suárez, Diego',576,'2010-04-02',12),
(3583,'Mendoza García, Francisco',576,'2010-10-17',13),
(3584,'Pérez Jiménez, Gabriel',576,'2010-02-05',14),
(3585,'Castillo Suárez, Mario',576,'2010-07-24',15),
(3586,'Robles García, Ricardo',577,'2010-08-17',1),
(3587,'Ortega Ramírez, Luis',577,'2010-03-23',2),
(3588,'Hernández Suárez, Eduardo',577,'2010-08-01',3),
(3589,'Ramírez Fernández, Francisco',577,'2010-07-06',4),
(3590,'Vázquez García, Ricardo',577,'2010-09-16',5),
(3591,'Ortiz Jiménez, Emiliano',577,'2010-10-26',6),
(3592,'Soto Ramírez, Tomás',577,'2010-06-01',7),
(3593,'Delgado Jiménez, Samuel',577,'2010-01-02',8),
(3594,'Gálvez Jiménez, Federico',577,'2010-04-21',9),
(3595,'Herrera Suárez, Gabriel',577,'2010-09-23',10),
(3596,'Varela Ramírez, Francisco',577,'2010-06-03',11),
(3597,'Álvarez Jiménez, Carlos',577,'2010-08-27',12),
(3598,'Mendoza Fernández, Juan',577,'2010-04-05',13),
(3599,'Pérez Suárez, Andrés',577,'2010-09-20',14),
(3600,'Castillo Jiménez, Ricardo',577,'2010-04-21',15),
(3601,'Rivas Suárez, Santiago',578,'2010-08-02',1),
(3602,'Morales García, Santiago',578,'2010-06-01',2),
(3603,'Robles Jiménez, Andrés',578,'2010-04-05',3),
(3604,'Vega Fernández, Gabriel',578,'2010-06-25',4),
(3605,'Ramírez Jiménez, Hugo',578,'2010-11-12',5),
(3606,'García Suárez, Federico',578,'2010-12-07',6),
(3607,'Torres Ramírez, Luis',578,'2010-08-02',7),
(3608,'Solís Jiménez, Mario',578,'2010-12-01',8),
(3609,'Delgado Suárez, Gabriel',578,'2010-09-19',9),
(3610,'Herrera Jiménez, Luis',578,'2010-11-05',10),
(3611,'Varela García, Hugo',578,'2010-08-01',11),
(3612,'Pineda Jiménez, Raúl',578,'2010-01-10',12),
(3613,'Gutiérrez Suárez, José',578,'2010-10-21',13),
(3614,'Vargas Jiménez, Mateo',578,'2010-01-13',14),
(3615,'Mendoza García, Damián',578,'2010-06-23',15),
(3616,'Pérez Jiménez, Carlos',579,'2010-05-22',1),
(3617,'Castillo Suárez, David',579,'2010-04-08',2),
(3618,'Robles García, Mateo',579,'2010-12-09',3),
(3619,'Ortega Ramírez, Gabriel',579,'2010-12-22',4),
(3620,'Hernández Suárez, Hugo',579,'2010-08-18',5),
(3621,'Ramírez Fernández, Santiago',579,'2010-11-17',6),
(3622,'Vázquez García, Raúl',579,'2010-09-02',7),
(3623,'Soto Ramírez, Iván',579,'2010-09-23',8),
(3624,'Medina Suárez, Gabriel',579,'2010-02-25',9),
(3625,'Gálvez Jiménez, Andrés',579,'2010-12-04',10),
(3626,'Varela Ramírez, Luis',579,'2010-11-27',11),
(3627,'Álvarez Jiménez, Francisco',579,'2010-07-28',12),
(3628,'Mendoza Fernández, Emiliano',579,'2010-09-18',13),
(3629,'Castillo Jiménez, Eduardo',579,'2010-10-01',14),
(3630,'Rivas Suárez, Luis',579,'2010-04-20',15),
(3631,'Morales García, Raúl',580,'2010-10-02',1),
(3632,'Robles Jiménez, Hugo',580,'2010-10-19',2),
(3633,'Vega Fernández, Samuel',580,'2010-10-16',3),
(3634,'García Suárez, Hugo',580,'2010-09-12',4),
(3635,'Torres Ramírez, Alfredo',580,'2010-07-12',5),
(3636,'Solís Jiménez, Hugo',580,'2010-06-12',6),
(3637,'Delgado Suárez, Iván',580,'2010-03-15',7),
(3638,'Herrera Jiménez, David',580,'2010-09-17',8),
(3639,'Varela García, Juan',580,'2010-04-19',9),
(3640,'Pineda Jiménez, Hugo',580,'2010-07-19',10),
(3641,'Álvarez Suárez, Roberto',580,'2010-11-25',11),
(3642,'Mendoza García, José',580,'2010-01-19',12),
(3643,'Castillo Suárez, Luis',580,'2010-12-16',13),
(3644,'Hernández Suárez, Luis',580,'2010-05-12',14),
(3645,'Ramírez Fernández, Emilio',580,'2010-01-13',15),
(3646,'Soto Ramírez, Santiago',581,'2010-08-09',1),
(3647,'Gálvez Jiménez, Hugo',581,'2010-02-24',2),
(3648,'Torres García, Luis',581,'2010-12-28',3),
(3649,'Varela Ramírez, Hugo',581,'2010-05-12',4),
(3650,'Álvarez Jiménez, Hugo',581,'2010-11-16',5),
(3651,'Mendoza Fernández, Hugo',581,'2010-07-28',6),
(3652,'Morales García, Hugo',581,'2010-04-14',7),
(3653,'Delgado Suárez, Hugo',581,'2010-08-23',8),
(3654,'Mendoza García, Hugo',581,'2010-01-08',9),
(3655,'Pérez Jiménez, Hugo',581,'2010-08-24',10),
(3656,'Castillo Suárez, Hugo',581,'2010-01-24',11),
(3657,'Ramírez Fernández, Hugo',581,'2010-05-21',12),
(3658,'Ortiz Jiménez, Hugo',581,'2010-03-27',13),
(3659,'Soto Ramírez, Hugo',581,'2010-11-16',14),
(3660,'Herrera Suárez, Hugo',581,'2010-10-22',15),
(3661,'Smith, John',582,'2010-06-08',1),
(3662,'Johnson, Michael',582,'2010-05-03',2),
(3663,'Williams, David',582,'2010-06-10',3),
(3664,'Brown, James',582,'2010-02-20',4),
(3665,'Jones, Robert',582,'2010-07-05',5),
(3666,'Garcia, Joseph',582,'2010-02-27',6),
(3667,'Miller, William',582,'2010-01-27',7),
(3668,'Davis, Charles',582,'2010-01-27',8),
(3669,'Rodriguez, Richard',582,'2010-04-15',9),
(3670,'Martinez, Thomas',582,'2010-09-10',10),
(3671,'Hernandez, Christopher',582,'2010-03-12',11),
(3672,'Lopez, Daniel',582,'2010-09-09',12),
(3673,'Gonzalez, Paul',582,'2010-08-17',13),
(3674,'Wilson, Mark',582,'2010-06-03',14),
(3675,'Anderson, Anthony',582,'2010-08-03',15),
(3676,'Thomas, Kevin',583,'2010-08-09',1),
(3677,'Taylor, Jason',583,'2010-10-06',2),
(3678,'Moore, Matthew',583,'2010-06-22',3),
(3679,'Jackson, Steven',583,'2010-01-16',4),
(3680,'Martin, Brian',583,'2010-09-25',5),
(3681,'Lee, Edward',583,'2010-01-03',6),
(3682,'Perez, Kenneth',583,'2010-02-05',7),
(3683,'Thompson, George',583,'2010-10-17',8),
(3684,'White, Joshua',583,'2010-12-10',9),
(3685,'Harris, Andrew',583,'2010-04-17',10),
(3686,'Sanchez, Ryan',583,'2010-05-26',11),
(3687,'Clark, Nicholas',583,'2010-05-01',12),
(3688,'Ramirez, Jonathan',583,'2010-02-08',13),
(3689,'Lewis, Justin',583,'2010-05-26',14),
(3690,'Robinson, Benjamin',583,'2010-07-14',15),
(3691,'Walker, Alexander',584,'2010-07-07',1),
(3692,'Young, Jacob',584,'2010-05-12',2),
(3693,'Allen, Brandon',584,'2010-02-13',3),
(3694,'King, Jack',584,'2010-02-08',4),
(3695,'Wright, Kyle',584,'2010-12-18',5),
(3696,'Scott, Timothy',584,'2010-08-27',6),
(3697,'Green, Zachary',584,'2010-07-19',7),
(3698,'Adams, Tyler',584,'2010-11-05',8),
(3699,'Baker, Patrick',584,'2010-01-07',9),
(3700,'Gonzalez, Samuel',584,'2010-08-08',10),
(3701,'Nelson, Aaron',584,'2010-01-08',11),
(3702,'Carter, Dylan',584,'2010-02-03',12),
(3703,'Mitchell, Adam',584,'2010-02-27',13),
(3704,'Perez, Joseph',584,'2010-04-15',14),
(3705,'Roberts, Nathan',584,'2010-05-25',15),
(3706,'Turner, Cameron',585,'2010-03-23',1),
(3707,'Phillips, Charles',585,'2010-10-15',2),
(3708,'Campbell, Evan',585,'2010-11-17',3),
(3709,'Parker, Sean',585,'2010-04-27',4),
(3710,'Evans, Aiden',585,'2010-02-02',5),
(3711,'Edwards, Mason',585,'2010-01-04',6),
(3712,'Collins, Lucas',585,'2010-08-08',7),
(3713,'Stewart, Christian',585,'2010-12-12',8),
(3714,'Sanchez, Dominic',585,'2010-08-15',9),
(3715,'Morris, Eli',585,'2010-10-09',10),
(3716,'Rogers, Jordan',585,'2010-10-28',11),
(3717,'Reed, Oliver',585,'2010-10-16',12),
(3718,'Cook, Brayden',585,'2010-11-05',13),
(3719,'Morgan, Caleb',585,'2010-02-28',14),
(3720,'Bell, Isaac',585,'2010-03-23',15),
(3721,'Murphy, Gavin',586,'2010-10-02',1),
(3722,'Bailey, Ryan',586,'2010-03-28',2),
(3723,'Rivera, Nicholas',586,'2010-06-03',3),
(3724,'Cooper, Connor',586,'2010-02-15',4),
(3725,'Richardson, Blake',586,'2010-09-23',5),
(3726,'Cox, Landon',586,'2010-05-10',6),
(3727,'Howard, Adrian',586,'2010-09-05',7),
(3728,'Ward, Nolan',586,'2010-05-02',8),
(3729,'Torres, Bentley',586,'2010-01-21',9),
(3730,'Peterson, Hudson',586,'2010-04-10',10),
(3731,'Gray, Ashton',586,'2010-11-14',11),
(3732,'Ramirez, Chase',586,'2010-06-16',12),
(3733,'James, Jonah',586,'2010-09-17',13),
(3734,'Watson, Xavier',586,'2010-08-05',14),
(3735,'Brooks, Hunter',586,'2010-10-17',15),
(3736,'Kelly, Julian',587,'2010-05-09',1),
(3737,'Sanders, Miles',587,'2010-06-18',2),
(3738,'Price, Leonardo',587,'2010-02-24',3),
(3739,'Bennett, Giovanni',587,'2010-05-15',4),
(3740,'Wood, Elias',587,'2010-01-28',5),
(3741,'Barnes, Maverick',587,'2010-04-03',6),
(3742,'Ross, Zane',587,'2010-11-28',7),
(3743,'Henderson, Sawyer',587,'2010-02-05',8),
(3744,'Coleman, Easton',587,'2010-12-03',9),
(3745,'Jenkins, Maximus',587,'2010-12-15',10),
(3746,'Perry, Brody',587,'2010-08-20',11),
(3747,'Powell, Colton',587,'2010-08-13',12),
(3748,'Long, Ezekiel',587,'2010-07-07',13),
(3749,'Patterson, Nathaniel',587,'2010-12-28',14),
(3750,'Hughes, Micah',587,'2010-07-05',15),
(3751,'Flores, Damien',588,'2010-08-21',1),
(3752,'Washington, Roman',588,'2010-06-14',2),
(3753,'Butler, Kai',588,'2010-07-07',3),
(3754,'Simmons, Theo',588,'2010-06-16',4),
(3755,'Foster, Bennett',588,'2010-02-07',5),
(3756,'Gonzales, Luis',588,'2010-03-12',6),
(3757,'Bryant, Hendrix',588,'2010-12-15',7),
(3758,'Alexander, Jace',588,'2010-02-15',8),
(3759,'Russell, Camden',588,'2010-08-17',9),
(3760,'Griffin, Jude',588,'2010-02-10',10),
(3761,'Parker, Logan',588,'2010-11-18',11),
(3762,'Cooper, Mason',588,'2010-12-12',12),
(3763,'Campbell, Liam',588,'2010-01-28',13),
(3764,'Mitchell, Ethan',588,'2010-02-23',14),
(3765,'Carter, Owen',588,'2010-11-06',15),
(3766,'Howard, Caleb',589,'2010-07-07',1),
(3767,'Nelson, Connor',589,'2010-07-09',2),
(3768,'Walker, Julian',589,'2010-01-05',3),
(3769,'Lewis, Henry',589,'2010-07-16',4),
(3770,'Harris, Jameson',589,'2010-06-27',5),
(3771,'Martin, Levi',589,'2010-04-16',6),
(3772,'Lee, Eli',589,'2010-01-19',7),
(3773,'Adams, Jaxon',589,'2010-01-24',8),
(3774,'Phillips, Jackson',589,'2010-05-21',9),
(3775,'Roberts, Leo',589,'2010-02-09',10),
(3776,'Rogers, Isaac',589,'2010-11-18',11),
(3777,'Powell, Sebastian',589,'2010-09-06',12),
(3778,'Hughes, Gabriel',589,'2010-12-19',13),
(3779,'Wood, Grayson',589,'2010-08-10',14),
(3780,'Brooks, Samuel',589,'2010-04-10',15),
(3781,'Bennett, Luke',590,'2010-04-24',1),
(3782,'Cook, Alexander',590,'2010-12-25',2),
(3783,'Collins, Michael',590,'2010-02-23',3),
(3784,'Peterson, Anthony',590,'2010-01-11',4),
(3785,'Turner, David',590,'2010-07-09',5),
(3786,'Ross, William',590,'2010-02-11',6),
(3787,'Bennett, Benjamin',590,'2010-03-16',7),
(3788,'Gray, Daniel',590,'2010-08-02',8),
(3789,'Mitchell, Samuel',590,'2010-03-02',9),
(3790,'Carter, Matthew',590,'2010-12-18',10),
(3791,'Howard, Joseph',590,'2010-01-21',11),
(3792,'Nelson, Andrew',590,'2010-02-07',12),
(3793,'Walker, Christopher',590,'2010-12-01',13),
(3794,'Lewis, Joshua',590,'2010-01-17',14),
(3795,'Harris, Nicholas',590,'2010-03-11',15),
(3796,'Martin, Jacob',591,'2010-08-10',1),
(3797,'Lee, Logan',591,'2010-10-26',2),
(3798,'Adams, Christian',591,'2010-11-09',3),
(3799,'Phillips, Cameron',591,'2010-12-28',4),
(3800,'Roberts, Elijah',591,'2010-05-27',5),
(3801,'Rogers, Brayden',591,'2010-11-26',6),
(3802,'Powell, Jonathan',591,'2010-12-10',7),
(3803,'Hughes, Nolan',591,'2010-05-16',8),
(3804,'Wood, Aiden',591,'2010-05-25',9),
(3805,'Brooks, Oliver',591,'2010-09-03',10),
(3806,'Bennett, Ryan',591,'2010-03-20',11),
(3807,'Cook, Caleb',591,'2010-07-28',12),
(3808,'Collins, Jace',591,'2010-04-07',13),
(3809,'Peterson, Thomas',591,'2010-06-06',14),
(3810,'Turner, Mateo',591,'2010-10-27',15),
(3811,'Ross, Asher',592,'2010-08-20',1),
(3812,'Ward, Owen',592,'2010-08-23',2),
(3813,'Torres, Caleb',592,'2010-08-04',3),
(3814,'Ramirez, Jackson',592,'2010-12-05',4),
(3815,'James, Gabriel',592,'2010-11-16',5),
(3816,'Watson, Nathaniel',592,'2010-06-27',6),
(3817,'Edwards, Matteo',592,'2010-03-23',7),
(3818,'Reyes, Keegan',592,'2010-01-05',8),
(3819,'Curtis, Victor',592,'2010-08-01',9),
(3820,'Chapman, Abel',592,'2010-10-28',10),
(3821,'Gutierrez, Dean',592,'2010-09-12',11),
(3822,'Guzman, Milo',592,'2010-11-15',12),
(3823,'Baker, Brody',592,'2010-03-13',13),
(3824,'Barnes, Abel',592,'2010-12-04',14),
(3825,'Morales, Elliot',592,'2010-06-10',15),
(3826,'Rhodes, Felix',593,'2010-11-23',1),
(3827,'Lynch, Finn',593,'2010-10-15',2),
(3828,'Boyd, Mateo',593,'2010-06-14',3),
(3829,'Holmes, Simon',593,'2010-06-04',4),
(3830,'Ford, Max',593,'2010-07-25',5),
(3831,'Riley, Abel',593,'2010-07-26',6),
(3832,'Sanders, Kai',593,'2010-01-14',7),
(3833,'Brooks, Elias',593,'2010-08-04',8),
(3834,'Parker, Oscar',593,'2010-02-03',9),
(3835,'Hughes, Dante',593,'2010-03-15',10),
(3836,'Coleman, Elias',593,'2010-12-25',11),
(3837,'Hughes, Archer',593,'2010-10-09',12),
(3838,'Dixon, Blake',593,'2010-01-26',13),
(3839,'McCoy, Leo',593,'2010-10-15',14),
(3840,'Ray, Santiago',593,'2010-09-03',15),
(3841,'Reid, Erik',594,'2010-05-05',1),
(3842,'Ford, Jonas',594,'2010-03-06',2),
(3843,'Harris, Zane',594,'2010-03-19',3),
(3844,'Hawkins, Rowan',594,'2010-11-03',4),
(3845,'Delgado, Cruz',594,'2010-07-16',5),
(3846,'Valdez, Enzo',594,'2010-12-27',6),
(3847,'Wade, Gideon',594,'2010-04-24',7),
(3848,'Romero, Reid',594,'2010-07-12',8),
(3849,'Vasquez, Rocco',594,'2010-04-15',9),
(3850,'Santiago, Luka',594,'2010-12-08',10),
(3851,'Warner, Cassius',594,'2010-03-27',11),
(3852,'Saunders, Marcel',594,'2010-07-03',12),
(3853,'Diaz, Everett',594,'2010-05-27',13),
(3854,'Sims, Kyrie',594,'2010-08-09',14),
(3855,'Wells, Nico',594,'2010-10-22',15),
(3856,'Soto, Ace',595,'2010-04-11',1),
(3857,'Fowler, Jax',595,'2010-01-03',2),
(3858,'Hubbard, Kian',595,'2010-05-23',3),
(3859,'Newton, Apollo',595,'2010-09-07',4),
(3860,'Olsen, Odin',595,'2010-06-19',5),
(3861,'Walton, Cairo',595,'2010-08-14',6),
(3862,'Pierce, Alec',595,'2010-11-09',7),
(3863,'Gonzales, Ellis',595,'2010-04-12',8),
(3864,'Gregory, Zayn',595,'2010-09-20',9),
(3865,'Jacobs, Memphis',595,'2010-04-23',10),
(3866,'Chambers, Alec',595,'2010-10-12',11),
(3867,'Burke, Jonah',595,'2010-10-22',12),
(3868,'Caldwell, Asa',595,'2010-02-25',13),
(3869,'Morrison, Ace',595,'2010-07-27',14),
(3870,'Saunders, Phoenix',595,'2010-02-14',15),
(3871,'Jensen, Damian',596,'2010-09-08',1),
(3872,'Moreno, Atlas',596,'2010-12-14',2),
(3873,'Banks, Amari',596,'2010-10-16',3),
(3874,'White, Jett',596,'2010-05-13',4),
(3875,'King, Sullivan',596,'2010-03-17',5),
(3876,'McBride, Adonis',596,'2010-09-27',6),
(3877,'Parker, Orion',596,'2010-12-08',7),
(3878,'Perry, Hendrix',596,'2010-12-26',8),
(3879,'Long, Zander',596,'2010-07-22',9),
(3880,'Castillo, Royce',596,'2010-02-16',10),
(3881,'Miles, Kasen',596,'2010-11-25',11),
(3882,'Foster, Colt',596,'2010-09-14',12),
(3883,'Harper, Lennox',596,'2010-08-17',13),
(3884,'Robertson, Apollo',596,'2010-02-03',14),
(3885,'Mendez, Ryker',596,'2010-10-01',15),
(3886,'Gibson, Callum',597,'2010-04-27',1),
(3887,'Elliott, Axton',597,'2010-02-10',2),
(3888,'Warren, Enzo',597,'2010-03-15',3),
(3889,'Jordan, Magnus',597,'2010-06-14',4),
(3890,'Reynolds, Knox',597,'2010-09-03',5),
(3891,'Drake, Beckett',597,'2010-12-19',6),
(3892,'Clayton, Colt',597,'2010-10-24',7),
(3893,'Duncan, Dax',597,'2010-06-25',8),
(3894,'Garrett, Jagger',597,'2010-12-16',9),
(3895,'Wagner, Stetson',597,'2010-12-26',10),
(3896,'Green, Enzo',597,'2010-12-01',11),
(3897,'Gray, Zane',597,'2010-01-25',12),
(3898,'Reid, Maddox',597,'2010-09-18',13),
(3899,'Elliott, Drake',597,'2010-03-22',14),
(3900,'Sullivan, Cruz',597,'2010-12-16',15),
(3901,'Walters, Bodhi',598,'2010-06-26',1),
(3902,'Sanchez, Landon',598,'2010-03-09',2),
(3903,'Montgomery, Jace',598,'2010-04-10',3),
(3904,'Ortiz, Hendrix',598,'2010-05-04',4),
(3905,'Frazier, Kian',598,'2010-12-06',5),
(3906,'Meyer, Orion',598,'2010-01-05',6),
(3907,'Jacobs, Callan',598,'2010-11-21',7),
(3908,'Hudson, Creed',598,'2010-04-24',8),
(3909,'West, Ryland',598,'2010-07-24',9),
(3910,'Lane, Brixton',598,'2010-08-11',10),
(3911,'Perkins, Knox',598,'2010-11-24',11),
(3912,'Cooper, Zeke',598,'2010-01-14',12),
(3913,'Murray, Jagger',598,'2010-05-02',13),
(3914,'Grant, Callahan',598,'2010-11-13',14),
(3915,'Ortiz, Boone',598,'2010-07-05',15),
(3916,'Herrera, Jaxton',599,'2010-11-21',1),
(3917,'Sanchez, Dax',599,'2010-07-15',2),
(3918,'Weaver, Nash',599,'2010-05-07',3),
(3919,'Wheeler, Caspian',599,'2010-12-02',4),
(3920,'Davidson, Ford',599,'2010-02-22',5),
(3921,'Soto, Keegan',599,'2010-04-14',6),
(3922,'Harrison, Zaire',599,'2010-03-14',7),
(3923,'Weaver, Lachlan',599,'2010-04-18',8),
(3924,'Ray, Blaise',599,'2010-11-22',9),
(3925,'Ruiz, Corbin',599,'2010-07-16',10),
(3926,'Williamson, Orion',599,'2010-07-04',11),
(3927,'Gilbert, Brecken',599,'2010-01-04',12),
(3928,'Fisher, Ledger',599,'2010-02-22',13),
(3929,'Olson, Briar',599,'2010-01-07',14),
(3930,'Dean, Caspian',599,'2010-08-19',15),
(3931,'Sims, Remington',600,'2010-05-04',1),
(3932,'Gardner, Gideon',600,'2010-09-16',2),
(3933,'Ortiz, Braylon',600,'2010-01-08',3),
(3934,'Torres, Lachlan',600,'2010-04-28',4),
(3935,'Bates, Trenton',600,'2010-02-06',5),
(3936,'Harmon, Ares',600,'2010-08-20',6),
(3937,'Stephens, Maddox',600,'2010-01-11',7),
(3938,'Thornton, Pierce',600,'2010-11-25',8),
(3939,'Carr, Beckett',600,'2010-12-12',9),
(3940,'Foster, Sterling',600,'2010-10-11',10),
(3941,'Bradley, Jax',600,'2010-08-26',11),
(3942,'Reid, Finn',600,'2010-10-02',12),
(3943,'Watkins, Dallas',600,'2010-05-08',13),
(3944,'Freeman, Solomon',600,'2010-10-02',14),
(3945,'Matthews, Ace',600,'2010-06-23',15),
(3946,'Banks, Briar',601,'2010-12-13',1),
(3947,'Ross, Oakley',601,'2010-10-22',2),
(3948,'Powell, Alistair',601,'2010-07-21',3),
(3949,'Bishop, Jax',601,'2010-07-19',4),
(3950,'Bryant, Lawson',601,'2010-07-24',5),
(3951,'Phillips, Soren',601,'2010-01-02',6),
(3952,'Spencer, Roland',601,'2010-11-25',7),
(3953,'Caldwell, Reed',601,'2010-12-24',8),
(3954,'Chavez, Griffin',601,'2010-09-23',9),
(3955,'Black, Zayd',601,'2010-03-09',10),
(3956,'Porter, Wells',601,'2010-10-02',11),
(3957,'Hart, Ellis',601,'2010-12-21',12),
(3958,'Soto, Conrad',601,'2010-10-06',13),
(3959,'Romero, Cassius',601,'2010-04-13',14),
(3960,'Richards, Ford',601,'2010-03-05',15),
(3961,'Lynch, Kyson',602,'2010-12-12',1),
(3962,'Medina, Stellan',602,'2010-11-26',2),
(3963,'Holland, Callum',602,'2010-02-26',3),
(3964,'McCoy, Magnus',602,'2010-08-10',4),
(3965,'Mendoza, Daxton',602,'2010-04-08',5),
(3966,'Moore, Colson',602,'2010-10-09',6),
(3967,'Gregory, Zayden',602,'2010-08-23',7),
(3968,'Taylor, Alden',602,'2010-01-27',8),
(3969,'Palmer, Leland',602,'2010-03-06',9),
(3970,'Willis, Damon',602,'2010-06-02',10),
(3971,'Bates, Ellis',602,'2010-11-05',11),
(3972,'Day, Sterling',602,'2010-04-16',12),
(3973,'Spencer, Beckett',602,'2010-11-13',13),
(3974,'Love, Callan',602,'2010-08-19',14),
(3975,'Schultz, Lincoln',602,'2010-06-19',15),
(3976,'Adkins, Zeke',603,'2010-10-02',1),
(3977,'Bailey, Ronan',603,'2010-02-06',2),
(3978,'Chapman, Zaire',603,'2010-07-27',3),
(3979,'Knight, Bode',603,'2010-03-27',4),
(3980,'Reid, Lachlan',603,'2010-06-19',5),
(3981,'Hale, Colt',603,'2010-02-12',6),
(3982,'Erickson, Briggs',603,'2010-12-17',7),
(3983,'Riley, Titus',603,'2010-09-20',8),
(3984,'Fisher, Milo',603,'2010-04-01',9),
(3985,'Moreno, Tatum',603,'2010-02-17',10),
(3986,'Miles, Knox',603,'2010-09-16',11),
(3987,'Larson, Ridge',603,'2010-11-07',12),
(3988,'Burton, Daxton',603,'2010-04-01',13),
(3989,'Tucker, Weston',603,'2010-02-06',14),
(3990,'Collins, Creed',603,'2010-01-04',15),
(3991,'Fowler, Zayden',604,'2010-03-23',1),
(3992,'Richards, Brixton',604,'2010-09-10',2),
(3993,'Hayes, Weston',604,'2010-11-15',3),
(3994,'Rice, Roman',604,'2010-03-01',4),
(3995,'Hale, Knox',604,'2010-02-02',5),
(3996,'Jacobs, Malakai',604,'2010-01-12',6),
(3997,'Fields, Apollo',604,'2010-12-21',7),
(3998,'Rose, Greyson',604,'2010-07-13',8),
(3999,'Day, Ryker',604,'2010-05-24',9),
(4000,'Moore, Wells',604,'2010-11-17',10),
(4001,'Weber, Finn',604,'2010-11-03',11),
(4002,'Berry, Ronin',604,'2010-04-25',12),
(4003,'Fox, Holden',604,'2010-05-15',13),
(4004,'Pearson, Ashton',604,'2010-02-20',14),
(4005,'Snyder, Zeke',604,'2010-02-20',15),
(4006,'Schmidt, Ryland',605,'2010-04-11',1),
(4007,'Newman, Zayden',605,'2010-09-21',2),
(4008,'Davidson, Callum',605,'2010-10-07',3),
(4009,'Evans, Brecken',605,'2010-06-18',4),
(4010,'Hanson, Ryker',605,'2010-05-24',5),
(4011,'Chapman, Declan',605,'2010-04-08',6),
(4012,'Hernandez, Arlo',605,'2010-10-06',7),
(4013,'Harrison, Max',605,'2010-08-15',8),
(4014,'Jordan, Jaxon',605,'2010-05-09',9),
(4015,'Franklin, Phoenix',605,'2010-01-04',10),
(4016,'Simon, Hugo',605,'2010-04-05',11),
(4017,'Perry, Rafael',605,'2010-02-22',12),
(4018,'Daniels, Griffin',605,'2010-06-07',13),
(4019,'Grant, Dante',605,'2010-12-11',14),
(4020,'Porter, Zane',605,'2010-01-03',15),
(4021,'Dunn, Remy',606,'2010-02-06',1),
(4022,'Spencer, August',606,'2010-04-02',2),
(4023,'Armstrong, Cade',606,'2010-08-15',3),
(4024,'Ramirez, Kairo',606,'2010-12-16',4),
(4025,'Reed, Damien',606,'2010-06-14',5),
(4026,'Bailey, Eli',606,'2010-05-08',6),
(4027,'Stephens, Magnus',606,'2010-11-04',7),
(4028,'Harrison, Enzo',606,'2010-07-13',8),
(4029,'Reynolds, Zayn',606,'2010-11-12',9),
(4030,'Gutierrez, Flynn',606,'2010-06-27',10),
(4031,'Greene, Remington',606,'2010-04-11',11),
(4032,'Matthews, Wells',606,'2010-07-26',12),
(4033,'Owens, Braylen',606,'2010-10-18',13),
(4034,'Holmes, Ryker',606,'2010-02-23',14),
(4035,'Brooks, Solomon',606,'2010-03-16',15),
(4036,'Hayes, Maddox',607,'2010-09-25',1),
(4037,'Watson, Levi',607,'2010-06-08',2),
(4038,'Mitchell, Nixon',607,'2010-02-15',3),
(4039,'Richards, Maximus',607,'2010-11-15',4),
(4040,'Cox, Sterling',607,'2010-05-24',5),
(4041,'Murphy, Chase',607,'2010-02-14',6),
(4042,'Flores, Kye',607,'2010-11-22',7),
(4043,'Howard, Sullivan',607,'2010-08-02',8),
(4044,'Fisher, Nolan',607,'2010-04-15',9),
(4045,'Edwards, Callan',607,'2010-03-12',10),
(4046,'McKinney, Blaise',607,'2010-06-13',11),
(4047,'Daniels, Archer',607,'2010-07-26',12),
(4048,'Barton, Dante',607,'2010-05-13',13),
(4049,'Lawson, Beckett',607,'2010-11-08',14),
(4050,'Knight, Wyatt',607,'2010-08-22',15),
(4051,'Duncan, August',608,'2010-10-20',1),
(4052,'Meyer, Cole',608,'2010-01-07',2),
(4053,'Hawkins, Jax',608,'2010-10-22',3),
(4054,'Spencer, Magnus',608,'2010-03-23',4),
(4055,'Martin, Wilder',608,'2010-01-17',5),
(4056,'Ross, Royce',608,'2010-05-27',6),
(4057,'Tucker, Ryland',608,'2010-02-18',7),
(4058,'Reed, Griffin',608,'2010-05-24',8),
(4059,'Watson, Dante',608,'2010-12-11',9),
(4060,'Walker, Titus',608,'2010-08-05',10),
(4061,'Cooper, Kyler',608,'2010-03-26',11),
(4062,'Hernandez, Walker',608,'2010-07-16',12),
(4063,'Murphy, Augustus',608,'2010-10-11',13),
(4064,'Jenkins, Hudson',608,'2010-11-07',14),
(4065,'Hill, Caspian',608,'2010-06-16',15),
(4066,'Webb, Luca',609,'2010-07-24',1),
(4067,'Black, Bodhi',609,'2010-08-09',2),
(4068,'Wells, Thatcher',609,'2010-07-22',3),
(4069,'James, Madden',609,'2010-01-15',4),
(4070,'Montgomery, Gunner',609,'2010-07-22',5),
(4071,'Rice, Phoenix',609,'2010-06-16',6),
(4072,'Davidson, Maddox',609,'2010-09-10',7),
(4073,'Barnes, Ace',609,'2010-05-13',8),
(4074,'Pierce, Wilder',609,'2010-08-22',9),
(4075,'Price, Arlo',609,'2010-11-23',10),
(4076,'Cruz, Talon',609,'2010-12-07',11),
(4077,'Barnes, Sterling',609,'2010-07-03',12),
(4078,'Harrison, Ezra',609,'2010-11-12',13),
(4079,'Fernandez, Hudson',609,'2010-11-24',14),
(4080,'Dunn, Bryson',609,'2010-05-03',15),
(4081,'Palmer, Daxton',610,'2010-08-01',1),
(4082,'Spencer, Callahan',610,'2010-10-02',2),
(4083,'Stevens, Zion',610,'2010-02-24',3),
(4084,'Richards, Lawson',610,'2010-06-27',4),
(4085,'Burton, Zander',610,'2010-06-06',5),
(4086,'Wells, Orion',610,'2010-11-08',6),
(4087,'Hudson, Lennox',610,'2010-12-05',7),
(4088,'Simmons, Bowen',610,'2010-12-06',8),
(4089,'Sullivan, Lawson',610,'2010-10-09',9),
(4090,'Fowler, Zane',610,'2010-05-20',10),
(4091,'Payne, Gideon',610,'2010-07-27',11),
(4092,'Crawford, Hugo',610,'2010-06-28',12),
(4093,'Bailey, Tripp',610,'2010-08-15',13),
(4094,'Porter, Felix',610,'2010-10-18',14),
(4095,'Watkins, Titan',610,'2010-10-02',15),
(4096,'Hanson, Cruz',611,'2010-10-22',1),
(4097,'Weaver, Titus',611,'2010-08-03',2),
(4098,'Berry, Theo',611,'2010-10-13',3),
(4099,'Pearson, Holden',611,'2010-06-18',4),
(4100,'Bell, Madden',611,'2010-01-09',5),
(4101,'Fisher, Gideon',611,'2010-04-01',6),
(4102,'Morrison, Maxton',611,'2010-09-14',7),
(4103,'Jordan, Walker',611,'2010-10-21',8),
(4104,'George, Rowan',611,'2010-04-06',9),
(4105,'Brooks, Bowen',611,'2010-06-15',10),
(4106,'Holt, Wilder',611,'2010-03-26',11),
(4107,'McDonald, Callen',611,'2010-09-06',12),
(4108,'Parks, Enzo',611,'2010-02-05',13),
(4109,'Payne, Bodhi',611,'2010-07-01',14),
(4110,'Ortiz, Maddox',611,'2010-02-22',15),
(4111,'Davidson, Matteo',612,'2010-07-07',1),
(4112,'Dunn, Archer',612,'2010-08-08',2),
(4113,'Dean, Jaxon',612,'2010-09-12',3),
(4114,'Armstrong, Zayn',612,'2010-05-26',4),
(4115,'Stone, Nixon',612,'2010-03-26',5),
(4116,'Rose, Griffin',612,'2010-08-01',6),
(4117,'Arnold, Royce',612,'2010-08-17',7),
(4118,'Dean, Ronin',612,'2010-03-16',8),
(4119,'Montgomery, Leland',612,'2010-11-06',9),
(4120,'Reyes, Knox',612,'2010-09-21',10),
(4121,'Kennedy, Atlas',612,'2010-09-26',11),
(4122,'Hicks, Talon',612,'2010-10-13',12),
(4123,'Jacobs, Orion',612,'2010-11-12',13),
(4124,'Roberts, Bodhi',612,'2010-12-04',14),
(4125,'Harris, Zeke',612,'2010-02-19',15),
(4126,'Mitchell, Atlas',613,'2010-03-10',1),
(4127,'Cox, Zayn',613,'2010-07-26',2),
(4128,'Diaz, Kingston',613,'2010-11-01',3),
(4129,'Sanchez, Knox',613,'2010-08-15',4),
(4130,'Carter, Creed',613,'2010-11-18',5),
(4131,'Bell, Ford',613,'2010-01-09',6),
(4132,'Scott, Nolan',613,'2010-05-03',7),
(4133,'Bailey, Lincoln',613,'2010-07-13',8),
(4134,'Ramos, Wyatt',613,'2010-03-02',9),
(4135,'Powell, Daxton',613,'2010-09-24',10),
(4136,'Jenkins, Zane',613,'2010-05-07',11),
(4137,'Bryant, Cruz',613,'2010-10-03',12),
(4138,'Allen, Titus',613,'2010-07-19',13),
(4139,'Ramos, Holden',613,'2010-07-03',14),
(4140,'Bailey, Zayden',613,'2010-11-17',15),
(4141,'Torres, Maximus',614,'2010-06-25',1),
(4142,'Brooks, Jensen',614,'2010-08-27',2),
(4143,'Russell, Beckett',614,'2010-08-07',3),
(4144,'Adams, Gideon',614,'2010-11-13',4),
(4145,'Jackson, Rowan',614,'2010-09-28',5),
(4146,'Adams, Kian',614,'2010-01-05',6),
(4147,'Thomas, Ronin',614,'2010-03-24',7),
(4148,'Parker, Milo',614,'2010-01-02',8),
(4149,'Taylor, Maximus',614,'2010-12-26',9),
(4150,'Carter, Tate',614,'2010-03-25',10),
(4151,'Walker, Bodhi',614,'2010-09-14',11),
(4152,'Miller, Wells',614,'2010-06-25',12),
(4153,'Thomas, Mateo',614,'2010-09-05',13),
(4154,'Hall, Gunnar',614,'2010-04-17',14),
(4155,'Harris, Zander',614,'2010-08-14',15),
(4156,'Stewart, Colt',615,'2010-08-05',1),
(4157,'Carter, Zayne',615,'2010-07-08',2),
(4158,'Brooks, Griffin',615,'2010-12-24',3),
(4159,'Hill, Enzo',615,'2010-08-11',4),
(4160,'Harris, Ryker',615,'2010-12-25',5),
(4161,'Butler, Wilder',615,'2010-01-24',6),
(4162,'Gray, Holden',615,'2010-11-28',7),
(4163,'Morris, Ezekiel',615,'2010-08-07',8),
(4164,'Reed, Knox',615,'2010-12-16',9),
(4165,'Stewart, Zane',615,'2010-04-18',10),
(4166,'Cooper, Ryland',615,'2010-11-27',11),
(4167,'Price, Ronan',615,'2010-08-28',12),
(4168,'Lee, Ryker',615,'2010-06-03',13),
(4169,'Moore, Zeke',615,'2010-12-09',14),
(4170,'Bennett, Cruz',615,'2010-03-27',15),
(4171,'White, Maddox',616,'2010-08-03',1),
(4172,'Morgan, Wilder',616,'2010-08-24',2),
(4173,'Howard, Kian',616,'2010-12-26',3),
(4174,'Baker, August',616,'2010-07-02',4),
(4175,'Scott, Zayne',616,'2010-11-14',5),
(4176,'Sanders, Madden',616,'2010-05-25',6),
(4177,'Powell, Cruz',616,'2010-05-10',7),
(4178,'Ward, Ryland',616,'2010-11-06',8),
(4179,'Ross, Jett',616,'2010-03-22',9),
(4180,'Sanders, Knox',616,'2010-01-26',10),
(4181,'Collins, Matteo',616,'2010-02-08',11),
(4182,'Wood, Zane',616,'2010-12-12',12),
(4183,'Hill, Stetson',616,'2010-11-23',13),
(4184,'Rivera, Beckett',616,'2010-01-19',14),
(4185,'Bailey, Kyler',616,'2010-01-15',15),
(4186,'Campbell, Ezra',617,'2010-07-27',1),
(4187,'Cox, Maximus',617,'2010-02-01',2),
(4188,'Hayes, Griffin',617,'2010-12-10',3),
(4189,'Gonzales, Cruz',617,'2010-07-18',4),
(4190,'Foster, Ryker',617,'2010-07-23',5),
(4191,'Edwards, Maddox',617,'2010-10-16',6),
(4192,'Hughes, Kian',617,'2010-09-10',7),
(4193,'Ward, Cruz',617,'2010-09-03',8),
(4194,'Patterson, Knox',617,'2010-07-12',9),
(4195,'Howard, Beckett',617,'2010-06-06',10),
(4196,'Turner, Tate',617,'2010-03-25',11),
(4197,'Bailey, Gunnar',617,'2010-07-27',12),
(4198,'Miller, Orion',617,'2010-12-18',13),
(4199,'Bennett, Maddox',617,'2010-11-17',14),
(4200,'King, Wilder',617,'2010-08-22',15),
(4201,'Ward, Matteo',618,'2010-07-17',1),
(4202,'Foster, Stetson',618,'2010-01-27',2),
(4203,'Jenkins, Ryland',618,'2010-06-25',3),
(4204,'Wood, Knox',618,'2010-08-28',4),
(4205,'Thomas, August',618,'2010-10-26',5),
(4206,'Bennett, Zane',618,'2010-06-03',6),
(4207,'Harris, Gunnar',618,'2010-05-03',7),
(4208,'Collins, Ryker',618,'2010-04-11',8),
(4209,'Peterson, Wells',618,'2010-08-11',9),
(4210,'Rogers, Ryland',618,'2010-07-13',10),
(4211,'Bailey, Zeke',618,'2010-09-19',11),
(4212,'Miller, Maddox',618,'2010-05-14',12),
(4213,'Wilson, Cruz',618,'2010-06-04',13),
(4214,'Allen, Griffin',618,'2010-05-14',14),
(4215,'Scott, Holden',618,'2010-09-16',15),
(4216,'Taylor, Beckett',619,'2010-10-11',1),
(4217,'Turner, Stetson',619,'2010-09-28',2),
(4218,'Phillips, Maddox',619,'2010-10-15',3),
(4219,'Hall, Zayne',619,'2010-07-10',4),
(4220,'Robinson, Gunnar',619,'2010-03-19',5),
(4221,'Carter, Knox',619,'2010-05-11',6),
(4222,'Reed, Wilder',619,'2010-04-02',7),
(4223,'Bennett, Ryker',619,'2010-05-11',8),
(4224,'Lee, Griffin',619,'2010-11-13',9),
(4225,'Hall, Maddox',619,'2010-06-08',10),
(4226,'Phillips, Zane',619,'2010-02-27',11),
(4227,'Adams, Gunnar',619,'2010-08-12',12),
(4228,'Cooper, Cruz',619,'2010-03-22',13),
(4229,'Johnson, Matteo',619,'2010-12-24',14),
(4230,'Smith, Orion',619,'2010-10-23',15),
(4231,'Brown, Stetson',620,'2010-04-08',1),
(4232,'Jones, Beckett',620,'2010-12-20',2),
(4233,'Taylor, Wells',620,'2010-08-21',3),
(4234,'Anderson, Gunnar',620,'2010-01-23',4),
(4235,'Thomas, Maddox',620,'2010-05-13',5),
(4236,'Jackson, Matteo',620,'2010-10-19',6),
(4237,'White, Cruz',620,'2010-06-12',7),
(4238,'Harris, Wilder',620,'2010-03-07',8),
(4239,'Martin, Knox',620,'2010-10-22',9),
(4240,'Thompson, Ryker',620,'2010-07-08',10),
(4241,'Garcia, Griffin',620,'2010-01-15',11),
(4242,'Martinez, Beckett',620,'2010-08-11',12),
(4243,'Robinson, Stetson',620,'2010-03-11',13),
(4244,'Clark, Maddox',620,'2010-04-23',14),
(4245,'Rodriguez, Matteo',620,'2010-12-10',15),
(4246,'Lewis, Cruz',621,'2010-09-27',1),
(4247,'Lee, Wilder',621,'2010-02-07',2),
(4248,'Walker, Knox',621,'2010-05-25',3),
(4249,'Hall, Ryker',621,'2010-09-28',4),
(4250,'Young, Beckett',621,'2010-03-05',5),
(4251,'Hernandez, Stetson',621,'2010-10-17',6),
(4252,'King, Maddox',621,'2010-07-27',7),
(4253,'Wright, Matteo',621,'2010-02-24',8),
(4254,'Lopez, Cruz',621,'2010-06-22',9),
(4255,'Hill, Wilder',621,'2010-03-18',10),
(4256,'Scott, Knox',621,'2010-05-13',11),
(4257,'Green, Ryker',621,'2010-03-08',12),
(4258,'Adams, Griffin',621,'2010-06-16',13),
(4259,'Baker, Beckett',621,'2010-06-24',14),
(4260,'Gonzalez, Stetson',621,'2010-07-17',15),
(4261,'Nelson, Maddox',622,'2010-02-18',1),
(4262,'Carter, Matteo',622,'2010-05-07',2),
(4263,'Mitchell, Cruz',622,'2010-01-16',3),
(4264,'Perez, Wilder',622,'2010-09-26',4),
(4265,'Roberts, Knox',622,'2010-08-21',5),
(4266,'Turner, Ryker',622,'2010-05-24',6),
(4267,'Phillips, Griffin',622,'2010-06-25',7),
(4268,'Campbell, Beckett',622,'2010-12-17',8),
(4269,'Parker, Stetson',622,'2010-06-02',9),
(4270,'Evans, Maddox',622,'2010-03-12',10),
(4271,'Collins, Cruz',622,'2010-12-04',11),
(4272,'Stewart, Wilder',622,'2010-05-19',12),
(4273,'Morris, Ryker',622,'2010-01-20',13),
(4274,'Rogers, Griffin',622,'2010-06-17',14),
(4275,'Reed, Beckett',622,'2010-03-21',15),
(4276,'Cook, Stetson',623,'2010-10-08',1),
(4277,'Morgan, Maddox',623,'2010-01-24',2),
(4278,'Bell, Matteo',623,'2010-09-28',3),
(4279,'Murphy, Cruz',623,'2010-11-18',4),
(4280,'Bailey, Wilder',623,'2010-10-22',5),
(4281,'Rivera, Knox',623,'2010-05-21',6),
(4282,'Cooper, Ryker',623,'2010-09-04',7),
(4283,'Richardson, Griffin',623,'2010-07-19',8),
(4284,'Cox, Beckett',623,'2010-01-28',9),
(4285,'Howard, Stetson',623,'2010-01-11',10),
(4286,'Ward, Maddox',623,'2010-10-12',11),
(4287,'Torres, Matteo',623,'2010-10-22',12),
(4288,'Peterson, Cruz',623,'2010-05-02',13),
(4289,'Gray, Wilder',623,'2010-02-12',14),
(4290,'Ramirez, Knox',623,'2010-02-15',15),
(4291,'James, Ryker',624,'2010-04-09',1),
(4292,'Watson, Griffin',624,'2010-04-26',2),
(4293,'Brooks, Beckett',624,'2010-04-19',3),
(4294,'Kelly, Stetson',624,'2010-01-06',4),
(4295,'Sanders, Maddox',624,'2010-12-27',5),
(4296,'Price, Matteo',624,'2010-03-15',6),
(4297,'Wood, Wilder',624,'2010-10-11',7),
(4298,'Barnes, Knox',624,'2010-04-21',8),
(4299,'Ross, Ryker',624,'2010-08-04',9),
(4300,'Henderson, Griffin',624,'2010-05-21',10),
(4301,'Coleman, Beckett',624,'2010-12-07',11),
(4302,'Jenkins, Stetson',624,'2010-03-09',12),
(4303,'Perry, Maddox',624,'2010-01-17',13),
(4304,'Powell, Matteo',624,'2010-03-02',14),
(4305,'Long, Cruz',624,'2010-12-27',15),
(4306,'Patterson, Wilder',625,'2010-12-07',1),
(4307,'Hughes, Knox',625,'2010-04-02',2),
(4308,'Flores, Ryker',625,'2010-11-05',3),
(4309,'Washington, Griffin',625,'2010-01-26',4),
(4310,'Butler, Beckett',625,'2010-07-26',5),
(4311,'Simmons, Stetson',625,'2010-01-24',6),
(4312,'Foster, Maddox',625,'2010-06-01',7),
(4313,'Gonzales, Matteo',625,'2010-11-19',8),
(4314,'Alexander, Wilder',625,'2010-01-08',9),
(4315,'Russell, Knox',625,'2010-09-02',10),
(4316,'Griffin, Ryker',625,'2010-05-12',11),
(4317,'Edwards, Griffin',625,'2010-10-08',12),
(4318,'Reyes, Beckett',625,'2010-04-18',13),
(4319,'Curtis, Stetson',625,'2010-03-14',14),
(4320,'Chapman, Maddox',625,'2010-05-03',15),
(4321,'Gutierrez, Matteo',626,'2010-08-18',1),
(4322,'Guzman, Cruz',626,'2010-05-03',2),
(4323,'Baker, Wilder',626,'2010-09-08',3),
(4324,'Morales, Ryker',626,'2010-02-01',4),
(4325,'Rhodes, Griffin',626,'2010-07-18',5),
(4326,'Lynch, Beckett',626,'2010-03-25',6),
(4327,'Boyd, Stetson',626,'2010-03-11',7),
(4328,'Holmes, Maddox',626,'2010-03-09',8),
(4329,'Ford, Matteo',626,'2010-08-17',9),
(4330,'Riley, Cruz',626,'2010-12-05',10),
(4331,'Sanders, Wilder',626,'2010-01-01',11),
(4332,'Brooks, Knox',626,'2010-03-07',12),
(4333,'Parker, Ryker',626,'2010-01-25',13),
(4334,'Hughes, Griffin',626,'2010-08-12',14),
(4335,'Hughes, Stetson',626,'2010-01-26',15),
(4336,'Dixon, Maddox',627,'2010-03-28',1),
(4337,'McCoy, Matteo',627,'2010-12-23',2),
(4338,'Ray, Cruz',627,'2010-12-22',3),
(4339,'Reid, Wilder',627,'2010-10-22',4),
(4340,'Ford, Knox',627,'2010-07-16',5),
(4341,'Hawkins, Griffin',627,'2010-12-21',6),
(4342,'Delgado, Beckett',627,'2010-12-13',7),
(4343,'Valdez, Stetson',627,'2010-09-28',8),
(4344,'Wade, Maddox',627,'2010-02-21',9),
(4345,'Romero, Matteo',627,'2010-08-04',10),
(4346,'Vasquez, Cruz',627,'2010-09-24',11),
(4347,'Santiago, Wilder',627,'2010-04-07',12),
(4348,'Warner, Knox',627,'2010-11-12',13),
(4349,'Saunders, Ryker',627,'2010-07-21',14),
(4350,'Diaz, Griffin',627,'2010-07-16',15),
(4351,'Sims, Beckett',628,'2010-03-24',1),
(4352,'Wells, Stetson',628,'2010-01-16',2),
(4353,'Soto, Maddox',628,'2010-08-18',3),
(4354,'Fowler, Matteo',628,'2010-09-02',4),
(4355,'Hubbard, Cruz',628,'2010-04-11',5),
(4356,'Newton, Wilder',628,'2010-03-27',6),
(4357,'Olsen, Knox',628,'2010-08-02',7),
(4358,'Walton, Ryker',628,'2010-05-12',8),
(4359,'Pierce, Griffin',628,'2010-10-20',9),
(4360,'Gonzales, Beckett',628,'2010-10-22',10),
(4361,'Gregory, Stetson',628,'2010-06-20',11),
(4362,'Jacobs, Maddox',628,'2010-02-23',12),
(4363,'Chambers, Matteo',628,'2010-09-28',13),
(4364,'Burke, Cruz',628,'2010-05-12',14),
(4365,'Caldwell, Wilder',628,'2010-11-23',15),
(4366,'Morrison, Knox',629,'2010-11-09',1),
(4367,'Jensen, Griffin',629,'2010-05-22',2),
(4368,'Moreno, Beckett',629,'2010-12-03',3),
(4369,'Banks, Stetson',629,'2010-05-20',4),
(4370,'King, Matteo',629,'2010-09-18',5),
(4371,'McBride, Cruz',629,'2010-03-11',6),
(4372,'Parker, Wilder',629,'2010-07-07',7),
(4373,'Perry, Knox',629,'2010-11-27',8),
(4374,'Long, Ryker',629,'2010-01-03',9),
(4375,'Castillo, Griffin',629,'2010-04-20',10),
(4376,'Miles, Beckett',629,'2010-01-10',11),
(4377,'Harper, Maddox',629,'2010-01-12',12),
(4378,'Robertson, Matteo',629,'2010-12-15',13),
(4379,'Mendez, Cruz',629,'2010-11-01',14),
(4380,'Gibson, Wilder',629,'2010-01-26',15),
(4381,'Elliott, Knox',630,'2010-01-07',1),
(4382,'Warren, Ryker',630,'2010-06-07',2),
(4383,'Jordan, Griffin',630,'2010-02-16',3),
(4384,'Reynolds, Beckett',630,'2010-09-16',4),
(4385,'Drake, Stetson',630,'2010-02-18',5),
(4386,'Clayton, Maddox',630,'2010-10-25',6),
(4387,'Duncan, Matteo',630,'2010-03-22',7),
(4388,'Garrett, Cruz',630,'2010-06-17',8),
(4389,'Wagner, Wilder',630,'2010-10-08',9),
(4390,'Green, Knox',630,'2010-10-17',10),
(4391,'Gray, Ryker',630,'2010-08-17',11),
(4392,'Reid, Griffin',630,'2010-11-07',12),
(4393,'Elliott, Beckett',630,'2010-08-02',13),
(4394,'Sullivan, Stetson',630,'2010-07-04',14),
(4395,'Walters, Maddox',630,'2010-03-08',15),
(4396,'Sanchez, Matteo',631,'2010-02-23',1),
(4397,'Montgomery, Cruz',631,'2010-04-26',2),
(4398,'Ortiz, Wilder',631,'2010-08-12',3),
(4399,'Frazier, Knox',631,'2010-08-25',4),
(4400,'Meyer, Ryker',631,'2010-06-08',5),
(4401,'Jacobs, Griffin',631,'2010-04-14',6),
(4402,'Hudson, Beckett',631,'2010-02-17',7),
(4403,'West, Stetson',631,'2010-04-19',8),
(4404,'Lane, Maddox',631,'2010-10-02',9),
(4405,'Perkins, Matteo',631,'2010-06-22',10),
(4406,'Murray, Wilder',631,'2010-02-25',11),
(4407,'Grant, Knox',631,'2010-09-06',12),
(4408,'Ortiz, Ryker',631,'2010-05-22',13),
(4409,'Herrera, Griffin',631,'2010-12-01',14),
(4410,'Sanchez, Beckett',631,'2010-04-16',15),
(4411,'Weaver, Stetson',632,'2010-02-13',1),
(4412,'Wheeler, Maddox',632,'2010-03-21',2),
(4413,'Soto, Cruz',632,'2010-08-23',3),
(4414,'Harrison, Wilder',632,'2010-05-11',4),
(4415,'Weaver, Knox',632,'2010-11-15',5),
(4416,'Ray, Ryker',632,'2010-09-22',6),
(4417,'Ruiz, Griffin',632,'2010-05-27',7),
(4418,'Williamson, Beckett',632,'2010-05-26',8),
(4419,'Gilbert, Stetson',632,'2010-06-07',9),
(4420,'Fisher, Maddox',632,'2010-09-04',10),
(4421,'Olson, Matteo',632,'2010-01-09',11),
(4422,'Dean, Cruz',632,'2010-12-16',12),
(4423,'Sims, Wilder',632,'2010-12-19',13),
(4424,'Gardner, Knox',632,'2010-10-13',14),
(4425,'Torres, Griffin',632,'2010-06-23',15),
(4426,'Bates, Beckett',633,'2010-02-27',1),
(4427,'Harmon, Stetson',633,'2010-02-03',2),
(4428,'Thornton, Matteo',633,'2010-11-22',3),
(4429,'Carr, Cruz',633,'2010-02-27',4),
(4430,'Foster, Wilder',633,'2010-11-24',5),
(4431,'Bradley, Knox',633,'2010-03-19',6),
(4432,'Reid, Ryker',633,'2010-01-11',7),
(4433,'Watkins, Griffin',633,'2010-03-15',8),
(4434,'Freeman, Beckett',633,'2010-07-02',9),
(4435,'Matthews, Stetson',633,'2010-01-04',10),
(4436,'Banks, Maddox',633,'2010-07-14',11),
(4437,'Ross, Matteo',633,'2010-09-28',12),
(4438,'Bishop, Wilder',633,'2010-05-05',13),
(4439,'Bryant, Knox',633,'2010-07-14',14),
(4440,'Phillips, Ryker',633,'2010-06-04',15),
(4441,'Spencer, Griffin',634,'2010-08-03',1),
(4442,'Caldwell, Beckett',634,'2010-07-07',2),
(4443,'Chavez, Stetson',634,'2010-02-19',3),
(4444,'Black, Maddox',634,'2010-11-14',4),
(4445,'Porter, Matteo',634,'2010-12-03',5),
(4446,'Hart, Cruz',634,'2010-08-14',6),
(4447,'Soto, Wilder',634,'2010-06-16',7),
(4448,'Romero, Knox',634,'2010-09-03',8),
(4449,'Richards, Ryker',634,'2010-05-08',9),
(4450,'Lynch, Griffin',634,'2010-03-02',10),
(4451,'Medina, Beckett',634,'2010-02-26',11),
(4452,'Holland, Stetson',634,'2010-08-21',12),
(4453,'McCoy, Maddox',634,'2010-08-12',13),
(4454,'Mendoza, Matteo',634,'2010-02-01',14),
(4455,'Moore, Cruz',634,'2010-09-20',15),
(4456,'Gregory, Wilder',635,'2010-01-03',1),
(4457,'Taylor, Knox',635,'2010-03-08',2),
(4458,'Palmer, Ryker',635,'2010-12-28',3),
(4459,'Willis, Griffin',635,'2010-01-20',4),
(4460,'Day, Stetson',635,'2010-05-08',5),
(4461,'Spencer, Maddox',635,'2010-01-09',6),
(4462,'Love, Matteo',635,'2010-04-13',7),
(4463,'Schultz, Cruz',635,'2010-12-11',8),
(4464,'Adkins, Wilder',635,'2010-03-24',9),
(4465,'Bailey, Knox',635,'2010-02-23',10),
(4466,'Chapman, Ryker',635,'2010-01-21',11),
(4467,'Knight, Griffin',635,'2010-07-17',12),
(4468,'Reid, Beckett',635,'2010-06-09',13),
(4469,'Hale, Stetson',635,'2010-05-19',14),
(4470,'Erickson, Maddox',635,'2010-10-27',15),
(4471,'Riley, Matteo',636,'2010-07-24',1),
(4472,'Fisher, Cruz',636,'2010-01-15',2),
(4473,'Moreno, Wilder',636,'2010-09-02',3),
(4474,'Larson, Ryker',636,'2010-11-18',4),
(4475,'Burton, Griffin',636,'2010-01-09',5),
(4476,'Tucker, Beckett',636,'2010-09-05',6),
(4477,'Collins, Stetson',636,'2010-12-03',7),
(4478,'Fowler, Maddox',636,'2010-07-24',8),
(4479,'Richards, Matteo',636,'2010-01-13',9),
(4480,'Hayes, Cruz',636,'2010-10-14',10),
(4481,'Rice, Wilder',636,'2010-08-22',11),
(4482,'Jacobs, Ryker',636,'2010-04-10',12),
(4483,'Fields, Griffin',636,'2010-01-26',13),
(4484,'Rose, Beckett',636,'2010-12-11',14),
(4485,'Moore, Maddox',636,'2010-08-16',15),
(4486,'Weber, Matteo',637,'2010-01-12',1),
(4487,'Berry, Cruz',637,'2010-01-11',2),
(4488,'Fox, Wilder',637,'2010-06-26',3),
(4489,'Pearson, Knox',637,'2010-02-26',4),
(4490,'Snyder, Ryker',637,'2010-07-19',5),
(4491,'Schmidt, Griffin',637,'2010-07-20',6),
(4492,'Newman, Beckett',637,'2010-02-20',7),
(4493,'Davidson, Stetson',637,'2010-11-08',8),
(4494,'Hanson, Matteo',637,'2010-02-05',9),
(4495,'Chapman, Cruz',637,'2010-08-27',10),
(4496,'Hernandez, Wilder',637,'2010-12-20',11),
(4497,'Harrison, Knox',637,'2010-12-11',12),
(4498,'Jordan, Ryker',637,'2010-10-15',13),
(4499,'Franklin, Griffin',637,'2010-01-10',14),
(4500,'Simon, Beckett',637,'2010-04-22',15),
(4501,'Perry, Stetson',638,'2010-11-18',1),
(4502,'Daniels, Maddox',638,'2010-06-08',2),
(4503,'Grant, Matteo',638,'2010-04-17',3),
(4504,'Porter, Cruz',638,'2010-02-01',4),
(4505,'Dunn, Wilder',638,'2010-09-26',5),
(4506,'Spencer, Knox',638,'2010-12-13',6),
(4507,'Armstrong, Ryker',638,'2010-08-25',7),
(4508,'Ramirez, Griffin',638,'2010-03-12',8),
(4509,'Bailey, Stetson',638,'2010-07-18',9),
(4510,'Harrison, Matteo',638,'2010-09-09',10),
(4511,'Wright, Enzo',638,'2010-04-10',11),
(4512,'Lewis, Sean',638,'2010-03-03',12),
(4513,'Rodriguez, James',638,'2010-09-20',13),
(4514,'Hill, Kai',638,'2010-09-03',14),
(4515,'Anderson, Braxton',638,'2010-03-15',15);

INSERT INTO `Partit` (`id_partit`,`local`,`visitant`,`jornada`,`data`,`hora`,`estat`)
VALUES
(1,338,346,1,'2023-10-08','17:00','F'),
(2,339,347,1,'2023-10-08','12:00','F'),
(3,340,348,1,'2023-10-08','19:00','F'),
(4,341,349,1,'2023-10-08','16:00','F'),
(5,342,350,1,'2023-10-08','12:00','F'),
(6,343,351,1,'2023-10-08','16:00','F'),
(7,344,352,1,'2023-10-08','12:00','F'),
(8,345,353,1,'2023-10-08','16:00','F'),
(241,354,362,1,'2023-10-08','17:00','F'),
(242,355,363,1,'2023-10-08','16:00','F'),
(243,356,364,1,'2023-10-08','17:00','F'),
(244,357,365,1,'2023-10-08','17:00','F'),
(245,358,366,1,'2023-10-08','16:00','F'),
(246,359,367,1,'2023-10-08','17:00','F'),
(247,360,368,1,'2023-10-08','17:00','F'),
(248,361,369,1,'2023-10-08','12:00','F'),
(481,386,394,1,'2023-10-08','17:00','F'),
(482,387,395,1,'2023-10-08','17:00','F'),
(483,388,396,1,'2023-10-08','19:00','F'),
(484,389,397,1,'2023-10-08','12:00','F'),
(485,390,398,1,'2023-10-08','19:00','F'),
(486,391,399,1,'2023-10-08','16:00','F'),
(487,392,400,1,'2023-10-08','10:00','F'),
(488,393,401,1,'2023-10-08','10:00','F'),
(9,346,339,2,'2023-10-15','16:00','F'),
(10,347,340,2,'2023-10-15','16:00','F'),
(11,348,341,2,'2023-10-15','19:00','F'),
(12,349,342,2,'2023-10-15','12:00','F'),
(13,350,343,2,'2023-10-15','10:00','F'),
(14,351,344,2,'2023-10-15','10:00','F'),
(15,352,345,2,'2023-10-15','16:00','F'),
(16,353,338,2,'2023-10-15','12:00','F'),
(249,362,355,2,'2023-10-15','12:00','F'),
(250,363,356,2,'2023-10-15','12:00','F'),
(251,364,357,2,'2023-10-15','12:00','F'),
(252,365,358,2,'2023-10-15','12:00','F'),
(253,366,359,2,'2023-10-15','16:00','F'),
(254,367,360,2,'2023-10-15','10:00','F'),
(255,368,361,2,'2023-10-15','17:00','F'),
(256,369,354,2,'2023-10-15','12:00','F'),
(489,394,387,2,'2023-10-15','12:00','F'),
(490,395,388,2,'2023-10-15','10:00','F'),
(491,396,389,2,'2023-10-15','12:00','F'),
(492,397,390,2,'2023-10-15','10:00','F'),
(493,398,391,2,'2023-10-15','10:00','F'),
(494,399,392,2,'2023-10-15','16:00','F'),
(495,400,393,2,'2023-10-15','16:00','F'),
(496,401,386,2,'2023-10-15','12:00','F'),
(17,338,347,3,'2023-10-22','16:00','J'),
(18,339,348,3,'2023-10-22','17:00','J'),
(19,340,349,3,'2023-10-22','12:00','J'),
(20,341,350,3,'2023-10-22','10:00','J'),
(21,342,351,3,'2023-10-22','19:00','J'),
(22,343,352,3,'2023-10-22','17:00','J'),
(23,344,353,3,'2023-10-22','10:00','J'),
(24,345,346,3,'2023-10-22','12:00','J'),
(257,354,363,3,'2023-10-22','19:00','J'),
(258,355,364,3,'2023-10-22','17:00','J'),
(259,356,365,3,'2023-10-22','16:00','J'),
(260,357,366,3,'2023-10-22','16:00','J'),
(261,358,367,3,'2023-10-22','16:00','J'),
(262,359,368,3,'2023-10-22','16:00','J'),
(263,360,369,3,'2023-10-22','10:00','J'),
(264,361,362,3,'2023-10-22','10:00','J'),
(497,386,395,3,'2023-10-22','19:00','J'),
(498,387,396,3,'2023-10-22','16:00','J'),
(499,388,397,3,'2023-10-22','10:00','J'),
(500,389,398,3,'2023-10-22','12:00','J'),
(501,390,399,3,'2023-10-22','17:00','J'),
(502,391,400,3,'2023-10-22','10:00','J'),
(503,392,401,3,'2023-10-22','17:00','J'),
(504,393,394,3,'2023-10-22','17:00','J'),
(25,346,340,4,'2023-10-29','10:00','C'),
(26,347,341,4,'2023-10-29','12:00','C'),
(27,348,342,4,'2023-10-29','19:00','C'),
(28,349,343,4,'2023-10-29','16:00','C'),
(29,350,344,4,'2023-10-29','12:00','C'),
(30,351,345,4,'2023-10-29','10:00','C'),
(31,352,338,4,'2023-10-29','12:00','C'),
(32,353,339,4,'2023-10-29','16:00','C'),
(265,362,356,4,'2023-10-29','10:00','C'),
(266,363,357,4,'2023-10-29','19:00','C'),
(267,364,358,4,'2023-10-29','10:00','C'),
(268,365,359,4,'2023-10-29','10:00','C'),
(269,366,360,4,'2023-10-29','10:00','C'),
(270,367,361,4,'2023-10-29','10:00','C'),
(271,368,354,4,'2023-10-29','19:00','C'),
(272,369,355,4,'2023-10-29','19:00','C'),
(505,394,388,4,'2023-10-29','17:00','C'),
(506,395,389,4,'2023-10-29','19:00','C'),
(507,396,390,4,'2023-10-29','19:00','C'),
(508,397,391,4,'2023-10-29','17:00','C'),
(509,398,392,4,'2023-10-29','16:00','C'),
(510,399,393,4,'2023-10-29','10:00','C'),
(511,400,386,4,'2023-10-29','19:00','C'),
(512,401,387,4,'2023-10-29','10:00','C'),
(33,338,348,5,'2023-11-05','19:00','C'),
(34,339,349,5,'2023-11-05','12:00','C'),
(35,340,350,5,'2023-11-05','12:00','C'),
(36,341,351,5,'2023-11-05','16:00','C'),
(37,342,352,5,'2023-11-05','10:00','C'),
(38,343,353,5,'2023-11-05','16:00','C'),
(39,344,346,5,'2023-11-05','19:00','C'),
(40,345,347,5,'2023-11-05','12:00','C'),
(273,354,364,5,'2023-11-05','17:00','C'),
(274,355,365,5,'2023-11-05','19:00','C'),
(275,356,366,5,'2023-11-05','17:00','C'),
(276,357,367,5,'2023-11-05','12:00','C'),
(277,358,368,5,'2023-11-05','16:00','C'),
(278,359,369,5,'2023-11-05','17:00','C'),
(279,360,362,5,'2023-11-05','12:00','C'),
(280,361,363,5,'2023-11-05','10:00','C'),
(513,386,396,5,'2023-11-05','10:00','C'),
(514,387,397,5,'2023-11-05','12:00','C'),
(515,388,398,5,'2023-11-05','12:00','C'),
(516,389,399,5,'2023-11-05','16:00','C'),
(517,390,400,5,'2023-11-05','16:00','C'),
(518,391,401,5,'2023-11-05','19:00','C'),
(519,392,394,5,'2023-11-05','19:00','C'),
(520,393,395,5,'2023-11-05','17:00','C'),
(41,346,341,6,'2023-11-12','10:00','C'),
(42,347,342,6,'2023-11-12','19:00','C'),
(43,348,343,6,'2023-11-12','17:00','C'),
(44,349,344,6,'2023-11-12','17:00','C'),
(45,350,345,6,'2023-11-12','17:00','C'),
(46,351,338,6,'2023-11-12','17:00','C'),
(47,352,339,6,'2023-11-12','16:00','C'),
(48,353,340,6,'2023-11-12','12:00','C'),
(281,362,357,6,'2023-11-12','19:00','C'),
(282,363,358,6,'2023-11-12','19:00','C'),
(283,364,359,6,'2023-11-12','17:00','C'),
(284,365,360,6,'2023-11-12','16:00','C'),
(285,366,361,6,'2023-11-12','19:00','C'),
(286,367,354,6,'2023-11-12','12:00','C'),
(287,368,355,6,'2023-11-12','10:00','C'),
(288,369,356,6,'2023-11-12','10:00','C'),
(521,394,389,6,'2023-11-12','10:00','C'),
(522,395,390,6,'2023-11-12','12:00','C'),
(523,396,391,6,'2023-11-12','19:00','C'),
(524,397,392,6,'2023-11-12','19:00','C'),
(525,398,393,6,'2023-11-12','12:00','C'),
(526,399,386,6,'2023-11-12','10:00','C'),
(527,400,387,6,'2023-11-12','12:00','C'),
(528,401,388,6,'2023-11-12','17:00','C'),
(49,338,349,7,'2023-11-19','10:00','C'),
(50,339,350,7,'2023-11-19','17:00','C'),
(51,340,351,7,'2023-11-19','12:00','C'),
(52,341,352,7,'2023-11-19','12:00','C'),
(53,342,353,7,'2023-11-19','19:00','C'),
(54,343,346,7,'2023-11-19','10:00','C'),
(55,344,347,7,'2023-11-19','12:00','C'),
(56,345,348,7,'2023-11-19','19:00','C'),
(289,354,365,7,'2023-11-19','10:00','C'),
(290,355,366,7,'2023-11-19','10:00','C'),
(291,356,367,7,'2023-11-19','10:00','C'),
(292,357,368,7,'2023-11-19','19:00','C'),
(293,358,369,7,'2023-11-19','10:00','C'),
(294,359,362,7,'2023-11-19','12:00','C'),
(295,360,363,7,'2023-11-19','17:00','C'),
(296,361,364,7,'2023-11-19','17:00','C'),
(529,386,397,7,'2023-11-19','17:00','C'),
(530,387,398,7,'2023-11-19','19:00','C'),
(531,388,399,7,'2023-11-19','12:00','C'),
(532,389,400,7,'2023-11-19','10:00','C'),
(533,390,401,7,'2023-11-19','16:00','C'),
(534,391,394,7,'2023-11-19','19:00','C'),
(535,392,395,7,'2023-11-19','17:00','C'),
(536,393,396,7,'2023-11-19','12:00','C'),
(57,346,342,8,'2023-11-26','19:00','C'),
(58,347,343,8,'2023-11-26','19:00','C'),
(59,348,344,8,'2023-11-26','19:00','C'),
(60,349,345,8,'2023-11-26','19:00','C'),
(61,350,338,8,'2023-11-26','10:00','C'),
(62,351,339,8,'2023-11-26','12:00','C'),
(63,352,340,8,'2023-11-26','12:00','C'),
(64,353,341,8,'2023-11-26','19:00','C'),
(297,362,358,8,'2023-11-26','10:00','C'),
(298,363,359,8,'2023-11-26','10:00','C'),
(299,364,360,8,'2023-11-26','10:00','C'),
(300,365,361,8,'2023-11-26','16:00','C'),
(301,366,354,8,'2023-11-26','17:00','C'),
(302,367,355,8,'2023-11-26','19:00','C'),
(303,368,356,8,'2023-11-26','17:00','C'),
(304,369,357,8,'2023-11-26','17:00','C'),
(537,394,390,8,'2023-11-26','16:00','C'),
(538,395,391,8,'2023-11-26','19:00','C'),
(539,396,392,8,'2023-11-26','17:00','C'),
(540,397,393,8,'2023-11-26','19:00','C'),
(541,398,386,8,'2023-11-26','17:00','C'),
(542,399,387,8,'2023-11-26','10:00','C'),
(543,400,388,8,'2023-11-26','19:00','C'),
(544,401,389,8,'2023-11-26','19:00','C'),
(65,338,350,9,'2023-12-03','17:00','C'),
(66,339,351,9,'2023-12-03','16:00','C'),
(67,340,352,9,'2023-12-03','10:00','C'),
(68,341,353,9,'2023-12-03','12:00','C'),
(69,342,346,9,'2023-12-03','19:00','C'),
(70,343,347,9,'2023-12-03','17:00','C'),
(71,344,348,9,'2023-12-03','10:00','C'),
(72,345,349,9,'2023-12-03','10:00','C'),
(305,354,366,9,'2023-12-03','19:00','C'),
(306,355,367,9,'2023-12-03','17:00','C'),
(307,356,368,9,'2023-12-03','19:00','C'),
(308,357,369,9,'2023-12-03','12:00','C'),
(309,358,362,9,'2023-12-03','17:00','C'),
(310,359,363,9,'2023-12-03','16:00','C'),
(311,360,364,9,'2023-12-03','17:00','C'),
(312,361,365,9,'2023-12-03','12:00','C'),
(545,386,398,9,'2023-12-03','16:00','C'),
(546,387,399,9,'2023-12-03','10:00','C'),
(547,388,400,9,'2023-12-03','12:00','C'),
(548,389,401,9,'2023-12-03','10:00','C'),
(549,390,394,9,'2023-12-03','17:00','C'),
(550,391,395,9,'2023-12-03','10:00','C'),
(551,392,396,9,'2023-12-03','10:00','C'),
(552,393,397,9,'2023-12-03','17:00','C'),
(73,346,343,10,'2023-12-10','10:00','C'),
(74,347,344,10,'2023-12-10','17:00','C'),
(75,348,345,10,'2023-12-10','17:00','C'),
(76,349,338,10,'2023-12-10','17:00','C'),
(77,350,339,10,'2023-12-10','12:00','C'),
(78,351,340,10,'2023-12-10','16:00','C'),
(79,352,341,10,'2023-12-10','12:00','C'),
(80,353,342,10,'2023-12-10','19:00','C'),
(313,362,359,10,'2023-12-10','16:00','C'),
(314,363,360,10,'2023-12-10','16:00','C'),
(315,364,361,10,'2023-12-10','17:00','C'),
(316,365,354,10,'2023-12-10','10:00','C'),
(317,366,355,10,'2023-12-10','12:00','C'),
(318,367,356,10,'2023-12-10','19:00','C'),
(319,368,357,10,'2023-12-10','10:00','C'),
(320,369,358,10,'2023-12-10','16:00','C'),
(553,394,391,10,'2023-12-10','12:00','C'),
(554,395,392,10,'2023-12-10','17:00','C'),
(555,396,393,10,'2023-12-10','16:00','C'),
(556,397,386,10,'2023-12-10','16:00','C'),
(557,398,387,10,'2023-12-10','17:00','C'),
(558,399,388,10,'2023-12-10','19:00','C'),
(559,400,389,10,'2023-12-10','17:00','C'),
(560,401,390,10,'2023-12-10','12:00','C'),
(81,338,351,11,'2023-12-17','12:00','C'),
(82,339,352,11,'2023-12-17','17:00','C'),
(83,340,353,11,'2023-12-17','12:00','C'),
(84,341,346,11,'2023-12-17','19:00','C'),
(85,342,347,11,'2023-12-17','17:00','C'),
(86,343,348,11,'2023-12-17','10:00','C'),
(87,344,349,11,'2023-12-17','17:00','C'),
(88,345,350,11,'2023-12-17','16:00','C'),
(321,354,367,11,'2023-12-17','10:00','C'),
(322,355,368,11,'2023-12-17','12:00','C'),
(323,356,369,11,'2023-12-17','12:00','C'),
(324,357,362,11,'2023-12-17','12:00','C'),
(325,358,363,11,'2023-12-17','16:00','C'),
(326,359,364,11,'2023-12-17','19:00','C'),
(327,360,365,11,'2023-12-17','16:00','C'),
(328,361,366,11,'2023-12-17','10:00','C'),
(561,386,399,11,'2023-12-17','12:00','C'),
(562,387,400,11,'2023-12-17','17:00','C'),
(563,388,401,11,'2023-12-17','12:00','C'),
(564,389,394,11,'2023-12-17','17:00','C'),
(565,390,395,11,'2023-12-17','19:00','C'),
(566,391,396,11,'2023-12-17','12:00','C'),
(567,392,397,11,'2023-12-17','10:00','C'),
(568,393,398,11,'2023-12-17','17:00','C'),
(89,346,344,12,'2024-01-07','19:00','C'),
(90,347,345,12,'2024-01-07','12:00','C'),
(91,348,338,12,'2024-01-07','17:00','C'),
(92,349,339,12,'2024-01-07','19:00','C'),
(93,350,340,12,'2024-01-07','10:00','C'),
(94,351,341,12,'2024-01-07','16:00','C'),
(95,352,342,12,'2024-01-07','19:00','C'),
(96,353,343,12,'2024-01-07','19:00','C'),
(329,362,360,12,'2024-01-07','10:00','C'),
(330,363,361,12,'2024-01-07','19:00','C'),
(331,364,354,12,'2024-01-07','19:00','C'),
(332,365,355,12,'2024-01-07','12:00','C'),
(333,366,356,12,'2024-01-07','10:00','C'),
(334,367,357,12,'2024-01-07','16:00','C'),
(335,368,358,12,'2024-01-07','16:00','C'),
(336,369,359,12,'2024-01-07','19:00','C'),
(569,394,392,12,'2024-01-07','17:00','C'),
(570,395,393,12,'2024-01-07','12:00','C'),
(571,396,386,12,'2024-01-07','17:00','C'),
(572,397,387,12,'2024-01-07','12:00','C'),
(573,398,388,12,'2024-01-07','16:00','C'),
(574,399,389,12,'2024-01-07','12:00','C'),
(575,400,390,12,'2024-01-07','12:00','C'),
(576,401,391,12,'2024-01-07','19:00','C'),
(97,338,352,13,'2024-01-14','17:00','C'),
(98,339,353,13,'2024-01-14','16:00','C'),
(99,340,346,13,'2024-01-14','16:00','C'),
(100,341,347,13,'2024-01-14','16:00','C'),
(101,342,348,13,'2024-01-14','19:00','C'),
(102,343,349,13,'2024-01-14','12:00','C'),
(103,344,350,13,'2024-01-14','19:00','C'),
(104,345,351,13,'2024-01-14','16:00','C'),
(337,354,368,13,'2024-01-14','19:00','C'),
(338,355,369,13,'2024-01-14','17:00','C'),
(339,356,362,13,'2024-01-14','17:00','C'),
(340,357,363,13,'2024-01-14','17:00','C'),
(341,358,364,13,'2024-01-14','17:00','C'),
(342,359,365,13,'2024-01-14','16:00','C'),
(343,360,366,13,'2024-01-14','16:00','C'),
(344,361,367,13,'2024-01-14','10:00','C'),
(577,386,400,13,'2024-01-14','19:00','C'),
(578,387,401,13,'2024-01-14','10:00','C'),
(579,388,394,13,'2024-01-14','12:00','C'),
(580,389,395,13,'2024-01-14','16:00','C'),
(581,390,396,13,'2024-01-14','17:00','C'),
(582,391,397,13,'2024-01-14','19:00','C'),
(583,392,398,13,'2024-01-14','10:00','C'),
(584,393,399,13,'2024-01-14','16:00','C'),
(105,346,345,14,'2024-01-21','17:00','C'),
(106,347,338,14,'2024-01-21','17:00','C'),
(107,348,339,14,'2024-01-21','19:00','C'),
(108,349,340,14,'2024-01-21','19:00','C'),
(109,350,341,14,'2024-01-21','17:00','C'),
(110,351,342,14,'2024-01-21','10:00','C'),
(111,352,343,14,'2024-01-21','16:00','C'),
(112,353,344,14,'2024-01-21','19:00','C'),
(345,362,361,14,'2024-01-21','10:00','C'),
(346,363,354,14,'2024-01-21','12:00','C'),
(347,364,355,14,'2024-01-21','19:00','C'),
(348,365,356,14,'2024-01-21','16:00','C'),
(349,366,357,14,'2024-01-21','19:00','C'),
(350,367,358,14,'2024-01-21','16:00','C'),
(351,368,359,14,'2024-01-21','17:00','C'),
(352,369,360,14,'2024-01-21','12:00','C'),
(585,394,393,14,'2024-01-21','17:00','C'),
(586,395,386,14,'2024-01-21','19:00','C'),
(587,396,387,14,'2024-01-21','12:00','C'),
(588,397,388,14,'2024-01-21','10:00','C'),
(589,398,389,14,'2024-01-21','19:00','C'),
(590,399,390,14,'2024-01-21','12:00','C'),
(591,400,391,14,'2024-01-21','19:00','C'),
(592,401,392,14,'2024-01-21','12:00','C'),
(113,338,353,15,'2024-01-28','12:00','C'),
(114,339,346,15,'2024-01-28','17:00','C'),
(115,340,347,15,'2024-01-28','19:00','C'),
(116,341,348,15,'2024-01-28','12:00','C'),
(117,342,349,15,'2024-01-28','17:00','C'),
(118,343,350,15,'2024-01-28','12:00','C'),
(119,344,351,15,'2024-01-28','17:00','C'),
(120,345,352,15,'2024-01-28','10:00','C'),
(353,354,369,15,'2024-01-28','10:00','C'),
(354,355,362,15,'2024-01-28','12:00','C'),
(355,356,363,15,'2024-01-28','10:00','C'),
(356,357,364,15,'2024-01-28','17:00','C'),
(357,358,365,15,'2024-01-28','19:00','C'),
(358,359,366,15,'2024-01-28','19:00','C'),
(359,360,367,15,'2024-01-28','12:00','C'),
(360,361,368,15,'2024-01-28','17:00','C'),
(593,386,401,15,'2024-01-28','19:00','C'),
(594,387,394,15,'2024-01-28','19:00','C'),
(595,388,395,15,'2024-01-28','19:00','C'),
(596,389,396,15,'2024-01-28','16:00','C'),
(597,390,397,15,'2024-01-28','12:00','C'),
(598,391,398,15,'2024-01-28','17:00','C'),
(599,392,399,15,'2024-01-28','12:00','C'),
(600,393,400,15,'2024-01-28','12:00','C'),
(121,346,338,16,'2024-02-04','19:00','C'),
(122,347,339,16,'2024-02-04','19:00','C'),
(123,348,340,16,'2024-02-04','12:00','C'),
(124,349,341,16,'2024-02-04','17:00','C'),
(125,350,342,16,'2024-02-04','10:00','C'),
(126,351,343,16,'2024-02-04','19:00','C'),
(127,352,344,16,'2024-02-04','19:00','C'),
(128,353,345,16,'2024-02-04','17:00','C'),
(361,362,354,16,'2024-02-04','12:00','C'),
(362,363,355,16,'2024-02-04','17:00','C'),
(363,364,356,16,'2024-02-04','17:00','C'),
(364,365,357,16,'2024-02-04','17:00','C'),
(365,366,358,16,'2024-02-04','12:00','C'),
(366,367,359,16,'2024-02-04','12:00','C'),
(367,368,360,16,'2024-02-04','10:00','C'),
(368,369,361,16,'2024-02-04','10:00','C'),
(601,394,386,16,'2024-02-04','12:00','C'),
(602,395,387,16,'2024-02-04','19:00','C'),
(603,396,388,16,'2024-02-04','17:00','C'),
(604,397,389,16,'2024-02-04','12:00','C'),
(605,398,390,16,'2024-02-04','10:00','C'),
(606,399,391,16,'2024-02-04','19:00','C'),
(607,400,392,16,'2024-02-04','17:00','C'),
(608,401,393,16,'2024-02-04','19:00','C'),
(129,339,346,17,'2024-02-11','10:00','C'),
(130,340,347,17,'2024-02-11','10:00','C'),
(131,341,348,17,'2024-02-11','19:00','C'),
(132,342,349,17,'2024-02-11','19:00','C'),
(133,343,350,17,'2024-02-11','12:00','C'),
(134,344,351,17,'2024-02-11','12:00','C'),
(135,345,352,17,'2024-02-11','12:00','C'),
(136,338,353,17,'2024-02-11','10:00','C'),
(369,355,362,17,'2024-02-11','16:00','C'),
(370,356,363,17,'2024-02-11','10:00','C'),
(371,357,364,17,'2024-02-11','19:00','C'),
(372,358,365,17,'2024-02-11','17:00','C'),
(373,359,366,17,'2024-02-11','16:00','C'),
(374,360,367,17,'2024-02-11','12:00','C'),
(375,361,368,17,'2024-02-11','19:00','C'),
(376,354,369,17,'2024-02-11','16:00','C'),
(609,387,394,17,'2024-02-11','17:00','C'),
(610,388,395,17,'2024-02-11','17:00','C'),
(611,389,396,17,'2024-02-11','16:00','C'),
(612,390,397,17,'2024-02-11','17:00','C'),
(613,391,398,17,'2024-02-11','16:00','C'),
(614,392,399,17,'2024-02-11','10:00','C'),
(615,393,400,17,'2024-02-11','12:00','C'),
(616,386,401,17,'2024-02-11','19:00','C'),
(137,347,338,18,'2024-02-18','19:00','C'),
(138,348,339,18,'2024-02-18','17:00','C'),
(139,349,340,18,'2024-02-18','12:00','C'),
(140,350,341,18,'2024-02-18','10:00','C'),
(141,351,342,18,'2024-02-18','19:00','C'),
(142,352,343,18,'2024-02-18','12:00','C'),
(143,353,344,18,'2024-02-18','17:00','C'),
(144,346,345,18,'2024-02-18','12:00','C'),
(377,363,354,18,'2024-02-18','17:00','C'),
(378,364,355,18,'2024-02-18','16:00','C'),
(379,365,356,18,'2024-02-18','10:00','C'),
(380,366,357,18,'2024-02-18','19:00','C'),
(381,367,358,18,'2024-02-18','17:00','C'),
(382,368,359,18,'2024-02-18','17:00','C'),
(383,369,360,18,'2024-02-18','10:00','C'),
(384,362,361,18,'2024-02-18','19:00','C'),
(617,395,386,18,'2024-02-18','12:00','C'),
(618,396,387,18,'2024-02-18','16:00','C'),
(619,397,388,18,'2024-02-18','16:00','C'),
(620,398,389,18,'2024-02-18','12:00','C'),
(621,399,390,18,'2024-02-18','10:00','C'),
(622,400,391,18,'2024-02-18','10:00','C'),
(623,401,392,18,'2024-02-18','17:00','C'),
(624,394,393,18,'2024-02-18','19:00','C'),
(145,340,346,19,'2024-02-25','12:00','C'),
(146,341,347,19,'2024-02-25','12:00','C'),
(147,342,348,19,'2024-02-25','19:00','C'),
(148,343,349,19,'2024-02-25','12:00','C'),
(149,344,350,19,'2024-02-25','17:00','C'),
(150,345,351,19,'2024-02-25','16:00','C'),
(151,338,352,19,'2024-02-25','19:00','C'),
(152,339,353,19,'2024-02-25','17:00','C'),
(385,356,362,19,'2024-02-25','19:00','C'),
(386,357,363,19,'2024-02-25','10:00','C'),
(387,358,364,19,'2024-02-25','10:00','C'),
(388,359,365,19,'2024-02-25','10:00','C'),
(389,360,366,19,'2024-02-25','16:00','C'),
(390,361,367,19,'2024-02-25','12:00','C'),
(391,354,368,19,'2024-02-25','17:00','C'),
(392,355,369,19,'2024-02-25','12:00','C'),
(625,388,394,19,'2024-02-25','12:00','C'),
(626,389,395,19,'2024-02-25','12:00','C'),
(627,390,396,19,'2024-02-25','17:00','C'),
(628,391,397,19,'2024-02-25','17:00','C'),
(629,392,398,19,'2024-02-25','19:00','C'),
(630,393,399,19,'2024-02-25','16:00','C'),
(631,386,400,19,'2024-02-25','19:00','C'),
(632,387,401,19,'2024-02-25','10:00','C'),
(153,348,338,20,'2024-03-03','12:00','C'),
(154,349,339,20,'2024-03-03','19:00','C'),
(155,350,340,20,'2024-03-03','10:00','C'),
(156,351,341,20,'2024-03-03','10:00','C'),
(157,352,342,20,'2024-03-03','16:00','C'),
(158,353,343,20,'2024-03-03','17:00','C'),
(159,346,344,20,'2024-03-03','10:00','C'),
(160,347,345,20,'2024-03-03','12:00','C'),
(393,364,354,20,'2024-03-03','19:00','C'),
(394,365,355,20,'2024-03-03','10:00','C'),
(395,366,356,20,'2024-03-03','12:00','C'),
(396,367,357,20,'2024-03-03','19:00','C'),
(397,368,358,20,'2024-03-03','17:00','C'),
(398,369,359,20,'2024-03-03','12:00','C'),
(399,362,360,20,'2024-03-03','10:00','C'),
(400,363,361,20,'2024-03-03','16:00','C'),
(633,396,386,20,'2024-03-03','10:00','C'),
(634,397,387,20,'2024-03-03','19:00','C'),
(635,398,388,20,'2024-03-03','19:00','C'),
(636,399,389,20,'2024-03-03','12:00','C'),
(637,400,390,20,'2024-03-03','16:00','C'),
(638,401,391,20,'2024-03-03','12:00','C'),
(639,394,392,20,'2024-03-03','16:00','C'),
(640,395,393,20,'2024-03-03','10:00','C'),
(161,341,346,21,'2024-03-10','16:00','C'),
(162,342,347,21,'2024-03-10','19:00','C'),
(163,343,348,21,'2024-03-10','17:00','C'),
(164,344,349,21,'2024-03-10','12:00','C'),
(165,345,350,21,'2024-03-10','16:00','C'),
(166,338,351,21,'2024-03-10','16:00','C'),
(167,339,352,21,'2024-03-10','16:00','C'),
(168,340,353,21,'2024-03-10','12:00','C'),
(401,357,362,21,'2024-03-10','16:00','C'),
(402,358,363,21,'2024-03-10','16:00','C'),
(403,359,364,21,'2024-03-10','12:00','C'),
(404,360,365,21,'2024-03-10','19:00','C'),
(405,361,366,21,'2024-03-10','12:00','C'),
(406,354,367,21,'2024-03-10','16:00','C'),
(407,355,368,21,'2024-03-10','17:00','C'),
(408,356,369,21,'2024-03-10','17:00','C'),
(641,389,394,21,'2024-03-10','12:00','C'),
(642,390,395,21,'2024-03-10','16:00','C'),
(643,391,396,21,'2024-03-10','17:00','C'),
(644,392,397,21,'2024-03-10','17:00','C'),
(645,393,398,21,'2024-03-10','19:00','C'),
(646,386,399,21,'2024-03-10','16:00','C'),
(647,387,400,21,'2024-03-10','12:00','C'),
(648,388,401,21,'2024-03-10','19:00','C'),
(169,349,338,22,'2024-03-17','12:00','C'),
(170,350,339,22,'2024-03-17','17:00','C'),
(171,351,340,22,'2024-03-17','10:00','C'),
(172,352,341,22,'2024-03-17','16:00','C'),
(173,353,342,22,'2024-03-17','17:00','C'),
(174,346,343,22,'2024-03-17','16:00','C'),
(175,347,344,22,'2024-03-17','12:00','C'),
(176,348,345,22,'2024-03-17','10:00','C'),
(409,365,354,22,'2024-03-17','19:00','C'),
(410,366,355,22,'2024-03-17','16:00','C'),
(411,367,356,22,'2024-03-17','10:00','C'),
(412,368,357,22,'2024-03-17','19:00','C'),
(413,369,358,22,'2024-03-17','19:00','C'),
(414,362,359,22,'2024-03-17','16:00','C'),
(415,363,360,22,'2024-03-17','17:00','C'),
(416,364,361,22,'2024-03-17','17:00','C'),
(649,397,386,22,'2024-03-17','16:00','C'),
(650,398,387,22,'2024-03-17','19:00','C'),
(651,399,388,22,'2024-03-17','19:00','C'),
(652,400,389,22,'2024-03-17','19:00','C'),
(653,401,390,22,'2024-03-17','16:00','C'),
(654,394,391,22,'2024-03-17','12:00','C'),
(655,395,392,22,'2024-03-17','10:00','C'),
(656,396,393,22,'2024-03-17','19:00','C'),
(177,342,346,23,'2024-03-24','10:00','C'),
(178,343,347,23,'2024-03-24','10:00','C'),
(179,344,348,23,'2024-03-24','16:00','C'),
(180,345,349,23,'2024-03-24','16:00','C'),
(181,338,350,23,'2024-03-24','16:00','C'),
(182,339,351,23,'2024-03-24','12:00','C'),
(183,340,352,23,'2024-03-24','17:00','C'),
(184,341,353,23,'2024-03-24','17:00','C'),
(417,358,362,23,'2024-03-24','10:00','C'),
(418,359,363,23,'2024-03-24','19:00','C'),
(419,360,364,23,'2024-03-24','12:00','C'),
(420,361,365,23,'2024-03-24','12:00','C'),
(421,354,366,23,'2024-03-24','16:00','C'),
(422,355,367,23,'2024-03-24','12:00','C'),
(423,356,368,23,'2024-03-24','16:00','C'),
(424,357,369,23,'2024-03-24','12:00','C'),
(657,390,394,23,'2024-03-24','16:00','C'),
(658,391,395,23,'2024-03-24','17:00','C'),
(659,392,396,23,'2024-03-24','17:00','C'),
(660,393,397,23,'2024-03-24','17:00','C'),
(661,386,398,23,'2024-03-24','17:00','C'),
(662,387,399,23,'2024-03-24','19:00','C'),
(663,388,400,23,'2024-03-24','16:00','C'),
(664,389,401,23,'2024-03-24','19:00','C'),
(185,350,338,24,'2024-04-07','10:00','C'),
(186,351,339,24,'2024-04-07','16:00','C'),
(187,352,340,24,'2024-04-07','12:00','C'),
(188,353,341,24,'2024-04-07','10:00','C'),
(189,346,342,24,'2024-04-07','19:00','C'),
(190,347,343,24,'2024-04-07','16:00','C'),
(191,348,344,24,'2024-04-07','10:00','C'),
(192,349,345,24,'2024-04-07','19:00','C'),
(425,366,354,24,'2024-04-07','12:00','C'),
(426,367,355,24,'2024-04-07','10:00','C'),
(427,368,356,24,'2024-04-07','10:00','C'),
(428,369,357,24,'2024-04-07','12:00','C'),
(429,362,358,24,'2024-04-07','17:00','C'),
(430,363,359,24,'2024-04-07','10:00','C'),
(431,364,360,24,'2024-04-07','16:00','C'),
(432,365,361,24,'2024-04-07','10:00','C'),
(665,398,386,24,'2024-04-07','17:00','C'),
(666,399,387,24,'2024-04-07','10:00','C'),
(667,400,388,24,'2024-04-07','17:00','C'),
(668,401,389,24,'2024-04-07','16:00','C'),
(669,394,390,24,'2024-04-07','19:00','C'),
(670,395,391,24,'2024-04-07','12:00','C'),
(671,396,392,24,'2024-04-07','16:00','C'),
(672,397,393,24,'2024-04-07','12:00','C'),
(193,343,346,25,'2024-04-14','12:00','C'),
(194,344,347,25,'2024-04-14','19:00','C'),
(195,345,348,25,'2024-04-14','19:00','C'),
(196,338,349,25,'2024-04-14','16:00','C'),
(197,339,350,25,'2024-04-14','19:00','C'),
(198,340,351,25,'2024-04-14','19:00','C'),
(199,341,352,25,'2024-04-14','16:00','C'),
(200,342,353,25,'2024-04-14','12:00','C'),
(433,359,362,25,'2024-04-14','16:00','C'),
(434,360,363,25,'2024-04-14','19:00','C'),
(435,361,364,25,'2024-04-14','12:00','C'),
(436,354,365,25,'2024-04-14','19:00','C'),
(437,355,366,25,'2024-04-14','19:00','C'),
(438,356,367,25,'2024-04-14','19:00','C'),
(439,357,368,25,'2024-04-14','10:00','C'),
(440,358,369,25,'2024-04-14','16:00','C'),
(673,391,394,25,'2024-04-14','12:00','C'),
(674,392,395,25,'2024-04-14','17:00','C'),
(675,393,396,25,'2024-04-14','16:00','C'),
(676,386,397,25,'2024-04-14','17:00','C'),
(677,387,398,25,'2024-04-14','10:00','C'),
(678,388,399,25,'2024-04-14','19:00','C'),
(679,389,400,25,'2024-04-14','12:00','C'),
(680,390,401,25,'2024-04-14','10:00','C'),
(201,351,338,26,'2024-04-21','10:00','C'),
(202,352,339,26,'2024-04-21','19:00','C'),
(203,353,340,26,'2024-04-21','12:00','C'),
(204,346,341,26,'2024-04-21','12:00','C'),
(205,347,342,26,'2024-04-21','16:00','C'),
(206,348,343,26,'2024-04-21','12:00','C'),
(207,349,344,26,'2024-04-21','16:00','C'),
(208,350,345,26,'2024-04-21','19:00','C'),
(441,367,354,26,'2024-04-21','12:00','C'),
(442,368,355,26,'2024-04-21','16:00','C'),
(443,369,356,26,'2024-04-21','17:00','C'),
(444,362,357,26,'2024-04-21','17:00','C'),
(445,363,358,26,'2024-04-21','16:00','C'),
(446,364,359,26,'2024-04-21','10:00','C'),
(447,365,360,26,'2024-04-21','10:00','C'),
(448,366,361,26,'2024-04-21','16:00','C'),
(681,399,386,26,'2024-04-21','17:00','C'),
(682,400,387,26,'2024-04-21','12:00','C'),
(683,401,388,26,'2024-04-21','19:00','C'),
(684,394,389,26,'2024-04-21','10:00','C'),
(685,395,390,26,'2024-04-21','12:00','C'),
(686,396,391,26,'2024-04-21','16:00','C'),
(687,397,392,26,'2024-04-21','12:00','C'),
(688,398,393,26,'2024-04-21','10:00','C'),
(209,344,346,27,'2024-04-28','17:00','C'),
(210,345,347,27,'2024-04-28','16:00','C'),
(211,338,348,27,'2024-04-28','16:00','C'),
(212,339,349,27,'2024-04-28','19:00','C'),
(213,340,350,27,'2024-04-28','10:00','C'),
(214,341,351,27,'2024-04-28','17:00','C'),
(215,342,352,27,'2024-04-28','19:00','C'),
(216,343,353,27,'2024-04-28','19:00','C'),
(449,360,362,27,'2024-04-28','19:00','C'),
(450,361,363,27,'2024-04-28','12:00','C'),
(451,354,364,27,'2024-04-28','19:00','C'),
(452,355,365,27,'2024-04-28','19:00','C'),
(453,356,366,27,'2024-04-28','10:00','C'),
(454,357,367,27,'2024-04-28','12:00','C'),
(455,358,368,27,'2024-04-28','16:00','C'),
(456,359,369,27,'2024-04-28','19:00','C'),
(689,392,394,27,'2024-04-28','10:00','C'),
(690,393,395,27,'2024-04-28','10:00','C'),
(691,386,396,27,'2024-04-28','16:00','C'),
(692,387,397,27,'2024-04-28','12:00','C'),
(693,388,398,27,'2024-04-28','19:00','C'),
(694,389,399,27,'2024-04-28','17:00','C'),
(695,390,400,27,'2024-04-28','17:00','C'),
(696,391,401,27,'2024-04-28','10:00','C'),
(217,352,338,28,'2024-05-05','17:00','C'),
(218,353,339,28,'2024-05-05','19:00','C'),
(219,346,340,28,'2024-05-05','19:00','C'),
(220,347,341,28,'2024-05-05','16:00','C'),
(221,348,342,28,'2024-05-05','17:00','C'),
(222,349,343,28,'2024-05-05','16:00','C'),
(223,350,344,28,'2024-05-05','12:00','C'),
(224,351,345,28,'2024-05-05','17:00','C'),
(457,368,354,28,'2024-05-05','12:00','C'),
(458,369,355,28,'2024-05-05','16:00','C'),
(459,362,356,28,'2024-05-05','17:00','C'),
(460,363,357,28,'2024-05-05','12:00','C'),
(461,364,358,28,'2024-05-05','17:00','C'),
(462,365,359,28,'2024-05-05','16:00','C'),
(463,366,360,28,'2024-05-05','16:00','C'),
(464,367,361,28,'2024-05-05','10:00','C'),
(697,400,386,28,'2024-05-05','17:00','C'),
(698,401,387,28,'2024-05-05','10:00','C'),
(699,394,388,28,'2024-05-05','16:00','C'),
(700,395,389,28,'2024-05-05','17:00','C'),
(701,396,390,28,'2024-05-05','10:00','C'),
(702,397,391,28,'2024-05-05','12:00','C'),
(703,398,392,28,'2024-05-05','12:00','C'),
(704,399,393,28,'2024-05-05','16:00','C'),
(225,345,346,29,'2024-05-12','19:00','C'),
(226,338,347,29,'2024-05-12','19:00','C'),
(227,339,348,29,'2024-05-12','17:00','C'),
(228,340,349,29,'2024-05-12','17:00','C'),
(229,341,350,29,'2024-05-12','10:00','C'),
(230,342,351,29,'2024-05-12','19:00','C'),
(231,343,352,29,'2024-05-12','16:00','C'),
(232,344,353,29,'2024-05-12','10:00','C'),
(465,361,362,29,'2024-05-12','10:00','C'),
(466,354,363,29,'2024-05-12','12:00','C'),
(467,355,364,29,'2024-05-12','12:00','C'),
(468,356,365,29,'2024-05-12','17:00','C'),
(469,357,366,29,'2024-05-12','19:00','C'),
(470,358,367,29,'2024-05-12','12:00','C'),
(471,359,368,29,'2024-05-12','16:00','C'),
(472,360,369,29,'2024-05-12','10:00','C'),
(705,393,394,29,'2024-05-12','12:00','C'),
(706,386,395,29,'2024-05-12','16:00','C'),
(707,387,396,29,'2024-05-12','19:00','C'),
(708,388,397,29,'2024-05-12','17:00','C'),
(709,389,398,29,'2024-05-12','10:00','C'),
(710,390,399,29,'2024-05-12','10:00','C'),
(711,391,400,29,'2024-05-12','12:00','C'),
(712,392,401,29,'2024-05-12','17:00','C'),
(233,353,338,30,'2024-05-19','12:00','C'),
(234,346,339,30,'2024-05-19','12:00','C'),
(235,347,340,30,'2024-05-19','12:00','C'),
(236,348,341,30,'2024-05-19','16:00','C'),
(237,349,342,30,'2024-05-19','16:00','C'),
(238,350,343,30,'2024-05-19','16:00','C'),
(239,351,344,30,'2024-05-19','12:00','C'),
(240,352,345,30,'2024-05-19','12:00','C'),
(473,369,354,30,'2024-05-19','19:00','C'),
(474,362,355,30,'2024-05-19','16:00','C'),
(475,363,356,30,'2024-05-19','12:00','C'),
(476,364,357,30,'2024-05-19','16:00','C'),
(477,365,358,30,'2024-05-19','10:00','C'),
(478,366,359,30,'2024-05-19','19:00','C'),
(479,367,360,30,'2024-05-19','12:00','C'),
(480,368,361,30,'2024-05-19','10:00','C'),
(713,401,386,30,'2024-05-19','10:00','C'),
(714,394,387,30,'2024-05-19','10:00','C'),
(715,395,388,30,'2024-05-19','19:00','C'),
(716,396,389,30,'2024-05-19','16:00','C'),
(717,397,390,30,'2024-05-19','12:00','C'),
(718,398,391,30,'2024-05-19','17:00','C'),
(719,399,392,30,'2024-05-19','17:00','C'),
(720,400,393,30,'2024-05-19','12:00','C');

INSERT INTO `Convocat` (`id_partit`,`id_jugador`,`titular`)
VALUES
(1,1,1),
(1,2,1),
(1,3,1),
(1,4,1),
(1,5,1),
(1,6,1),
(1,7,1),
(1,8,1),
(1,9,1),
(1,10,1),
(1,11,1),
(1,12,0),
(1,13,0),
(2,16,1),
(2,17,1),
(2,18,1),
(2,19,1),
(2,20,1),
(2,21,1),
(2,22,1),
(2,23,1),
(2,24,1),
(2,25,1),
(2,26,0),
(2,27,1),
(2,28,0),
(2,136,1),
(2,137,1),
(2,138,1),
(2,139,1),
(2,140,1),
(2,141,1),
(2,142,1),
(2,143,1),
(2,144,1),
(2,145,1),
(2,146,0),
(2,147,1),
(2,148,0),
(3,31,0),
(3,32,1),
(3,33,1),
(3,34,1),
(3,35,1),
(3,36,1),
(3,37,1),
(3,38,1),
(3,39,1),
(3,40,1),
(3,41,1),
(3,42,0),
(3,43,1),
(3,151,1),
(3,152,1),
(3,153,1),
(3,154,1),
(3,155,0),
(3,156,1),
(3,157,1),
(3,158,1),
(3,159,1),
(3,160,1),
(3,161,0),
(3,162,1),
(3,163,1),
(4,46,0),
(4,47,1),
(4,48,1),
(4,49,1),
(4,50,0),
(4,51,1),
(4,52,1),
(4,53,1),
(4,54,1),
(4,55,1),
(4,56,1),
(4,57,1),
(4,58,1),
(4,166,1),
(4,167,1),
(4,168,1),
(4,169,1),
(4,170,1),
(4,171,1),
(4,172,1),
(4,173,1),
(4,174,0),
(4,175,1),
(4,176,0),
(4,177,1),
(4,178,1),
(5,61,0),
(5,62,1),
(5,63,1),
(5,64,1),
(5,65,1),
(5,66,0),
(5,67,1),
(5,68,1),
(5,69,1),
(5,70,1),
(5,71,1),
(5,72,1),
(5,73,1),
(5,181,1),
(5,182,1),
(5,183,1),
(5,184,1),
(5,185,1),
(5,186,1),
(5,187,1),
(5,188,1),
(5,189,0),
(5,190,0),
(5,191,1),
(5,192,1),
(5,193,1),
(6,76,1),
(6,77,1),
(6,78,1),
(6,79,1),
(6,80,1),
(6,81,0),
(6,82,1),
(6,83,1),
(6,84,1),
(6,85,1),
(6,86,1),
(6,87,1),
(6,88,0),
(6,196,1),
(6,197,1),
(6,198,1),
(6,199,1),
(6,200,1),
(6,201,1),
(6,202,1),
(6,203,0),
(6,204,1),
(6,205,1),
(6,206,0),
(6,207,1),
(6,208,1),
(7,91,1),
(7,92,1),
(7,93,1),
(7,94,1),
(7,95,1),
(7,96,1),
(7,97,1),
(7,98,1),
(7,99,1),
(7,100,1),
(7,101,0),
(7,102,0),
(7,103,1),
(7,211,1),
(7,212,1),
(7,213,1),
(7,214,1),
(7,215,1),
(7,216,1),
(7,217,1),
(7,218,0),
(7,219,0),
(7,220,1),
(7,221,1),
(7,222,1),
(7,223,1),
(8,106,1),
(8,107,1),
(8,108,1),
(8,109,1),
(8,110,1),
(8,111,1),
(8,112,0),
(8,113,1),
(8,114,1),
(8,115,1),
(8,116,1),
(8,117,1),
(8,118,0),
(8,226,0),
(8,227,1),
(8,228,1),
(8,229,1),
(8,230,0),
(8,231,1),
(8,232,1),
(8,233,1),
(8,234,1),
(8,235,1),
(8,236,1),
(8,237,1),
(8,238,1),
(9,16,0),
(9,17,1),
(9,18,1),
(9,19,1),
(9,20,1),
(9,21,1),
(9,22,1),
(9,23,1),
(9,24,1),
(9,25,1),
(9,26,0),
(9,27,1),
(9,28,1),
(9,121,1),
(9,122,1),
(9,123,0),
(9,124,1),
(9,125,1),
(9,126,1),
(9,127,1),
(9,128,1),
(9,129,1),
(9,130,1),
(9,131,1),
(9,132,0),
(9,133,1),
(10,31,1),
(10,32,1),
(10,33,1),
(10,34,1),
(10,35,1),
(10,36,1),
(10,37,1),
(10,38,0),
(10,39,0),
(10,40,1),
(10,41,1),
(10,42,1),
(10,43,1),
(10,136,1),
(10,137,1),
(10,138,0),
(10,139,1),
(10,140,1),
(10,141,1),
(10,142,1),
(10,143,1),
(10,144,0),
(10,145,1),
(10,146,1),
(10,147,1),
(10,148,1),
(11,46,1),
(11,47,1),
(11,48,1),
(11,49,1),
(11,50,1),
(11,51,1),
(11,52,1),
(11,53,1),
(11,54,1),
(11,55,0),
(11,56,1),
(11,57,0),
(11,58,1),
(11,151,1),
(11,152,1),
(11,153,0),
(11,154,1),
(11,155,1),
(11,156,1),
(11,157,1),
(11,158,1),
(11,159,0),
(11,160,1),
(11,161,1),
(11,162,1),
(11,163,1),
(12,61,1),
(12,62,1),
(12,63,1),
(12,64,1),
(12,65,1),
(12,66,0),
(12,67,1),
(12,68,1),
(12,69,1),
(12,70,1),
(12,71,0),
(12,72,1),
(12,73,1),
(12,166,0),
(12,167,1),
(12,168,1),
(12,169,1),
(12,170,1),
(12,171,1),
(12,172,1),
(12,173,1),
(12,174,1),
(12,175,1),
(12,176,0),
(12,177,1),
(12,178,1),
(13,76,1),
(13,77,1),
(13,78,1),
(13,79,1),
(13,80,1),
(13,81,1),
(13,82,1),
(13,83,1),
(13,84,0),
(13,85,1),
(13,86,1),
(13,87,0),
(13,88,1),
(13,181,1),
(13,182,1),
(13,183,1),
(13,184,1),
(13,185,1),
(13,186,1),
(13,187,1),
(13,188,1),
(13,189,1),
(13,190,1),
(13,191,0),
(13,192,1),
(13,193,0),
(14,91,1),
(14,92,1),
(14,93,1),
(14,94,1),
(14,95,0),
(14,96,1),
(14,97,1),
(14,98,0),
(14,99,1),
(14,100,1),
(14,101,1),
(14,102,1),
(14,103,1),
(14,196,1),
(14,197,1),
(14,198,1),
(14,199,1),
(14,200,1),
(14,201,0),
(14,202,1),
(14,203,0),
(14,204,1),
(14,205,1),
(14,206,1),
(14,207,1),
(14,208,1),
(15,106,1),
(15,107,1),
(15,108,0),
(15,109,1),
(15,110,1),
(15,111,1),
(15,112,1),
(15,113,1),
(15,114,1),
(15,115,0),
(15,116,1),
(15,117,1),
(15,118,1),
(15,211,1),
(15,212,1),
(15,213,1),
(15,214,1),
(15,215,0),
(15,216,1),
(15,217,1),
(15,218,1),
(15,219,1),
(15,220,1),
(15,221,1),
(15,222,0),
(15,223,1),
(16,1,1),
(16,2,1),
(16,3,0),
(16,4,1),
(16,5,1),
(16,6,1),
(16,7,1),
(16,8,1),
(16,9,1),
(16,10,1),
(16,11,0),
(16,12,1),
(16,13,1),
(16,226,1),
(16,227,1),
(16,228,1),
(16,229,1),
(16,230,1),
(16,231,1),
(16,232,0),
(16,233,1),
(16,234,0),
(16,235,1),
(16,236,1),
(16,237,1),
(16,238,1);

INSERT INTO `Arbitre` (`id_arbitre`,`nom`)
VALUES
(1,'García López, María'),
(2,'Smith, John'),
(3,'Kim, Ji-woo'),
(4,'Rodríguez Martínez, José'),
(5,'Li, Wei'),
(6,'Johnson, Emily'),
(7,'Müller, Lars'),
(8,'Pérez Gómez, Ana'),
(9,'Brown, William'),
(10,'Fernández Sánchez, Lucía'),
(11,'Taylor, Olivia'),
(12,'Ahmed, Ali'),
(13,'Martínez Ruiz, Carlos'),
(14,'O''Connor, Liam'),
(15,'González Herrera, Sofía'),
(16,'Wang, Chen'),
(17,'Wilson, James'),
(18,'López Pérez, Javier'),
(19,'Yamamoto, Sakura'),
(20,'Andersen, Mette'),
(21,'Silva Santos, Beatriz'),
(22,'Patel, Ananya'),
(23,'Hernández Castro, Diego'),
(24,'Rossi, Giovanni'),
(25,'Nguyen, Minh'),
(26,'Torres Díaz, Laura'),
(27,'Robinson, Mia'),
(28,'Kowalski, Piotr'),
(29,'González López, Alicia'),
(30,'Davis, Noah');

INSERT INTO `partit_arbitre` (`id_partit`,`id_arbitre`,`principal`)
VALUES
(1,1,1),
(1,6,0),
(1,26,0),
(2,12,1),
(2,14,0),
(2,21,0),
(3,5,0),
(3,9,0),
(3,29,1),
(4,4,1),
(4,5,0),
(4,29,0),
(5,8,1),
(5,21,0),
(5,30,0),
(6,1,0),
(6,8,1),
(6,10,0),
(7,4,0),
(7,5,1),
(7,22,0),
(8,3,0),
(8,5,1),
(8,20,0),
(9,2,0),
(9,4,1),
(9,14,0),
(10,9,0),
(10,11,0),
(10,28,1),
(11,4,1),
(11,8,0),
(11,16,0),
(12,17,1),
(12,22,0),
(12,21,0),
(13,3,1),
(13,19,0),
(13,25,0),
(14,5,0),
(14,10,1),
(14,27,0),
(15,4,0),
(15,13,1),
(15,18,0),
(16,10,1),
(16,16,0),
(16,19,0),
(241,12,0),
(241,13,1),
(241,29,0),
(242,9,0),
(242,25,1),
(242,30,0),
(243,14,0),
(243,19,0),
(243,20,1),
(244,7,0),
(244,24,0),
(244,25,1),
(245,7,0),
(245,19,0),
(245,26,1),
(246,2,1),
(246,3,0),
(246,11,0),
(247,1,1),
(247,3,0),
(247,25,0),
(248,21,0),
(248,25,0),
(248,28,1),
(249,20,1),
(249,15,0),
(249,24,0),
(250,16,0),
(250,20,0),
(250,21,1),
(251,9,1),
(251,20,0),
(251,25,0),
(252,3,0),
(252,10,1),
(252,11,0),
(253,5,1),
(253,15,0),
(253,29,0),
(254,13,1),
(254,29,0),
(254,30,0),
(255,16,0),
(255,17,1),
(255,26,0),
(256,9,1),
(256,18,0),
(256,24,0),
(481,6,1),
(481,18,0),
(481,28,0),
(482,3,0),
(482,5,0),
(482,26,1),
(483,3,0),
(483,12,1),
(483,20,0),
(484,2,0),
(484,4,1),
(484,7,0),
(485,19,0),
(485,21,1),
(485,23,0),
(486,16,1),
(486,25,0),
(486,27,0),
(487,8,0),
(487,20,1),
(487,23,0),
(488,8,0),
(488,18,1),
(488,26,0),
(489,6,0),
(489,23,1),
(489,2,0),
(490,8,0),
(490,18,0),
(490,28,1),
(491,11,0),
(491,20,1),
(491,25,0),
(492,15,0),
(492,19,1),
(492,21,0),
(493,5,0),
(493,12,0),
(493,26,1),
(494,2,1),
(494,21,0),
(494,24,0),
(495,23,0),
(495,24,1),
(495,26,0),
(496,14,1),
(496,19,0),
(496,30,0);

INSERT INTO `esdeveniment` (`id_partit`,`id_jugador`,`minut`,`tipus`,`jugador_canvi`,`id_esdeveniment`)
VALUES
(2,137,29,'CV',148,1),
(3,43,26,'CV',42,2),
(4,58,45,'CV',50,3),
(5,181,4,'CV',189,4),
(6,80,75,'CV',88,5),
(7,212,83,'CV',218,6),
(8,110,38,'CV',112,7),
(9,18,16,'CV',16,8),
(10,43,11,'CV',38,9),
(11,52,77,'CV',55,10),
(13,81,61,'CV',84,11),
(14,97,1,'CV',95,12),
(15,117,83,'CV',115,13),
(16,231,60,'CV',234,14),
(2,20,70,'G',NULL,15),
(2,18,77,'G',NULL,16),
(3,36,19,'G',NULL,17),
(3,151,48,'G',NULL,18),
(4,47,2,'G',NULL,19),
(4,53,84,'G',NULL,20),
(5,71,85,'G',NULL,21),
(6,85,63,'G',NULL,22),
(6,200,56,'G',NULL,23),
(7,95,34,'G',NULL,24),
(7,92,7,'G',NULL,25),
(8,117,40,'G',NULL,26),
(8,227,87,'G',NULL,27),
(9,122,75,'G',NULL,28),
(10,139,70,'G',NULL,29),
(11,53,37,'G',NULL,30),
(12,63,68,'G',NULL,31),
(12,175,39,'G',NULL,32),
(13,78,84,'G',NULL,33),
(14,91,88,'G',NULL,34),
(14,208,42,'G',NULL,35),
(14,205,84,'G',NULL,36),
(16,236,44,'G',NULL,37),
(1,13,74,'P',NULL,38),
(2,144,64,'P',NULL,39),
(3,154,53,'P',NULL,40),
(5,183,57,'P',NULL,41),
(6,77,22,'P',NULL,42),
(6,76,54,'P',NULL,43),
(7,99,49,'P',NULL,44),
(7,96,35,'P',NULL,45),
(7,94,13,'P',NULL,46),
(8,236,20,'P',NULL,47),
(8,228,62,'P',NULL,48),
(9,128,58,'P',NULL,49),
(10,33,86,'P',NULL,50),
(10,143,30,'P',NULL,51),
(10,142,66,'P',NULL,52),
(11,51,68,'P',NULL,53),
(11,58,13,'P',NULL,54),
(11,49,83,'P',NULL,55),
(11,48,5,'P',NULL,56),
(11,152,31,'P',NULL,57),
(14,100,42,'P',NULL,58),
(14,102,20,'P',NULL,59),
(16,12,66,'P',NULL,60),
(1,2,12,'PP',NULL,61),
(1,11,4,'PP',NULL,62),
(1,10,77,'PP',NULL,63),
(2,16,20,'PP',NULL,64),
(3,39,65,'PP',NULL,65),
(3,163,89,'PP',NULL,66),
(3,156,37,'PP',NULL,67),
(4,48,67,'PP',NULL,68),
(4,57,53,'PP',NULL,69),
(4,178,46,'PP',NULL,70),
(4,175,56,'PP',NULL,71),
(4,166,86,'PP',NULL,72),
(4,167,22,'PP',NULL,73),
(5,69,16,'PP',NULL,74),
(5,182,50,'PP',NULL,75),
(5,193,77,'PP',NULL,76),
(5,187,32,'PP',NULL,77),
(5,192,20,'PP',NULL,78),
(6,86,27,'PP',NULL,79),
(6,204,43,'PP',NULL,80),
(6,207,85,'PP',NULL,81),
(6,208,54,'PP',NULL,82),
(7,100,26,'PP',NULL,83),
(7,222,50,'PP',NULL,84),
(7,211,37,'PP',NULL,85),
(9,27,7,'PP',NULL,86),
(9,28,67,'PP',NULL,87),
(9,126,54,'PP',NULL,88),
(9,127,69,'PP',NULL,89),
(9,124,59,'PP',NULL,90),
(10,34,83,'PP',NULL,91),
(10,41,2,'PP',NULL,92),
(10,136,19,'PP',NULL,93),
(11,155,19,'PP',NULL,94),
(12,67,63,'PP',NULL,95),
(12,170,6,'PP',NULL,96),
(12,168,66,'PP',NULL,97),
(13,85,57,'PP',NULL,98),
(13,79,72,'PP',NULL,99),
(13,184,72,'PP',NULL,100),
(14,99,61,'PP',NULL,101),
(14,92,61,'PP',NULL,102),
(15,217,61,'PP',NULL,103),
(15,213,8,'PP',NULL,104),
(15,218,62,'PP',NULL,105),
(16,5,39,'PP',NULL,106),
(16,226,45,'PP',NULL,107),
(1,5,39,'TG',NULL,108),
(1,10,46,'TG',NULL,109),
(1,8,54,'TG',NULL,110),
(2,27,44,'TG',NULL,111),
(4,56,84,'TG',NULL,112),
(4,55,69,'TG',NULL,113),
(5,70,38,'TG',NULL,114),
(6,79,37,'TG',NULL,115),
(7,220,29,'TG',NULL,116),
(8,107,22,'TG',NULL,117),
(8,111,25,'TG',NULL,118),
(8,233,79,'TG',NULL,119),
(9,23,12,'TG',NULL,120),
(9,24,29,'TG',NULL,121),
(9,130,20,'TG',NULL,122),
(10,40,4,'TG',NULL,123),
(10,35,49,'TG',NULL,124),
(10,141,11,'TG',NULL,125),
(11,158,8,'TG',NULL,126),
(12,64,77,'TG',NULL,127),
(12,171,29,'TG',NULL,128),
(13,86,66,'TG',NULL,129),
(14,206,42,'TG',NULL,130),
(14,200,30,'TG',NULL,131),
(16,7,8,'TG',NULL,132),
(16,8,18,'TG',NULL,133),
(16,2,31,'TG',NULL,134),
(16,229,6,'TG',NULL,135),
(16,233,86,'TG',NULL,136),
(1,8,88,'TV',NULL,137),
(2,139,64,'TV',NULL,138),
(2,140,22,'TV',NULL,139),
(2,145,21,'TV',NULL,140),
(2,138,62,'TV',NULL,141),
(3,34,54,'TV',NULL,142),
(3,40,71,'TV',NULL,143),
(3,153,61,'TV',NULL,144),
(3,162,25,'TV',NULL,145),
(4,169,71,'TV',NULL,146),
(4,172,24,'TV',NULL,147),
(5,65,60,'TV',NULL,148),
(6,87,42,'TV',NULL,149),
(7,97,32,'TV',NULL,150),
(7,216,64,'TV',NULL,151),
(8,106,82,'TV',NULL,152),
(8,109,78,'TV',NULL,153),
(8,235,59,'TV',NULL,154),
(8,237,20,'TV',NULL,155),
(9,22,29,'TV',NULL,156),
(10,145,72,'TV',NULL,157),
(12,178,45,'TV',NULL,158),
(13,77,89,'TV',NULL,159),
(13,181,51,'TV',NULL,160),
(13,183,43,'TV',NULL,161),
(13,190,84,'TV',NULL,162),
(14,94,79,'TV',NULL,163),
(14,101,51,'TV',NULL,164),
(14,204,24,'TV',NULL,165),
(15,112,56,'TV',NULL,166),
(16,4,88,'TV',NULL,167);
